Judul Berita,Kategori,PC1,PC2,PC3,PC4,PC5,PC6,PC7,PC8,PC9,PC10,PC11,PC12,PC13,PC14,PC15,PC16,PC17,PC18,PC19,PC20,PC21,PC22,PC23,PC24,PC25,PC26,PC27,PC28,PC29,PC30,PC31,PC32,PC33,PC34,PC35,PC36,PC37,PC38,PC39,PC40,PC41,PC42,PC43,PC44,PC45,PC46,PC47,PC48,PC49,PC50,PC51,PC52,PC53,PC54,PC55,PC56,PC57,PC58,PC59,PC60,PC61,PC62,PC63,PC64,PC65,PC66,PC67,PC68,PC69,PC70,PC71,PC72,PC73,PC74,PC75,PC76,PC77,PC78,PC79,PC80,PC81,PC82,PC83,PC84,PC85,PC86,PC87,PC88,PC89,PC90,PC91,PC92,PC93,PC94,PC95,PC96,PC97,PC98,PC99,PC100,PC101,PC102,PC103,PC104,PC105,PC106,PC107,PC108,PC109,PC110,PC111,PC112,PC113,PC114,PC115,PC116,PC117,PC118,PC119,PC120,PC121,PC122,PC123,PC124,PC125,PC126,PC127,PC128,PC129,PC130,PC131,PC132,PC133,PC134,PC135,PC136,PC137,PC138,PC139,PC140,PC141,PC142,PC143,PC144,PC145,PC146,PC147,PC148,PC149,PC150,PC151,PC152,PC153,PC154,PC155,PC156,PC157,PC158,PC159,PC160,PC161,PC162,PC163,PC164,PC165,PC166,PC167,PC168,PC169,PC170,PC171,PC172,PC173,PC174,PC175
"Susul Italia, Denmark Juga Di-lockdown Imbas Virus Corona",health,0.18157997182456986,-0.14377530246920134,0.016002439762163267,-0.1398726240536111,-0.1642454406929296,-0.07891832476979574,0.003980234421191148,0.04609224854899943,-0.06463157480225667,0.04678126768461689,0.1152022887206259,-0.04859915707369613,0.20033109383707218,-0.040723258550668454,0.048332043387275626,0.09911308652605863,-0.0075320376117543365,-0.12133364910877115,0.05737805604190247,-0.06565349911874356,0.02319677167198859,0.024338265676230608,-0.13964258036038069,-0.04932476612788247,-0.08287234895499558,-0.018045528326500557,0.10689325163595448,0.08369654234312442,-0.11847592895438555,-0.1419047765486263,-0.0913302211004612,0.045031754037698685,0.08619163482105362,0.012651920045094505,0.04326412600984759,0.019010270802034792,-0.010721545254009672,0.005634777697682552,0.03968335340557299,0.009206210140136561,0.023243352274606558,-0.14568953889239158,-0.04876774324019153,0.05570585025161697,-0.02153694448903896,-0.09181742355299487,0.03977581083620839,0.02091672171793113,-0.0756382865479589,-0.0761518154036589,-0.0965811291134812,-0.011205323473314618,0.0036424781757957055,0.14951212035408815,0.060170546135995866,-0.03264225107342431,-0.04297765069542285,-0.0806635822838742,-0.18321786960787512,0.07716267202398128,-0.05081499054161527,-0.08331978244356612,0.02168156875022689,0.0705045085094278,0.0936262161408228,-0.01373190901548626,0.07573491081358064,-0.0419830595053981,-0.13337057010203782,-0.007924547231083039,-0.10700042022271337,0.0507480212977094,-0.008317919509395989,-0.12993273119853377,0.09118026876557193,0.048102981855925916,0.031074065076015504,-0.03802183427278482,0.15433928033847819,0.04325868032024639,-0.01976982969636429,0.044706216000835984,0.04160237942735257,-0.0768926017233405,-0.004720536048566932,-0.09425411058675348,-0.04273517187893257,0.07603249530288816,-0.009597499061582356,0.049910681265327224,-0.004178586332292551,0.027686912993563035,0.14354707372601158,0.06079627468348054,0.05600264975829672,-0.08386007060065882,-0.036838544161296435,-0.02783635012272112,0.08728459872928754,-0.027891936840990204,0.023769671523244464,-0.024743878449927106,-0.14792360760011994,0.02176488742025317,-0.04152699509494032,0.027599911997988277,-0.009755562755392563,-0.025155256448890384,-0.10860259898595907,-0.02618243247138613,0.153203515186141,0.01612537719243446,-0.08706825045666546,0.047348469331814094,0.06460169204083374,-0.01123956980694929,-0.006590852733383813,0.009468344280666846,-0.042144233805041856,-0.009925444548065163,-0.08182906316700772,0.06732951858409796,0.008403555991949,-0.01009011659468502,0.03217729400078626,-0.026717165413036897,-0.06586175358992029,0.07627269464544958,0.04761827260171403,0.07687591096047026,-0.04077634162787356,-0.056010556101996116,-0.037910254521467145,-0.062325683033690134,-0.027820265917166218,-0.0730749042543936,-0.0010585987360254004,0.02271010022986295,0.016038410015044757,0.03671711331170783,0.0791732685941984,-0.07898652255202321,0.10125026792067869,0.03246750765482739,-0.05006574441262903,0.02862109388157275,-0.023109112681900378,0.04010715593262434,-0.006641624262651769,0.04676807543719023,0.09129160293121744,-0.0681787113484206,-0.0635300728192294,-0.042323528555009156,0.05841572142999082,0.03661119146718815,0.134472366642288,0.007880485341392334,0.11623072038665277,0.12972717932706998,0.006231918899014557,0.06032731032373616,0.001851526835782147,0.1325095529994873,-0.055434019366959054,0.029426771481620647,0.08011530665957105,0.0004859385759572751,-0.006319772331951074,0.004574457024505148,0.009167162722951056,-0.016188327666742358,0.009264972669883065,0.008265337018281705,0.033747724132201805
Mungkinkah Virus Corona Aktif Lagi Setelah Pasien Dinyatakan Sembuh?,health,0.419945370748959,-0.04668701445167581,0.20763321947720634,0.17955528105409474,0.14724860599212683,-0.07252395965856641,0.18205355155142375,0.018448347880205017,0.10032224672828281,-0.04906413325311988,-0.008950322643571115,-0.07503263430738835,0.06503091656978238,0.025283687506227656,-0.13234801267946567,-0.09265285970193532,-0.058683205760292505,0.04702175529471321,-0.05904768250188692,0.05725747556137602,-0.0054816332715045026,0.08678799297658757,0.031102679931966783,-0.11245710056631668,-0.002100375952237575,0.01767225031821548,0.06748473842332756,0.011728895568938063,-0.008442935274490266,-0.05711968789058258,0.014885766230148458,0.04096216572874504,-0.07031654535612261,0.023111793432647087,-0.025625314937737464,0.12951118126933117,0.04217016068806591,0.026291833070296523,-0.018611380851457728,0.03537635772905457,-0.03430965133643391,-0.016243702096325127,0.0601573624716329,0.0833638358535725,-0.017843773086192578,0.005824710504706178,0.013116717118874301,0.010776282455443226,0.08779023961966408,0.03439716601069335,0.05132468051064929,0.07058546994584221,0.12276033834744052,0.057140701746981985,-0.09772019157348302,0.03993262683220661,0.0630635512565317,-0.029044820633343734,-0.08014123912153996,-0.057508668438618675,-0.1434248005364115,0.041516560464244644,-0.010353181760813564,0.008147782373712468,0.03352318370290399,-0.04912003150497088,-0.00012792585060554466,0.045910745914097974,0.044480629565238385,-0.04682993108356865,-0.005637650490174453,-0.08396611038690985,0.04837912952605043,0.028871071313283196,0.05457337039747392,-0.04784508706326354,-0.010520873266621628,0.04881443534191334,0.007425216321998858,-0.019459473320343916,-0.008549920786684644,0.0624852602902148,0.08709797723994812,0.04843360788637635,-0.08062946777490021,0.07399623713466014,-0.05557103163802818,-0.04215857679647966,0.009931329450760066,-0.06262628435669511,0.11468642081066294,0.048344812312513766,0.03493623486784842,-0.0663991185396239,0.0020376470965010563,0.02774838392244509,0.04008265099908331,0.06837144648278914,0.1574671366651515,0.012891667865893765,0.06990419387008427,0.06416972380695697,0.006710650682446739,0.01929367778999457,0.03197462709809406,0.055845647065434885,-0.05162645392200577,-0.0383859568453558,-0.0518091672633332,-0.02352863491379659,0.033795381746207935,-0.018572879312433312,-0.07934138780012395,-0.004456045555442849,0.019329382189619423,0.030506286939787547,0.02296855288294085,-0.016629730584039402,0.06417868179706054,0.015233520871010478,0.06966785011716375,0.05162373418874726,0.0447133681949274,-0.008665450055607066,0.031649147276702,-0.023436061339532105,0.057131050088938554,0.02202852501726049,-0.02073209076255525,-0.03250310416886179,-0.0066351201019734475,0.009267646685694783,0.07062605187929619,-0.06718014174167765,-0.05883773301482158,0.09341360095301444,-0.04975379700500284,0.08203869459773898,-0.0025787658866379503,0.1040403689873928,-0.1004829801297196,-0.0351973762947696,0.021736321080416773,-0.01479947265109877,0.04175073353269185,-0.011122073317878196,-0.010522385160512699,-0.07657036577495284,0.008892567957998025,0.06740856638440551,0.0012206118433440132,-0.02739460518304893,0.008809922800563776,0.02868592479396039,-0.005780466716188191,-0.049931374924747036,0.023654697164409353,0.00017680933552847306,0.06854670891785876,-0.026053300957649104,0.04013033166701346,-0.027598874842183888,-0.009909601033785142,0.018171818005492998,-0.01692722052488533,-0.08755452044951305,0.03202796629397111,-0.08091639826625972,-0.0719484539414942,-0.07150377924456645,0.02642769248434288,0.07885596944540964,0.04461378302406959,-0.034464080091097485,-0.10269604412492539
"Sebaran Kasus Corona RI 9 Juni, 11.414 Sembuh dan 1.923 Meninggal",health,0.35528894692595797,0.26714057357678606,-0.08157122451421382,0.22129092766758954,-0.010260357197966908,0.07413095875047415,-0.06754012175224768,-0.11880529658184959,0.01805542681688804,0.257378166071122,-0.12229308701671336,-0.008082961445482376,0.19103013581939696,-0.11230550421510245,0.07195925440159857,0.018695068130702142,0.09560102918725244,-0.026448559014570994,-0.11915372457531974,0.1799041243968716,0.07246502130278801,0.16691585563023031,0.04895661087898042,0.03907496336915946,0.11598623657446164,-0.002212441589009752,-0.002515823192724396,-0.08872796203495441,-0.04185642422061552,0.09960165802244701,0.12676925764535998,0.01632768113578849,-0.08542224498065532,0.012788538309803857,0.029690367027335702,0.08207001520904457,0.05132602209218694,0.02462474140217922,-0.04201949536562574,0.007461076862762962,0.050835260724762514,-0.0746958887084092,0.04059227319392716,0.0236638975953762,0.0458681091636654,0.03475524340613162,0.005269341691740386,0.014449306657613311,0.009591473073806978,0.004860349211720162,-0.03645654711188025,0.021874706748587047,-0.05313281797638023,-0.035979459901879375,0.08119000439196883,-0.019161311797747892,-0.10016562564534529,-0.02426136518225793,-0.05151245124284957,0.05690958071475241,-0.04370017549432347,-0.00938389703039634,0.08198401622000341,-0.014713028871583425,-0.03640949703624836,0.05565891249856658,0.028427137088798002,0.0320699370552597,0.014817760259859295,0.03516390841702311,0.016368535352716897,0.0957793968638272,-0.047530916114953546,0.04111045371013857,-0.07547662150773406,-0.032788624064569824,-0.012882533820248142,0.008526398952395495,-0.02176813795101898,-0.01190682845815511,-0.005777996438783232,-0.013797255782068576,-0.018605938222055564,0.002215839730707562,0.04423646823638491,-0.023756707938251412,-0.017653527987042363,0.038983463106034455,-0.021829091129628646,0.0928719666134135,-0.08609095194682297,-0.0031965298671070186,-0.00816784599577991,-0.020419068247821366,0.05340869897926307,-0.01453620529767695,0.050566172780227944,0.02881910465685247,-0.0654575887293258,0.024041220230415106,-0.04273251605314089,-0.07460487018817459,0.001925772626148194,-0.0020942191934440993,-0.08402622498800726,0.0023512903179330642,-0.024929214422116895,0.0032721221735915354,0.004745084952246693,0.024305731826406177,0.0079521969436966,-0.017175965658255885,-0.015670815071839775,-0.04827332049926743,-0.010533174812607684,-0.01941597197492806,0.012656535857193934,0.05800112018029757,-0.033002409318151286,0.002080971855128411,0.003163745226248624,-0.03956749950008828,-0.08967751407471261,0.06185103241568911,0.01667526637031762,0.07315860340628513,-0.01412254461364104,-0.014350522603523149,-0.010641613950894739,0.04611375946732017,0.07811987511210941,0.02875367503243538,-0.018675790484607598,0.03624662354001462,0.0302883635505636,-0.06943343865121183,-0.01759688467384011,0.001702481529069843,0.047164266082684154,-0.045859065917445416,0.04502566691867439,0.00978721704953973,0.0257555761217053,-0.07631594364804994,0.020570836339996196,0.04392922485423138,0.0696000407463966,0.011275391335616744,0.04438729829062065,-0.033581647190858786,0.026974127200385722,-0.01802352895251928,-0.028040101419795866,-0.043935133235333206,-0.06445248581004917,-0.007910975080552263,-0.033095634000662094,-0.015808014364492414,0.06971233588590804,-0.05135258701748396,0.00550358830197419,-0.06206244649043185,0.019565474892312442,-0.015964723621356685,-0.026249265482096898,-0.058918535218096674,-0.0021541769873601262,-0.014483564282811109,0.07573702910418852,-0.12173388521320347,0.04678912239538664,0.10939189985223448,0.04738804001428509,-0.002684256421326099,-0.026939049860361212
"Kisah Pasien 03, Buka-bukaan Awal Tertular Virus Corona Sampai Sembuh",health,0.33892186446663386,-0.12494767159015933,0.15952897541359906,0.16693432283714427,0.17013215207018598,-0.0725610702845118,0.0878934406800566,-0.12838905137482862,-0.01621233014213295,-0.14089110976146266,-0.07436214360236425,0.015705108450248167,0.07714365024084557,0.11478051791872886,0.08539673057958813,-0.11962167895018821,-0.07776000973546193,0.021435997654193538,0.10367113912079057,0.04540248102003034,0.1022233275867151,0.0030784218972616704,0.08310159728288558,0.034973978842240586,0.05425840390293453,0.03186450966009914,-0.13736400410733315,-0.05267208030302502,0.04307151149913498,-0.03542272180055485,0.028958113317918706,0.1780784512094627,0.145363192653734,-0.046195488601229816,0.05304644857639674,0.03890899110935802,-0.16453984612817396,0.07224652092218099,-0.0034331902188456938,-0.029163661918459784,-0.07132938756596036,-0.020950606837541495,-0.0628064355223956,0.054612442749462704,-0.12132157370646489,-0.014423760280897265,0.12896318766580692,-0.022156698298148633,-0.040439788857197005,-0.0010324897651443914,0.009103848770852529,-0.09590239558853257,-0.08278183629683979,-0.038304983880903996,-0.073846260730661,0.027637085040358812,-0.10428697278327274,0.033320374774292574,0.020093511099014538,-0.04906584738115049,0.07408293768016226,-0.05114526515118811,-0.09177696803670281,0.05408262305049033,-0.03421190857541523,-0.025092756767927986,-0.06684675770651237,-0.0911287520262398,0.015202507349449071,0.06166811922219025,0.00615838027378835,-0.000977628061478938,0.032695409715514025,0.02016785281095871,0.024765623675632193,-0.0432088687213542,-0.04359849789091433,0.028746826267270344,-0.0037443146561350607,0.062375397713687504,-0.02273701265200244,-0.047757333883118265,0.010071878302893396,-0.032005621907924546,-0.0907044921045724,-0.04244267881525351,-0.032431487932256024,-0.0012002606620947994,0.020014943434793656,-0.018075671655999704,-0.07035827319902767,0.007260890193371953,-0.010981206329649816,0.023205774585618403,0.024398423878063114,-0.07852868573406578,-0.005377312150140703,0.002242417651941065,0.04507397961656884,-0.027794154809501755,-0.007830696923450254,0.065230144985475,0.0022423595000762363,-0.02144672527171704,0.0372786694592015,-0.021789257487468308,-0.03264977305233081,-0.004829066228061919,-0.06580505283346541,0.026275698304910694,-0.0017540876822247423,0.010118037957094551,-0.09286775063878747,0.019118040146021878,-0.002196685121480671,0.013285305656477158,-0.03766422618832741,0.016503550902589533,0.04613275886913509,0.048388218921495176,0.06777656745099653,-0.030572541391694553,-0.03943819599647387,0.02048231283452603,-0.01406794622975557,-0.026746279734492395,-0.022825057205092765,0.049692660090085446,0.0071415961228409736,-0.011267894519307766,0.01967828694292533,-0.040575070617289585,0.008172366622139606,-0.00778418592120504,0.03738255985826917,-0.0014614261873777332,-0.011380823705637482,-0.004191846187487416,0.03824799397070967,-0.02492296351301099,0.023541224630585243,0.03176703566019552,0.0218230146300278,-0.06937379986392456,0.018057505978699734,0.04351266493328555,0.06975860546678815,-0.07172912467959885,0.017015617954498023,-0.0026492327343120453,0.04155622111339946,-0.00584641386190544,0.03519929812196477,-0.029094391510563856,-0.015766372288154005,0.0038272940781373574,-0.1434214085592053,0.044726773576978046,0.10751794802995444,0.048032385419727215,0.04538854144948383,-0.044392439862603786,0.11838265268230762,-0.04717933495879078,-0.13405489832784667,-0.08125149315199524,0.020192882153245918,0.034960537795977645,0.03825182546956209,0.0759233192118332,-0.03653384590802452,-0.10124893255401446,-0.0025694980740090584,0.054298659794779554,0.10578144492510495
4 Variasi Seks Ketika Penetrasi Biasa Terasa Menyiksa,health,-0.08079965803757881,-0.029853942823601435,-0.042676886054960006,0.028631269050182543,0.022282692191519984,-0.012546184527929702,-0.02709266556882445,-0.06851227585394852,-0.016757149030779094,-0.017504704110687136,-0.014252355252090355,-0.038652600962782106,-0.007499653389420177,0.029887250113591203,-0.0196929449993483,0.023910684707284635,-0.024379001909813104,-0.06449687746323032,-0.05811143755009567,-0.0026508168627380362,0.023299535952429912,-0.07792504275826612,0.08488687480326426,-0.009336901341326167,-0.02674420210778109,-0.015717381137960784,0.038715112667031905,0.05951556003539093,-0.01759440774489961,0.08313788385806521,0.07533650486581063,0.016076294924037473,0.042571136463337086,0.0590710822319565,-0.12223431802132821,0.05283463401184981,0.0268030861949601,0.01665775507171059,-0.037325447626879574,-0.15285270110610172,0.05427325073577875,0.051959050990968265,0.031285291013842684,-0.11974229881930075,-0.0329849882880648,0.04265494970685574,-0.012035298867453859,0.08053812117027473,0.056608107564643954,-0.19888392680838562,-0.017387998053566316,-0.06966161803136413,0.041054921208031635,0.19355683708233942,0.06334201890895538,-0.19253836171879027,0.009332102378347678,-0.14558520368231656,0.002637159269501741,-0.0027318980487285615,-0.09408921846732443,-0.15746672429615052,-0.08577562239255361,0.22361257083130778,0.01524479185227944,-0.023877485660950944,-0.2163301781752693,0.035828002240596304,0.11358064403430282,-0.266964145260773,0.08462650152587654,-0.019581938268136177,-0.028717466058859848,-0.02512194602772199,-0.0758768088592927,-0.27470551029242574,-0.10024074142838557,0.01268405620101892,-0.02776871644787258,-0.10453291042360359,0.07050598466589064,-0.04621462660291083,-0.07941540978000394,0.12131286391313971,-0.012814744075243639,-0.05715086496441561,-0.060566149150526195,-0.04676638818217097,0.004226460989159419,0.08233820938238995,-0.04675300600250506,-0.035597382670774336,0.10265160524433785,-0.1360171400746222,0.0217284855390387,-0.07917805625280372,-0.11526334553794532,0.045042032232539005,-0.1250726556467206,0.07657619610700758,0.01644525531981321,-0.011439688692518553,-0.19207166522132227,-0.12416025126952848,0.046224167732139686,-0.10515194934233259,-0.05616920975566817,-0.08300138657351142,0.029507136145091012,-0.027194729434731547,-0.13778747235051386,0.12114083653677495,-0.010620863021163511,0.06728557191334153,0.08568858815845004,0.07692845136862565,-0.10708821189252399,-0.10386896097599192,0.09027895790571433,-0.01877828612598663,-0.030218317397791586,0.04257306357031059,0.09231973104299927,-0.15468735608035544,0.027033335248617663,0.04500558244137969,-0.030305098289109208,-0.06174285621674714,0.09325340174480191,-0.06019156360502982,0.05239490384438456,-0.02184505800319283,-0.041337723516933926,-0.005672866409633196,-0.00886138339935803,-0.011826291850304045,0.041027819743104876,0.006885096345601737,0.055252320849946884,-0.052163042214957614,-0.013657014477346725,-0.04626666401641555,0.056247417342464606,-0.0493704425001411,-0.014686018740387885,-0.014513450686170966,0.06586310199301819,-0.011395792586835932,-0.019701513872737445,-0.008580214035049985,-0.05239718347822934,0.024583502795562807,-0.02317893233477049,0.03109885372104606,-0.014972464903913468,-0.012340633740417611,0.05716141058559264,0.020913105773223004,-0.028713640974275277,-0.010261112469728694,-0.004055186909000188,-0.005806126036946048,0.010798138969745127,0.0053467260228322365,-0.025977715183556807,-0.0243420196399111,0.003822862828275859,-0.0252860258710925,0.007799753435908371,-0.010626688554866448,0.01748318295027474,0.011703481441843994,-0.011754099227104211,0.01731425277167206,0.019115946494218914
Ibu dan Anak Berhasil Melarikan Diri dari Pusat Wabah Virus Corona,health,0.10831556148925417,-0.03703066622230406,0.011881882247089644,-0.10833155535988911,-0.1212476192902644,0.04933599972595995,0.01735159517581232,0.011375379483648395,-0.016012222676912505,-0.11002992511974105,0.20912605033860007,-0.03766505967798203,0.013923128005555884,0.030086382443082767,-0.12985288002237663,-0.0411532583018641,-0.06978176895814583,0.10520339528782206,0.11699292137639386,0.17713194536407506,-0.0815141929932574,-0.05819538862654575,0.020266828088799597,0.10839947980717621,0.031169505172133204,0.016834696671718705,0.09486883552178065,-0.22343298145035417,-0.0175547241088881,-0.01808039628470761,0.07652176088684218,-0.0937218345247527,-0.02188227557534131,-0.0062938772345196075,-0.07315415130348446,-0.03490395165109325,0.17038703069681382,-0.09449758023690301,0.11834504120655913,0.03578286292940385,-0.08736428982602154,-0.08226154697578981,-0.04640453013938733,0.01735470102534518,-0.04902226075683337,0.06106333377525114,0.06406350382807559,0.12313293003920288,0.02251715249186427,-0.039304046495536114,-0.015575572172863705,-0.05554767221780136,-0.196602534242531,-0.014721053698537599,0.027866740059799954,-0.09737720607700066,0.03651320379628613,0.05260770420176658,0.0475387890779393,0.06337305542910397,0.06952026691710736,-0.19474334767643994,0.1490031967190889,-0.02430510246695565,-0.03849995648391494,-0.04600768846955351,-0.04917797766048713,0.04729770713011616,-0.07107003649399866,0.05668615629796764,0.14161791563229337,-0.03082189709164453,0.06639811824855713,-0.09229294735253019,0.026892619071528564,0.06191611785627796,-0.03435382655860684,0.08931064601147237,-0.04421563956926191,0.010516247461560857,-0.05271085116437806,-0.10286897041178418,0.08963188771110868,0.09814651759933861,-0.03502023410615227,0.026874971082432333,-0.07490155029668842,0.04662514459261613,0.0024286934872618077,0.1258411613846353,-0.01145213476234273,0.1574927810550662,0.02088231712962031,-0.007832654984709832,-0.07452026972529634,-0.04958632942287265,0.04092647812725305,-0.05157493630177962,0.06348589619993755,0.091075307263845,0.04965895372638769,0.055483843457114074,0.015719668551316176,-0.02913744567086667,0.060752994559494455,0.02381807817180814,-0.09799595326546458,0.0567134814907901,-0.051349377591145925,0.06443791441007196,0.0585702645031717,0.023933747602335187,-0.0480326229444334,-0.05479421296526402,-0.04245560290070981,0.022789288971986656,0.04590535007746196,0.03401721315838092,0.04734136303828041,0.10648722087681277,-0.019737992662440185,0.04317299133027444,0.03530688026883251,-0.04254573566448706,-0.018494746233224908,-0.04831539908039268,0.035158914390450324,-0.051294033035492154,0.018794363616486065,0.04133458573553758,-0.02548999865409052,0.07262886620123464,0.0025280594344266084,-0.06559623889955875,-0.007831308870658124,-0.0281985766899385,0.0750917445173824,-0.06548979039414897,0.0542646759909396,0.03338184027223233,-0.01541435071816129,-0.040769491939419825,-0.08070488993579282,-0.019800287815889165,-0.005773163218735924,-0.1230618695120331,0.014756253639424479,-0.020836932997926997,0.1245684687450838,-0.03508671132909469,-0.06841057867507536,-0.03609953359622517,-0.007760253575883016,0.0288979060212137,0.05257518077411466,0.007289975609524504,0.06437392900641571,-0.0750250661224655,0.07910313663249774,-0.04156930696882225,-0.061168857222744295,-0.09101981364736073,-0.012638637350285812,-0.10854688908684271,0.014364756873675314,0.07684415693470723,-0.008175369891161008,-0.05973123383367128,-0.07473505680881756,-0.08870347776648851,-0.05937231918137648,-0.0650280147309784,0.018770805479705117,0.010140053791286102,-0.11199088280241686
Pria Ini Bikin Sendiri Hazmat 'Anti Corona' dari Kantong Plastik Sampah,health,0.0018739013810394442,-0.04387234986511444,-0.07873169711262912,0.00030504910331825765,-0.007157031653636679,0.04524894531485365,-0.03830241296202814,-0.054401849011380184,0.008941416851159553,0.0008494145829986804,-0.00020772595912500025,-0.09475557079530178,-0.028509443377648644,-0.033986932513635756,0.024170463614792127,0.09293596058148694,0.052857978821043226,0.006408500786318488,0.061755347283447795,-0.00864260770392395,-0.037727942847232215,0.02593131841030935,-0.04044263807175859,-0.08453765905197512,0.037443011464970005,-0.031826784009411455,0.006743651522419565,-0.04523223041642968,0.11538580152124323,-0.08097936016368902,-0.0159201271641685,0.030817472729804233,-0.033192467010201086,0.1670680827698187,0.10215103867720697,0.03935493925926089,-0.02407071899191517,-0.06094248632129849,0.12048255170371185,0.05833067293939637,-0.2350488623283795,0.15326979098129637,0.014786118303905482,-0.060957618227221975,0.13842965507370922,0.1474749693777792,0.1184911378973956,0.012239765622406472,-0.03658153402082316,0.030991079810601684,0.2521948576489784,0.07593606269510188,-0.02205429370753917,0.025118120970792353,-0.04184704744830527,-0.01594364482390547,-0.06996598294387664,-0.09424032015142113,-0.06481639240880878,-0.07305931857232599,0.059457656448091575,0.05084999684390243,0.024072577564950695,0.059560396287958325,-0.052719020463418066,-0.005815707793472038,-0.025901014576681994,0.07794673583010725,0.012247127991578186,-0.01433659495146056,0.13437909375337587,0.059166726335165294,-0.08825757810192994,-0.037037930385873205,0.044267876926252114,-0.02552691249611356,0.039425303877335734,-0.07180788433652185,0.11942683447535804,0.03660517307614766,-0.04575443159158431,0.18572049380251457,-0.149218191076009,0.04447383460573331,0.0827130068911964,0.12631572418340092,0.15959896094312712,0.16651444895549283,0.15263939574575874,0.15606398189230192,0.08160229604075639,-0.11805036791488695,0.09669382064416156,-0.17307325759639608,0.014204010226588884,-0.09793948121052905,-0.04040014582312852,-0.10233749334327688,0.014204605846946583,-0.14319442241431832,0.0891597578546877,0.04624625460897142,0.02612651434401707,-0.004729834873476951,0.12531370982276835,-0.07206796951331627,-0.03568038749119917,0.11823251215090658,-0.07897249781868157,-0.04310252378576586,-0.018148063237534675,0.062187457313089,-0.10766593926803855,-0.01561365531690347,-0.08591845292523333,0.01032746410012097,0.042641030229904155,0.10528116382329424,-0.06133598515253123,-0.12205701157117141,0.03636672791194736,-0.11908181555379832,0.028429778063371818,-0.01226098206097843,0.045212932300583764,-0.062321679176414596,-0.12305364537063992,0.06500571345797915,-0.01904730102673357,-0.06470678583606562,-0.06714476584357469,0.013555807310205741,0.027606808196050363,0.005906495845698019,0.049021854768721444,0.05662712972851654,0.07134797472555514,-0.02189352561739681,-0.026771115756891336,-0.00029808606511562327,0.07369750991186262,0.018221474708545002,0.05120802092985847,-0.007608134705103497,-0.005168810006299612,0.07203060042653768,0.050974147475371455,-0.028616744649342916,-0.09347702701940912,-0.07064574333963296,0.006564159899065077,-0.05141763370188042,0.03989155615890747,0.03281241525261142,-0.0725450073909749,-0.033781368941554056,-0.030839372068439192,-0.055387850487172416,0.06243830202001624,-0.06433193798105884,-0.040641221736693475,-0.020014390458922914,0.0024891042702647995,0.023233781908529642,0.036477846805749996,0.04558379048447876,-0.0028791622884788005,-0.052331437783516004,-0.04752501954649066,0.008482714072402898,-0.008308685821446475,0.010990168979546681,-0.028030116952324755,-0.017630820376231992,-0.03377296024697384
Berapa Lama Virus Corona Bertahan di Dalam Tubuh?,health,0.17947194367932404,-0.030517399701126612,-0.0035910508156331723,-0.21362209054534173,-0.20947303683231847,-0.03966762171674992,-0.03813270492340364,0.04388379736801905,0.1433720848602961,-0.16173857691767088,0.08443839571230868,0.06775922806123945,-0.0800774194708782,0.10580480002790095,0.017454208113611435,-0.014971008129300396,0.05955487151277149,0.03731873734417863,-0.04038108378145087,-0.13530591367147182,0.08509095039040562,0.10761513121807477,0.07353354203520965,-0.08601587888318417,-0.13319985054627817,0.14178198224229338,-0.14793893786593107,0.07734251553497892,0.01666244460506985,0.07171296732848541,0.09640270478460257,0.09667419031766991,-0.019279149888391224,0.09363128381429302,0.09305748589497971,0.07072772696588978,0.1285582002127576,0.02102814481692944,-0.12825862296839682,0.005724920174996627,0.11179988904919007,-0.11155711848990502,0.030678454547957982,0.026732296249884234,0.15773436864445473,0.1406452010155669,0.08154309197314306,-0.05721668769398729,-0.03541080748506561,0.07052127258863909,0.012096669236939696,-0.07667333499385395,-0.019936748059226846,-0.055693109738949524,-0.1522811581852108,0.01410792612749996,-0.005790228109773567,-0.04666631457223817,-0.0157518259871894,-0.030382567547544228,0.026053240623109628,-0.10916572862435232,0.08845993250599263,0.040159437027861636,0.0976276266942538,0.090112850756143,-0.008714835897894681,-0.10611986074660501,-0.0006873619256399861,0.05501046545011005,-0.05965581504337312,-0.1075592651987056,0.05143928591826608,0.004338048833318357,-0.09724750314149554,-0.060298341117313775,0.03437981211702153,-0.00011647005223532012,-0.03158128720218998,-0.00253870143539155,0.01919951489476411,0.12351671541480647,-0.045438422406344055,0.06780825047128405,-0.0434030385968759,-0.027294802443948787,-0.0740739442193676,0.05416126552875221,-0.03310143424445754,0.0058870156149422115,0.021865072436036335,0.04783521957993287,-0.05395100038688798,-0.08060006976228404,0.0451183501328542,-0.007035256398409171,0.09169024855477519,-0.0511204872249959,-0.005577077499262297,0.06441686183581774,0.012069905678436176,-0.033055610823629906,0.03362840489743128,0.008733696199032717,-0.013550761753906404,-0.04636159089629876,-0.0018322891805982603,-0.03041722653090534,-0.04593596812363953,0.01780670444184969,0.005265630964461731,0.0220876533100451,0.03543778458567744,-0.008015973595023602,-0.02483062567672699,-0.049237637257071004,-0.007290703051485425,-0.015511757626033885,-0.027021484905057843,0.06464717039902806,-0.03576765372926989,-0.06174559009605384,0.09375191134303353,0.011475264131401514,0.08112702391524272,-0.020266907277574863,-0.04667554670680312,-0.034864659268109346,0.0026509340071062468,-0.05556606979969013,-0.058166338816199085,-0.055639643455140705,-0.010147779392769474,-0.07836724898058214,0.06257700255429006,-0.01777573945439676,-0.048455732877475774,-0.07395279133105977,0.07721613574855382,0.06656517816236736,-0.02098477019774009,0.10779030010242785,0.062241067254176434,-0.013778096861061238,-0.004102691858804585,-0.06550863612972975,0.010575468511101605,-0.007333900495709734,0.07570239843214388,0.018841715766817167,0.0005526026815113358,-0.0065987913978251935,0.028385208695797855,-0.05753132662539552,0.029244669939048586,-0.07542168865257534,0.05449454369817464,-0.021853405564809875,0.04429780885308068,0.05552424630533172,-0.09520979944941178,-0.06782267463878715,0.004151880638168429,0.02963352479652919,0.06950923258730889,0.024161981609531438,-0.044874542227235165,0.06733077563624022,-0.037708074624658396,0.011109278908184507,-0.01509415002231407,0.0015427494072663,0.09047029761979235,0.010685432536466014,0.11923158549686261
Plus-Minus dan Hal Penting Lain Soal Masker Kain yang Kini Wajib Dipakai,health,-0.08941303457378452,-0.16856950798277479,-0.06288253630721619,0.07686072950971354,-0.06656211047321478,0.3817414133361433,0.11736518595223096,0.29644245808963676,-0.05169778840423201,-0.030169183884240124,-0.18484656211333686,0.10893802604746398,2.847671481619047e-05,0.017384728712483723,0.07479923365400559,-0.10330536644893416,0.04837641425451434,-0.08107635341409354,-0.07436217692039743,-0.052145256286478384,0.004412220897134275,-0.09808796028212201,0.08639485591307224,-0.03824783649568321,0.14722509660847952,0.030011229742972077,0.10384289372620319,0.08857806082315975,-0.005775893044446158,0.05207553052408637,-0.027146652960750986,-0.056132390894966196,-0.002138287891428701,0.0757095950026668,-0.04507545195007632,0.12051812218911734,-0.053186070093758024,0.06847183081935072,0.004595720814532736,0.04211567355576044,0.04782805039349683,-0.09225380753665184,-0.07794517696586341,0.12231192629183471,-0.0644857949714074,-0.018321200052004306,0.0726319957440484,0.05776477051774673,-0.019884594707608536,0.06743493306171974,0.05694757807476694,0.016611709045583685,0.036503917269705706,-0.10458189955850797,0.03279731782883887,-0.0065279630854498845,0.0035182229891161697,0.08863633633252907,-0.0991222814182847,0.01693545015149628,-0.003554171349616674,0.028271261004049003,0.1026176135968933,0.01654523761233315,-0.06168749586414502,-0.03182855327106835,-0.04720903401493443,-0.006495531168418937,-0.01686230008176377,0.006178590190198305,0.06550244169676289,-0.08620298754891026,0.0886901096495845,0.016856745353836106,-0.006984187654501003,-0.008477469147834739,-0.03452230600744303,-0.016662922712018063,-0.0076087429338431755,0.0006119654951769062,-0.012595183153678064,-0.047637443999617037,-0.08271029472466686,0.025873749089216996,-0.004944238332072563,-0.04998498722253443,-0.039866647115097194,0.046361345009772216,-0.019196632275146917,0.020231136743356713,0.05816538928662375,-0.04171701120082544,0.06509247684744104,0.027476817618524208,-0.1420999726391288,-0.01775133930339159,-0.01659502206037866,-0.03354033364847097,-0.048032944494794366,0.01087282013529237,0.003785523884782379,-0.03584751486076586,-0.04044536000803231,-0.0690061103921761,-0.03490750134699432,0.0033902424596143595,0.08852306932696942,-0.02500587076084421,0.02420314263081662,-0.06415407776715057,-0.05704935008009686,0.0680495954722097,-0.054538602312899614,-0.11777463175587743,-0.0671644874457993,-0.019590459054870862,-0.03484990926067158,0.04029639738444415,-0.041410634220528326,-0.04784558948295289,-0.006660754437741851,-0.017020198262132483,-0.03538176427990947,-0.011470200907462428,0.011545590062896443,-0.018346123713694956,-0.03711096047676995,-0.07270957858840467,-0.03182993908110424,-0.02072233414818481,-0.005486219014258274,-0.022210237250870752,0.07635293019988237,-0.05005449909985068,-0.02689335864994703,-0.10167502528141728,-0.0014819666876539767,0.019044554989272194,-0.1145216930936538,0.006908485028218046,0.006500535911871336,-0.017189011374595175,0.03383170245879618,0.004974249955785573,0.048350415508709846,0.03519070912257064,-0.018913200860044367,0.028945702087354273,0.11474785931671376,-0.0023792460901614354,0.0482023860076031,-0.05819046036253842,-0.01503025496173335,-0.01443295428959606,0.0736660887369472,0.05328550857289577,-0.03147184170359653,0.0799877852252849,-0.0693570698232825,0.0693146709814056,0.14870238790316337,-0.01032304044049536,0.04975492133711277,-0.022842507096328547,0.05906437450773675,-0.018835779304368357,-0.002245499469183164,0.003351387482696283,-0.11011396263620923,-0.022962029006220283,0.07732341749841258,-0.07124161534268153,0.0786099038783743,-0.1295494258471651,-0.07965949802502623
"Viral Tegal Pesta Kembang Api, Berakhirnya PSBB Bukan Berarti Aman Corona",health,0.005647753091962806,-0.04809149060585931,-0.07356763165060903,-0.002746137217797478,-0.006882773776933238,-0.017707755503209334,-0.029335578956063483,-0.04128565342097548,0.033191116983138313,-0.04810278986864202,0.001550681629810897,-0.08089359163851033,-0.0037501836557777626,-0.05624156859946493,0.19021012639376453,-0.020030573507528196,-0.02224819674623169,0.12379761009115954,0.1347008755969719,0.08258263753504304,0.013130521062578619,0.08992490111244099,-0.053444347208674824,-0.13476164184277284,0.11692107647520929,-0.09857382301100073,0.004897373676502101,0.22136261601728258,-0.1324880336901726,-0.014956886476674381,-0.0085192073062666,-0.1577492905747388,-0.021050476453554384,0.03719928630939545,0.050133766345681785,0.009577226064532743,0.07034054217182684,-0.09242414994658675,-0.057497866294121125,-0.09904892084628003,0.018059477392481052,0.03188656271822612,0.021594966092836208,-0.046616861595451156,-0.13088208725490574,0.046721813608486595,-0.13686257241251532,-0.04149113026426361,0.043159414031626916,0.03840609510662158,0.07015868560790058,-0.09737067754995267,-0.024693088397509392,-0.07371066366860708,-0.06324199437140159,0.009581881537874754,0.09253097532186405,-0.06163693646965635,0.11918551902977402,0.045150994662514356,0.043496421601404316,-0.004503868096379765,-0.13371151604117187,0.031329802311985816,0.007504895561478856,0.07159176872400336,0.038969812567874615,-0.01719243971320071,-0.07833099173459523,0.06315517701168653,0.03788107659147063,-0.028294873239520103,-0.09098303786054074,0.026791388643306737,-0.08949987340787527,0.09261093643169356,-0.18631500999872422,0.002163858608010841,-0.08453301312917161,-0.005977124071107949,-0.021513122976548754,0.03179697253469032,0.042828768182271465,0.018687167765749177,0.11607746992545698,-0.04818467047280075,0.00024887598716518094,-0.09477398604964651,-0.0386278066566436,0.013543942649179989,0.08847082700817444,0.09073698095244738,0.07887512371132076,-0.061353073836738214,-0.06386538724071993,-0.025980662413004927,-0.08959955586732861,-0.14462123277854136,0.023002917528231415,-0.04996125169909562,0.006166091783222635,-0.033383769825910396,0.10073990943726334,-0.16084673486428697,0.00923746652634339,0.24838500268961583,-0.008162231244624223,-0.052583541579574615,0.18801615341828173,-0.16860957840547158,-0.014121619160583444,-0.14208833372538351,-0.0676507192229703,0.030903793722033293,-0.014199720133735222,0.11689663569053356,-0.02419125334828308,0.006154576875063967,0.023471481183934953,0.05859732527183859,-0.01585791171700848,-0.008740455340479278,-0.022714516382517314,-0.1288649868062135,0.01234490805431106,0.05656357551903604,-0.13506944362823753,0.1958771151936687,-0.07325815206201199,0.08609414033704513,-0.03179515582420547,0.05280580250088127,0.0015577673654690238,-0.09164322801907324,0.007175991246750837,-0.0775175757842225,-0.0832495971953823,-0.0781288839076584,0.10961969506165,0.07733995537952423,0.034138480180544106,-0.051573416163868804,0.10396294864702733,-0.0008562691048472026,0.08061259324573228,0.08589770019945435,-0.010678656338505075,0.0040042822336136255,0.008494384415602026,0.04075983379408326,-0.019844681197170932,-0.05036729633991413,-0.012029254215882787,-0.015715407011148583,0.030038105101858784,-0.08984484683472052,-0.02553633858391832,-0.003164634469198628,-0.05703031214822789,-0.01910953158166983,-0.00397534363637163,-0.007033728463066563,0.046443563162952686,-0.005096594662911556,0.008977905948507331,-0.0012595955445173915,-0.03162251405045213,-0.00043428339074340317,0.054582039966953134,-0.01687143368033415,-0.004732952600692541,-0.011376248408292128,-0.031182705338388003,0.02195033571766901,-0.01561614709051925
Catat! Ini Bahan-bahan untuk Membuat Hand Sanitizer Menurut WHO,health,-0.0536748495042594,-0.06382432661036329,-0.010881612526357146,0.021984093355034744,-0.03222674935115296,-0.02661438248685796,0.026315423182386093,0.022096220561119404,-0.034790667310416766,0.04252460760977321,0.014066805281480278,0.027451136162809153,0.035973945707073615,0.008788449629386718,0.026433242856795706,0.017416147220738355,0.016862977708069646,-0.02069665350629111,-0.07423679151535871,-0.06719824019986348,-0.0318586491396958,-0.007570343766912018,-0.08411702223186306,0.0799861626909428,0.06364867964544889,-0.12251429768162528,-0.06810936095596824,-0.015802795337627004,0.10954542067001316,0.19337704303080153,-0.024511809897548868,-0.03255423896884601,-0.0337506058594013,-0.02396255149374029,-0.08978515126894032,-0.036016804893860443,-0.00897675932195949,-0.0960854513168806,-0.05360556100089175,-0.03850686156724786,-0.04670331556421744,0.04728328079945668,-0.05446844877343926,-0.06135742053759502,-0.07846222174653013,0.10355890931142435,-0.05383772819777862,-0.008007297820525415,0.12124538528685448,0.05158067857759066,0.010647238463614917,-0.11949543801023635,-0.0465549247453516,-0.04747374865075739,-0.14863715815451936,0.11632293363273395,0.06352623037233708,-0.02649032720410841,-0.11702713165898662,0.013768723901446522,-0.09900370920239326,0.1495353060237283,0.10020899643809154,-0.015536659158280128,0.11096323275078518,-0.20321748294701106,-0.02517129453919078,-0.11458570831257657,-0.09912981446082032,-0.05777804719518157,0.042564292439700314,0.03364361014649483,0.07963650229843336,-0.17423725620546204,-0.06478858748773239,-0.10009440612813243,0.10721220568366159,-0.04056986464971871,-0.06002031101791739,-0.05056218624768736,0.08423783884841153,-0.0026958104657161257,-0.10901978447851868,-0.13798228962461126,-0.08937691189737718,-0.12772995851897528,0.13312636061197808,-0.07882534550196307,0.2889166378146787,0.05684828141916622,-0.20371730373475383,0.3186983375240149,0.10135383190404566,-0.1317852443905846,0.10143453663844586,0.08154932187834286,-0.008721247928473752,0.1162380287544131,0.12261643187871084,-0.053847330333367034,-0.027103083496905725,-0.0008836650962642728,-0.019200230049328044,0.032406461045970676,-0.029333563788113054,0.03363134151927459,0.03763526981068125,0.03198623029052866,0.09266906154378098,0.02295198081086361,0.09176937182571944,-0.019381022658032147,0.06498373692671619,0.0772468254514532,-0.08939235966946628,-0.05946598219003787,0.14079291881755251,-0.05718390399751259,0.04303414433560563,-0.01020879834472526,0.07853074765145483,-0.10720781602896169,-0.016598643232850825,-0.03686209070965857,-0.1087932216650954,0.036905394297739945,0.000519794016308307,0.02240707100959555,-0.06599577451291118,-0.008001337300748318,0.04042482527160351,-0.013604619282101313,0.009815414785458183,-0.03390289905779686,0.012766018231275624,-0.011477011362870753,0.06030638406046624,0.057533144418002335,0.07978291097588852,-0.041577312173060925,0.0030577848331220323,0.010192156436594515,0.032610646265613386,-0.03881045315208331,-0.023155176709419814,-0.015050877199107299,-0.023381260592926056,0.0057003106708718295,-0.004250799911884835,0.004018863016149099,-0.014393355424300881,-0.014419063438871947,0.007794340908730691,0.008444761737480396,0.01712587362175219,0.01513914672270529,0.0002150677854395661,-0.023013232182194553,-0.009900457743726948,0.07622421202706593,0.01584830621503654,-0.001302801806893099,0.014210117992049182,-0.0064750660339242105,0.004095099679457553,0.04407927313742679,0.014642121629821852,-0.01670649777264141,-0.0030630585307010218,-0.02704420817757098,0.002824060982762602,0.0028257249174126853,-0.0076978396663935755,-0.02611282027609387,0.02124963838392042
Duka Cita untuk Para Dokter yang Meninggal Saat Pandemi Virus Corona,health,0.3264603243665895,0.17872338834661455,-0.16279074896506684,-0.16902120879382154,-0.14932334584963503,0.14889155826707812,-0.1389414380738715,-0.035637499331096556,-0.07140545852565089,0.12640072706928593,0.021096808609520838,0.10138851269530542,0.011495001219322395,0.05655331408245851,-0.18697584642203344,0.011469701008562535,0.007732396506395258,0.08467993202991661,0.1913958750408692,-0.05275140751352014,-0.0734229322301506,0.028271079540470895,0.09394132557400471,-0.09339575746304185,-0.010681897005706969,0.09278665355630661,-0.033748919150023746,-0.0022601960502742543,0.10132122230599017,0.029273792682874375,-0.02624110270687977,-0.006691896614851229,0.034351083397626714,-0.09003747079637853,-0.07148749151861952,0.018636208915399226,-0.07333284604056392,0.0927732456453127,0.04793975363183956,-0.06272635575181074,-0.08737074265360378,0.09211826875141418,-0.03439275121689163,0.06658302563605514,-0.12469464478932667,-0.08230130082695769,-0.003427331285639691,0.007696575993865118,0.0366090271996228,-0.007670907348808035,0.005252456720799974,-0.07184713372356412,0.09172858446827879,0.026300314271836774,-0.021129821902006758,0.031156740145688925,0.13871964644214166,0.019068419595491347,0.03060438716922432,0.05554381724799829,-0.023356024341333773,-0.029636132104305733,-0.046245138820686565,0.06580827641543653,0.055353351443708655,-0.012679435414220626,0.06129345891771378,-0.024939277153839916,-0.0096162210973295,-0.059603974245928865,-0.0838645159425187,-0.02900887980892103,0.007040372963793957,0.022248804438193215,0.040428380118816734,-0.03030065705232809,0.04244326919674888,-0.022123888846301766,0.02056543736414937,0.013482991256499316,0.015444780471257772,0.0462957412965126,-0.05431052159985062,0.04213329535302727,0.043292644390628056,0.08173493402302132,0.03517001486685244,-0.016632990526041225,-0.059086732440271524,-0.04351055011351595,0.013139087975047056,0.053042570723550335,0.0036050451694831223,-0.001653708931988242,0.0005948003815845829,-0.011760536780311727,-0.005661303978561091,0.019570439957305046,-0.017094778536810674,-0.028665720232431392,-0.00698518664377904,0.028017770956247152,0.035912731289325976,-0.041986331954955165,-0.016103599348440054,0.023723082236236554,0.12034241203544771,-0.03554603858657865,-0.03667592173383057,0.006889660537158677,-0.0010809335634139735,-0.029048949608908428,0.08415759040512534,0.02596795493351046,0.02858362921648907,0.008073731650806125,0.0269325460878407,0.0358173095200779,0.02861523918498785,-0.023041353675507435,-0.017728758060068954,-0.009746010523574712,-0.04347414063125924,-0.019941181834214974,-0.007987242711339089,0.014034817116990058,0.022747075395854226,-0.011131297949094943,0.06740276879805601,0.019050914227736575,-0.019923994510464484,0.04196856046723705,-0.08760377514802412,0.020218807523196353,0.10569937245687312,-0.07443366892878203,0.008994570697988976,0.04323868018708837,-0.04873732752595132,-0.0006782287661633617,0.04642512513983312,-0.049350305442183384,0.012286366977608867,0.002210121779544586,-0.002894878150910735,-0.040752940075176415,0.061756849577448106,0.0011871443616854706,-0.02982838994823935,0.08580540590460353,0.06563960773722216,-0.06258943277826691,0.054613155969171504,0.09647049166636305,-0.12792597120184576,0.0175264709919298,-0.16073390768550333,0.08418161439058183,0.030058770934448,0.030030683757802865,0.11118246597854652,0.014863824668817204,0.04039111401370619,0.004132155198044173,0.011319310086532081,-0.001290788292227673,-0.09949899127528929,-0.17852720127284655,-0.0852256610188577,0.06570615218785102,-0.08196369920057307,0.05074641213463115,-0.05630195289466518,-0.002667288537100272,-0.04598053512233281
"Minder Punya Mr P Kecil? Faktanya, Pasangan Malah Lebih Terpuaskan",health,-0.09095058369484361,-0.028754120927620388,-0.05936285665955592,0.003763198021569201,0.004303189542553262,-0.008433407609602758,0.00455879845079674,-0.03531472148348848,0.018390759287018634,-0.00104745118737298,-0.0025203696727714177,-0.06313502811146257,-0.009116942590966947,-0.015566869479656735,-0.039863791052486136,-0.03271441036269791,-0.013829939411243101,-0.022248701316609044,-0.11604748307514283,0.0028214195607437153,-0.010857501516848878,0.1197789721209066,0.11441289472067433,-0.011344362792999128,-0.11005220873703803,-0.1474473717999356,-0.11637885996124783,-0.031173642820883352,-0.1284912321082087,-0.041931223931952026,-0.13905343800310316,-0.04731273242912832,-0.15986141483130634,-0.01738703724581362,-0.1555750404405768,-0.08869823462614104,-0.17224009011025646,-0.019168898989023284,0.01926066847085236,-0.004922290184562813,-0.024977849549431885,0.1506554507008826,-0.0178626667954436,0.165775968148717,-0.048147055681117344,-0.03617481962085077,0.07753249783131631,0.022293030528196763,-0.1666818644585276,0.0751768059143248,-0.15983161290020162,0.00816687881252814,-0.20586446755901372,0.06346940182979796,0.015769392556078392,0.11990225837108764,0.04323301322968466,0.01136689601680323,0.037588061222736356,-0.1989627824182831,-0.14443314145578276,-0.11116472819487282,0.08924571940360349,0.14172512812972782,0.031349317643982105,0.17610615974422286,-0.013838752817062627,0.07318152457638524,0.0838662379464466,0.006725915110394486,-0.04040883627514617,-0.06616434214212373,-0.04175549777102817,-0.06198658547587901,-0.1435722171566215,0.12427387324307387,0.033109146871715914,0.07182100435462203,-0.06926092501726315,-0.055592314652429906,0.018610915132927126,-0.011141900542764668,-0.13596066527634035,0.017777293963595377,-0.023578793408365332,0.06179384956521436,0.011290765996371771,-0.010690274983158572,0.07961124159334913,-0.035999513763338035,0.021101143316432577,-0.009590454882675915,-0.06814224439611533,0.003894813437499484,-0.02940157619689782,-0.08018772597957269,-0.0013431807403637532,-0.003076512699757382,0.018117128344831295,-0.09548811755366551,0.041937806101594796,-0.10382048734099211,-0.1259696869521798,0.009373937698507018,0.0011751949104090147,-0.010792083228533606,-0.0446303822668571,-0.09366979236899498,0.14076789531810546,-0.06722926697653775,0.0772405880438211,-0.10512336607016137,-0.20792896319527832,-0.07431442676784819,-0.02387502706610098,-0.1443791916026372,0.14456651162477588,-0.015426621796901898,0.04045802261265555,0.011280229258223346,0.03864701667350423,0.03071349317945027,0.05079891352466754,0.045690116724797135,0.011945727350375215,-0.015209757780601619,0.005551028237206464,-0.0877991414204342,0.10566285720510621,0.06051192199259372,-0.05800201766343025,0.028267781585544983,-0.013839310092141996,0.02443533536950221,0.011056257387663554,0.004964477432471753,0.014793461306315947,-0.09439025917167579,-0.0560199409692932,0.026359159986516834,-0.01051707869622738,-0.0398315807271049,-0.00040709129405797827,-0.024593508842783923,-0.008219059258278111,-0.008082551422901192,0.049296919536416184,-0.02015965505694259,-0.09182986993875294,0.04227658222820792,-0.0012841559187553165,-0.013200698780304072,0.08909234101766027,-0.04214256385042392,-0.004219307468264499,-0.002754171562711681,-0.035050114029592155,0.13030779872594553,-0.006166868470250577,-0.047859350494885496,0.018470504111362727,-0.0034509214182531197,0.03794933397895272,0.006404571003938306,0.021221891608133887,0.11359628731762861,0.021627331050695146,0.04147919435993005,-0.014707068931044632,-0.04733375248470141,0.05089282999064738,-0.01852930144580631,0.06314203620687012,0.02564674723680838,0.06932540699628775
4 Mitos Keperawanan yang Katanya Akan Dilelang Sarah Salsabila,health,-0.08673062466138923,-0.010551874274331165,-0.014155830822024772,0.05287973129447272,-0.03518189134779399,-0.0006593633584475089,0.0026848468135107456,-0.04682103123586521,-0.03808794958764448,0.0018522705548946084,0.0625443244259799,0.019623322484016454,-0.0041217400389154946,-0.012817609063883672,0.013205329911466291,-0.05017066881778132,-0.05057585851260302,-0.020294418094762012,-0.02513233252986855,0.04505479138158056,0.101832276813397,-0.07049262411690617,0.048451533759499385,0.018319015751862223,-0.07940132737547304,-0.01681066343045082,0.11348339255023075,0.06339565723860087,0.045304615261641555,-0.004874760099377701,0.0943507305179676,-0.02690583281247221,0.02277966057141678,0.027727033797292275,-0.1123888111235754,0.07008722670215999,-0.02967739908334007,0.01758898455861439,-0.005792009829523738,-0.11236820655198858,0.04326100357292066,0.1792492169865224,0.03654817722157254,-0.023787502745255738,-0.010348272288446755,0.09198629668513264,0.000896221867229882,0.12015186773087355,0.03798682209466966,0.012399778555374398,0.019508055152473076,0.08650707806589725,0.013033922866520662,0.05418304394506458,-0.04700145034360169,0.1803622175498184,-0.06853583459973518,-0.09896972478303387,0.002688911352844527,-0.008846383350685832,0.1836559596379776,-0.027766297322125467,-0.02413954088232697,-0.06556681159391835,5.255961991431442e-05,-0.05008288827217359,0.2307673278995157,0.10454946903637918,0.04372301843502177,0.16605739828399302,-0.17783388421354596,-0.09902486400107448,-0.02194124914128833,0.020840890188102566,-0.04611916525501328,-0.04507636351880788,0.23021080154464207,-0.023021347681108882,0.008626970530959472,-0.02516678201713557,-0.04573626181164362,-0.1763038651665836,0.0644296292982062,-0.17030963080269337,0.05115554465716906,-0.023188695138857376,-0.0306845856566659,0.3620998688496753,-0.17200892715507543,-0.15866516684877938,-0.11970514966271144,0.11441859800600816,0.048418134702521785,-0.16189201017529245,0.09701894162495243,-0.029321091016138407,-0.0832870615426042,-0.021707990044185242,0.03552978801628104,0.0773026992280613,0.18897781548025566,-0.11389317984483567,0.03968175095873469,-0.03822292750643767,-0.019033824227883862,-0.036724866769376065,0.03707030083051861,-0.029887513447306308,0.05819183261736596,-0.020888861324067306,-0.06484221801116413,0.030265423458933332,-0.06942299586020223,-0.04839293218226412,-0.11850175731020274,0.18772154330591112,-0.009798841941777691,-0.053784425969010626,0.04856587039815045,-0.022110174372632355,0.05222364933429509,0.055298143559567706,0.046474982868605394,-0.06965998776908855,-0.026953522949778017,0.04372189995230979,0.06424833244357402,-0.008618217332149207,0.05064741313847038,-0.01881122637384701,0.061156935121655785,-0.05601336926088294,0.04489043948014868,0.07448117294839565,-0.038189493234902804,0.03075105416392769,0.058050835145437775,-0.021920527362501496,-0.037951565801726095,0.06807273009091286,0.07740393241027899,-0.017007076183644766,-0.007869962983718986,0.005031188370980061,0.010900396699400856,-0.025534044595105183,0.038466967479324043,0.012752173188938233,0.016116212331550032,0.014844459412645073,0.013196828125997118,-0.022876389679789156,-0.03412901211416284,-0.011513916276648616,-0.001792408620415693,0.001947050051962827,-0.024806896519700573,-0.004184283515624175,0.022134256047775608,-0.007446719378088556,0.007320466997982406,0.013957681901516557,0.0015817707104188515,0.007254352668949917,0.01568870262803358,0.010573343926400657,0.012693003305533437,0.023973182889924508,0.025314904904420704,0.010529807363663771,-0.0065173556249985,0.009055694483649337,-0.011477303262762605,0.0004918250897017964,-0.009595415925803217
"Positif Corona Gegara Buka Peti, Begini Pemulasaran Jenazah Sesuai Fatwa MUI",health,0.024696820870949817,-0.07935608364153839,0.01579201099172811,0.049303393758368515,0.06549550594764252,-0.023102780997448044,-0.03156145620657569,-0.08252609208881509,-0.027282338960553928,-0.06973007808864087,-0.04694559892601509,0.05061716748633324,0.018247776904728633,-0.014185697776598224,0.18671468547993453,-0.015040323980579749,-0.01642705030683689,0.11782717476471914,0.12628205901122339,-0.027120411985960706,-0.04211381371809992,-0.029789960444181595,-0.009489711682228098,0.031172545848403045,-0.008494257637717348,0.019369324464567385,-0.1439355555643054,-0.09147879008683867,-0.040268232256937875,-0.0956781533075347,0.0606125998081808,0.013831664533414103,0.0964843712359019,-0.04269591674317952,0.018913012889257574,-0.02188069797387774,-0.1882251907602427,0.1835689389874566,-0.06898769676521871,-0.005415283019908269,-0.07523186194895588,0.024352147051845192,-0.043327341491804984,-0.13818430397673986,0.023371683607012715,0.10120475915636007,0.21003683325735759,0.05528706920367375,-0.03873260503419218,0.11030909569212892,-0.033220823294599,0.012570893116131302,-0.10864572703525992,0.03657330972743152,0.014179360711470608,0.007831477521978322,-0.08502984528625994,0.108586385502155,-0.07123503226539037,0.14348213532231865,0.020320158269428006,0.030241200668647533,-0.08324342546230543,0.10391112961377517,8.406663522513823e-05,-0.05771062430278146,-0.06605668219692679,-0.12244776108696755,0.19148990893199155,0.016903097482143536,0.07516078587546991,-0.05684638613636112,-0.027678119754168257,0.03297505703028599,-0.07266379837980136,-0.06445503159427204,0.03133432190877773,0.01364542712676943,0.09297610605802471,0.011800306770636374,-0.015572851630267016,0.009970071348455872,0.1509176851922287,0.021908887613051032,-0.09348901223228466,0.08325439495214794,-0.07338389249403979,-0.03705031140550778,-0.030083221631186947,0.004045280805649929,-0.06946375848810524,0.11449643632570455,0.09985833739040907,0.11969924545337822,0.06645997060489801,0.062032411797292075,-0.009921510839801237,0.006035946239789463,0.055761341964114544,0.09772081555351796,-0.021307723718496978,0.03492406336750446,-0.048905522521915344,-0.10307129081031664,-0.07760604999709707,0.11951802928595642,-0.00879324191807489,-0.11172877945144462,0.04262840264341641,-0.017062613051933278,0.09472283357659639,-0.112911821280461,0.14292160953004904,-0.21306673389234898,-0.0673658291445593,-0.05194418552638339,-0.04517210615677726,0.10379872251711819,0.07631966156694626,-0.21784316928155692,-0.03391331359269034,0.08763342030491329,0.13045509276513897,0.023865768416691895,0.030847555656814934,0.02440317428730968,-0.09252281590424699,0.011180293795731813,-0.11658132827303733,-0.07120254606045086,-0.0641921305945812,0.09137729682127732,-0.05954404053711716,0.1888937228718587,0.021438604554216083,0.028790087605883558,0.060518343851093254,-0.025824481560873955,-0.023500011691712973,-0.03969582150248208,0.02285972506621419,-0.03721420574877113,0.027253011585031767,0.07196266268760237,-0.005485607593000151,0.04059705766727792,-0.042401281926997915,0.051855709434105966,-0.037247937963521396,-0.0037915009782330845,-0.009462738376667413,-0.008391674954521007,-0.003583625761644225,-0.021475326609668922,0.007397323522503782,-0.0011857258476334579,0.08743073293853779,-0.0139761592688957,-0.025945209225268065,-0.027729343956328478,-0.014830474461016019,-0.03779121284277711,-0.055815142800856955,0.04322441426706274,0.09288410820482033,-0.006356337502228248,-0.028900910829506837,-0.012723630050505088,-0.019511011091510128,-0.03239792105377467,0.021354442729069143,0.01695144676659983,-0.007146154433346158,0.0181834706057247,-0.019721803279525836
Peneliti FTUI Kembangkan Propolis Sebagai Penangkal Corona,health,0.037459669860770886,-0.06849457439197461,-0.05468991539918975,-0.045422200024867916,-0.04581935607198425,-0.0238041510727008,-0.03460241226924328,-0.023224197980886003,-0.010258804267345838,0.0016738876312613583,0.022070451576661366,-0.04319839366554699,0.014204434546574201,-0.05209631937895482,0.09471170413850957,0.0197526748737705,-0.0005467121096101687,0.07746435229233883,0.05336336710632755,0.0569379662602766,-0.0060761926709007935,0.0780782467577304,-0.07021824368273592,-0.07645041981344912,0.06494019740151048,-0.06927235330177943,-0.01529134985309347,0.29668934648204204,-0.16834757607924442,-0.1341685651927418,0.021114489849137438,-0.18489142441463297,0.1400411791039032,0.05132188538999222,0.12504411176823635,0.02594257740053695,0.18463868250875695,-0.1376748794870635,-0.10235563688360716,-0.18329821980324576,-0.19229730004443493,0.10321136937024156,0.1177127829761523,0.010722338814231616,-0.20626395249287457,0.03141885699165032,0.06854223025554092,-0.11076433853268897,0.027799345030616526,-0.12130274290486312,-0.11906848443705392,0.03872610572816554,-0.03645594428357864,-0.1093434523283808,0.03554680217426782,0.05865603287180664,-0.05173862102229227,0.13479907135292893,-0.07537044416771217,-0.03850476554213019,-0.042817868923279406,0.04814103806821776,0.07644753711603719,-0.05519155151424318,-0.07581607669291082,-0.06791420412296229,-0.06575188369273044,0.004973343730608576,0.09681656905011013,-0.012981333922465615,0.01415843096637625,-0.024588351126584144,0.01857898390979017,0.052636812995146755,-0.020242595241345092,-0.0439812985248599,0.04506735337612685,-0.008667585365082659,-0.06833824411364514,-0.02729560371083482,0.008349976509582089,-0.05201766075753935,-0.03186481781070363,0.05160678796493299,-0.04512985373744665,0.08480539139452971,0.03582332518914677,-0.006734448862035277,-0.005613597544326723,-0.03758000384348675,0.013763092894578192,-0.03981332252670024,-0.1266723887974106,0.008079590169698381,0.019471126006284874,0.06994886533867097,0.07567340062974805,0.0435109484795122,-0.07320684412328402,0.022390838346081503,-0.02729312803533756,0.010533895688172005,0.04060014517580136,0.019223580780201064,0.04450654766740693,-0.09451638682261551,0.03689583157534043,0.0344923595185886,0.01862639472627192,0.056546673584841896,-0.12000633907979333,-0.003384888393579513,0.06145507361143544,-0.04372009610640642,-0.045153669103830035,0.00355078371169732,0.028392614363466538,0.044135418681551526,0.04525540166595873,0.05975993970277069,0.08497916807706685,-0.011080045825683409,-0.029467892894592035,-0.04972389217197078,-0.05373230288460083,0.014917000607864557,-0.0673950822323316,0.0025960625865746904,-0.007500758191784857,-0.03512752416870283,-0.0064643615567930865,0.026473389157584324,-0.0077585239620299165,-0.02814458006768296,0.04249869007456881,0.057134346957041636,0.010317237475619051,-0.12534305199115642,0.006795263464866999,0.09865287383242723,-0.03500233120766257,-0.039728600695053795,-0.0027215662678776956,0.01618551622773273,-0.0007176951315248946,-0.01578331174058943,0.040970386785568386,0.08892265151613454,0.0012073100171020612,-0.05239770674722898,0.14225164791650377,0.10668814954805839,0.04030417432159024,-0.06887119878659065,-0.1078099609240847,0.20410067474252716,0.1519327731137818,0.05196218097654521,0.14444961043056984,0.08516246198911623,0.02423285761749187,0.052630725124129474,-0.09119698929774138,-0.004841818299611026,-0.050335176721960036,-0.024179198378897863,0.10329932618917508,-0.06145425314719569,-0.08036830402753485,0.01944372621369646,-0.0067080919114197645,0.03169947139354022,0.01676959547582957,0.00679862627140437,0.038849547112519006
"Disebut Bisa Cegah Penyebaran Virus Corona, Apa Itu Social Distancing?",health,0.23108645433616906,-0.07065495457208078,0.00044539920128968134,-0.008245673998953701,-0.0005748872339026215,0.04133634234586906,0.01624097711080382,-0.03441827794432304,-0.06597957240633787,-0.053194409636210804,-0.026362182145034226,0.015523197962345435,0.05128061538110745,0.027193644446249325,-0.02101758398323465,0.006788611479243962,-0.0062163703736130595,0.037332255070577414,-0.05791785826251679,0.1221912240873937,0.08673194022169181,0.1205163126527154,0.0036394689707139093,0.07237287285160751,0.05211959386631323,-0.01765582019503626,-0.13773630799307177,0.02877288761673517,0.048184399292057895,-0.014369667179031508,-0.05145052976420454,0.1903441053133569,0.06528880593575609,-0.14162526287207267,0.06566141113028938,-0.008932866478872668,0.026465229116263752,0.041200088131645274,0.023211049634897767,0.0680167408138818,0.1140036374640651,-0.030278717699811317,0.08002729566316018,0.012827391279933232,0.05021699194807352,0.14684564682073817,-0.13100069362303954,0.08295808702013366,0.09361481216307331,-0.20960675229257517,-0.011914817791471431,0.1894709700425447,-0.10309934940976669,-0.05565428392207353,0.10157997113927233,0.010037413559546425,-0.030085500099948273,-0.011850948620415273,-0.03282964068405053,0.1378999238518251,-0.08813815075949112,-0.01736162528549433,0.22699726113252822,-0.07477016004382686,-0.029904350766604634,0.1391212497093576,0.14894847555307567,0.15484791452977364,-0.08779897021136324,-0.10967296312498445,0.04117867921537199,-0.060293014813575754,-0.13615750778791627,-0.02552505869733321,-0.04796256105516378,-0.00019154758738854568,-0.008263184192698655,-0.12066334232427776,-0.08878094692445362,-0.1197615061327033,0.11778400449577643,0.062464770859005696,0.03193945777987254,-0.03302297433583968,0.22340782607736148,0.05251675784610672,0.1491308013216964,0.029024916829585735,0.01337800393717571,0.04542722326371377,0.03313560649422164,0.0589902582007338,-0.03817527146501057,-0.023868915854441678,0.009911465732884265,0.0015169436802911459,0.025487307992466977,-0.04258753591736623,-0.08557307478337738,0.07964145606735944,0.02143476620064492,-0.03319894485933317,-0.08485882125647165,-0.06423289840956435,-0.02082514606132171,0.040539424924461304,-0.006844683498152076,-0.04024795458808439,0.04095225494335365,-0.06371310214614012,0.0357423179712343,0.010816703395317595,0.13684557410514028,-0.006953310856875276,-0.018161992823683755,-0.0790654020671313,-0.03203470339405963,0.05361590042069611,0.023947309941736997,-0.05176982094822825,-0.08469596761669614,0.05606458393829864,0.02000368222770448,0.009532581721362874,-0.09656413130346674,-0.0037294018045721847,-0.009499976556852963,-0.03623296037959032,0.017368632313335384,0.003517991267653688,-0.04125983794997306,0.03683384444240279,0.009146100809049753,0.01202903347236729,0.021477638898124148,-0.01377094253466077,-0.020874371542910528,0.04588007348486959,-0.050547731886366985,-0.03594802767750698,0.029005013302758335,0.013851832725155165,0.008379657603492538,-0.0008615802492835501,0.023844369517663784,0.006925724430133467,-0.009400393734612008,0.01249380376530426,0.04447934433711208,-0.05710737619268851,0.009284490456270634,0.052063111034669624,0.0007637385176430357,-0.061642054233403853,0.005985834915744733,0.01974258576143456,0.004054203712657033,-0.0271236681709353,-0.027013391841447455,0.019711080377845743,-0.044320358988205244,0.047580987367858464,0.009170861634142992,-0.024901638527186198,-0.0033366987848026984,0.05859910135919147,-0.015011349286754435,0.036121448783978494,-0.041353461701513716,0.08840506282214572,-0.044126059362301434,-0.04628065178326223,-0.04309133994517413,0.011865164100720839,0.009952348062614615
"Sambut New Normal, Kesehatan Fisik & Mental Sama-sama Penting",health,-0.06389056604363155,-0.10465730149416586,0.06669814418791398,-0.07996027573456661,0.30866176278819407,0.08828112982512264,-0.17498732896116617,-0.039610851230774666,-0.12460602983762979,-0.019104026423599076,0.07336062077121897,0.34880963437470386,0.0634746269874089,0.016526955120019296,-0.03987515972881666,-0.12227690794469122,0.22663249947200312,-0.08484346282194904,0.12714789804537927,-0.10671053476778515,0.2697181295521064,0.014519513177265736,0.11982819049562185,0.09476689714217718,0.10927006934914606,-0.011359531309493756,0.046115721150544985,0.0033891499214969904,-0.11768718993308068,0.07124489961632045,-0.17092000185759595,-0.13032911180228185,-0.12805876802613322,0.11300637993581886,-0.017446554828487112,0.02298703513605339,0.1402509668953497,-0.08435096286097617,0.07429540485145457,0.11320154998265461,-0.08448292065859478,-0.016008097013186902,-0.02078483547156648,0.012014385169069523,0.09098839122659626,-0.04173706853529488,-0.08530482542020751,-0.08712686934487145,-0.04394756452872417,0.007172633757087108,0.018249586406115348,0.03866792073748468,0.014282510514594468,0.022245174851497376,-0.011660389435036536,-0.03154081098162667,0.007571868351951675,-0.01741367085672586,-0.07800476773959214,-0.05871570717117716,-0.07229939475661314,0.05570244575047158,0.012067783798815719,0.0007650891487121174,0.06380651957141356,-0.01591491421799045,-0.011663092824042655,-0.024927019156433625,0.05603568886708427,0.01257810454288603,0.0035074729755255334,0.00010391129551155045,-0.017916620183171948,0.012992416696351206,0.01751544237971293,-0.03741129402030774,0.03366966444402549,0.004486019042524718,-0.04381272546694786,-0.014490878953470947,0.00748652664992818,-0.025966638101350394,0.0387959135580692,-0.015599152840618167,0.03870810832774545,0.06295171601298602,-0.07078560389950211,-0.003749654278071636,-0.08107359509123589,0.03641892170398943,-0.015489002536346932,-0.0012571545355620556,0.0814353848883134,0.0418806863930902,0.03479638660936575,0.012127133778140044,-0.02091792018877248,-0.06361973422893205,-0.011262417019042018,0.024207199125062175,0.007798988476019066,0.029221721748370746,0.02978952816935458,-0.019358439422369922,-0.03918418512869375,-0.0071121830885360355,-0.03214566764706041,-0.05053874782429574,0.035548469220368736,-0.019676140412165463,0.012081530128852963,0.048772957959985624,-0.010441360574809882,-0.0012278772820016374,-0.05211593391956477,0.004498971911385988,-0.026885255996303824,-0.03652266975280469,-0.012565559767760337,-0.0002599431879078878,-0.005695125785264238,0.02655620279420777,-0.05328789976515819,-0.02074599035909426,-0.02087949732599046,0.0029927378302185034,0.005532402506284715,-0.06285098979563437,-0.017964974400269555,-0.014907603892323927,0.005741669206860152,-0.0026847090697430798,0.05219866744035407,-0.009587913071783848,0.00036621541475138995,-0.025727265872953917,0.01681882544242751,-0.04639142435183129,-0.04151335829552843,-0.012918742722949418,0.022238558886036215,0.025686542470870873,0.006541679670240877,0.04216110716611735,-0.035314388085125055,0.03479978431271437,-0.01859743875067825,0.008662144879865758,-0.0201697695556615,0.035755031970515244,-0.05114336275371924,0.012663002555885722,0.025558817768700986,-0.0003174257117158124,-0.05424598552871324,0.04388519391971691,0.055213022916889044,-0.011742197554155087,-0.028190844537369968,0.026434492830158456,-0.0073941327228316325,-0.07145275511550613,0.03006158145014998,-0.010993535113402925,0.03948090481240279,0.007939297281619666,-0.043706631334714356,-0.0056473442888436845,-0.04046869036489545,-0.008569222405900155,0.0451824462948983,-0.021791210423240417,0.010844473411837608,-0.047467782945995164,-0.053659435207223306
"Cuma Sekali Pakai, Begini Nasib Baju Hazmat Setelah Tak Digunakan",health,-0.08842168439648727,-0.07962334938092884,0.07342481252611002,0.0653613939074049,-0.06846339858729193,0.17007446990772665,0.030388839305340132,0.07781438744816854,0.06195098097003292,0.019764280241627442,-0.11907747835384495,0.007742583975561407,0.01046000251342726,-0.06436987559009287,0.07628341640044965,0.11461486126889715,-0.039561509960212245,-0.003783835723508446,0.1026273625461646,-0.0851883730266862,-0.07059083783758645,-0.044504202148045846,0.09413898384108102,0.034542964059916845,-0.002198610272584515,0.006421047863729444,-0.10070725600924896,-0.0691570228152025,-0.004131629229075754,-0.050004435987944205,0.0008892762333578421,0.00689428911076995,-0.022512377155244175,0.06705457983491937,0.05939119619953456,0.08592832551527547,0.03203503429448234,0.12061203563079884,0.05489934132451894,-0.029796553979955922,-0.09887063842795335,0.06155529512515791,0.0024988960220159624,-0.14473069357579327,0.059158224469709836,0.1670574932564152,0.057679875003426744,-0.043153234362419884,-0.08859344334962109,-0.011693892117807666,0.05314328488276761,0.13640181165656937,-0.10533475372294322,-0.006986286917977172,-0.025826500746518526,0.020385661888651572,0.010241540389803256,-0.02297144351952063,0.012468978209351266,0.07884973074972525,-0.13132050941266005,0.04976677112287896,-0.22540277194685615,0.07509323624564031,0.015188349846673957,-0.04321078050022484,-0.01623417382699928,0.10820406071799257,0.13889656617638363,0.012232199732496936,0.08951116684001377,0.04512281659552704,-0.09124385431597244,-0.13655822079749969,0.06306920787531418,0.11659272781523237,0.1546080681848866,0.0018848751459608721,0.09353531036066136,0.01647404769971205,-0.07960672461148624,0.1366029829372214,0.025580959830460652,0.08115566142245086,0.0036715168157894855,0.06688565265399155,0.0808213242771442,0.15942107636914493,0.08838247663435739,0.10793006937270497,0.07580653363786505,0.048759114062562545,0.09212769692740659,-0.00958762337599108,-0.03263749794263259,-0.002215143632245243,0.025284089304196854,-0.0061627697141114724,0.05852727247939719,-0.00656857667010474,-0.02097728016352662,-0.027036200113817077,-0.027848701232047097,0.03774925398924418,-0.11601082391063336,0.035417698743930345,0.06555465034873834,-0.018072706768333602,0.09177375969604427,0.08219975393558031,-0.14549695813001798,-0.11146376875498959,0.12462212493257437,-0.09021764835104773,0.10760111578784302,0.010828677242722188,-0.046279032890036896,-0.1572736440081549,-0.10316899827711944,0.2701354517232245,0.013632172851029856,0.11037250904857678,-0.18263897168808912,-0.00253353530194973,-0.03677981467387961,0.08671660177644669,0.14323145911054075,-0.057539801097617346,0.09953645918535588,0.059774579425766,-0.029477999317291212,-0.04349631806668077,-0.0030169247107072125,-0.07870407666528757,-0.014056965508538183,-0.026009147235427528,-0.033201002151744874,-0.002152217908087935,0.07591863983242847,-0.02607869301341461,-0.04399405354640965,0.008124718056218639,-0.0011350009851601132,-0.043718285109623056,-0.016205029946528678,-0.03851752350449553,-0.03277753888073937,-0.009517956894652239,0.07296613850001361,0.050965870880110765,-0.006153678519548295,0.026695591921985767,-0.0032811381745883085,-0.025545603282056274,0.04741543060095801,0.014866552827283159,-0.0041526742859439945,0.05416345949432191,-0.030161598652570676,0.07030517539846264,0.030084283297881157,-0.013394493196660216,-0.007968052046990576,-0.0038169609214545896,-0.009590625647591453,-0.052678162475693166,0.0029567496725260672,0.05145331559343369,0.02045217580279451,-0.005037023783628094,-0.01524846316182764,-0.0024467939841448664,0.006275997831729137,0.050423851619646444,0.026654619242574052
5 Cara Taklukkan Pasangan Saat Bercinta,health,-0.09202799436239176,-0.08778024302406967,-0.13746865245130704,0.011619079887012242,-0.004626757263719367,0.1336855947969485,-0.04652082796236681,-0.05356353510954941,0.022303901464209925,-0.0739194375860465,-0.031493384946430794,-0.1221083528702664,-0.10573036290384273,-0.07276463812289272,-0.041771853193825155,-0.1275704908055989,-0.08225171693192111,-0.02501016888024916,-0.16695674910311553,0.0030673372254528394,-0.032525492880005176,0.35680263601431855,-0.042043690156229344,0.06586854863827614,-0.017012436672798645,0.09018638574125672,0.03500389951713528,-0.13652704292967965,-0.03269074361293862,-0.07513428818233042,-0.2589510991641336,0.10523460683258827,-0.045045842937501857,0.04614992957636719,-0.0794237574835234,-0.008586331355881861,-0.06940110978221802,-0.07460397632539896,-0.04481583301722701,-0.0208066334346764,-0.05237999167511286,0.18806994373897318,0.08063330534920808,-0.049223443727159075,0.052015891685570685,-0.16409499503611702,-0.0002295734830304751,-0.0031301028912649664,-0.04424376394931196,0.13685019012057817,-0.14158627693930956,-0.01740124675620846,-0.04552488382866141,0.02955083984673378,0.03487833182190757,0.07915285581664477,-0.010229139015137797,0.05190145787452217,-0.058107980178523456,-0.012520673452890681,0.014808804005094923,-0.05501805540666113,-0.11860571146341854,0.16417695259063478,0.0597483576403618,-0.025186994953778387,-0.05289797746929539,0.03375613953447139,-0.07620597691215905,0.04229558798566628,-0.10507120113813026,0.0327982661122063,0.10232376628433004,-0.10423602593435674,-0.05754056258040936,0.022628161830772646,-0.10704346878141334,0.006239695784502487,-0.11318742709341427,-0.060390739211081804,0.10288233236864402,-0.09967386132175846,0.08306486076742554,0.004938977520854924,-0.00231838213736554,0.056015302252765214,-0.01848714357406719,0.05327512795739673,0.03155748824443143,-0.002401951100413555,-0.01463330067716941,-0.013602848553820863,-0.010225337059196987,-0.04668612453793905,0.03539400079534224,-0.049576737764782934,0.046138668248838485,-0.02814858594426278,-0.03623339912302758,0.017630703839145674,-0.033024023123185225,0.014740960617964068,0.004068221740663176,0.08039885413736697,-0.007602559612147326,0.03465367205942522,-0.034710942797645285,-0.030668990288826376,0.016309594527046875,0.0023974023644627133,-0.049919697954479404,0.03430364037533671,0.04627999195075943,-0.002819304758948972,0.013240057395779463,-0.04953582850010159,-0.012545518630836026,0.033986209058265236,-0.002759895048542008,0.012399473151564516,0.028499762598714534,0.05033624959598029,-0.017496410940152394,0.034651909519124585,-0.029978861403523228,0.03476273259294442,0.06487302180120133,0.037154402585389816,0.02354820344480907,-0.047599716405182554,-0.062050924128704756,-0.02232915943367303,0.024695639283006162,-0.045307926148248294,0.039075660032484215,0.019742675512216347,-0.058256061219056327,-0.06314409175586967,-0.014963346354130831,-0.01170399665156656,-0.00914967368499979,0.051032705076159916,0.026903110226025106,-0.029243633322699164,-0.04277220033193217,-0.006338393804598656,-0.0045399073384007746,0.13381224597261956,0.009375071076161636,-0.04624569848338253,-0.034131798128214756,-0.0001219683633865525,-0.15931506424247838,-0.02942438424758277,-0.0331192017579071,-0.0993213523901399,-0.014467609692239163,-0.08341265774349071,0.024389513331328546,0.09685355989813901,-0.05867142088610674,0.02778201144437398,-0.04008799586963612,-0.0053801085869584556,-0.003562553138905541,-0.13490773069687087,-0.04861310231411156,-0.12719017426409385,-0.0005852041969607127,0.03487733533380014,-0.045833382688954684,-0.04585117460219846,-0.1303811755082759,-0.06698855360949568,-0.1130108682329093
"Mal Bakal Buka Lagi, Ini Protokol 'New Normal' untuk Cegah Corona",health,0.05777047721041284,-0.10888537543435944,0.07094475859811294,-0.0064639739556196585,0.27362714286571277,0.09200585268116497,-0.16092699466671662,-0.06947724658789943,-0.11587314550907786,-0.10121044160862669,0.02431443923761095,0.27931218814766157,-0.005285714483400413,0.03301476661600559,0.10805380845580614,-0.05405743897777072,0.07559947682036923,0.05367441423350647,0.05328643838898492,0.04980379151355148,0.09165484917123658,0.15369808966407325,-0.11130089312546272,0.1565194974712313,-0.04382496087271433,-0.11966638394340137,-0.18592937427419218,-0.002511144673303135,0.010192476012749889,-0.0665555112166907,-0.07209999033711766,0.11065394126318095,0.10250581262164327,-0.037442337691763534,0.12613061042788537,-0.015437053340772701,-0.042876780330288376,0.02335854958228171,0.18199918965149353,-0.017471252323421487,0.034815426198351304,-0.08620252805075115,-0.06689380372723591,0.005223310956204313,-0.035877775122535364,0.13961147773874094,-0.039792093265955175,0.14053679229811436,-0.015259676711197157,-0.14687213974317284,0.02691205593999929,-0.009831749526475137,-0.03475299147180634,-0.01411018362509939,0.08606217241040685,0.022941434378816076,-0.047744433772480846,0.0010082868117215092,-0.058360675180865275,-0.03342252183962805,0.10399679504660786,-0.10428872420459594,-0.08129074775450901,0.014261275385907784,0.03250880586972915,0.027775424296969393,-0.007288916049866811,-0.10609347151863592,0.1002065267051959,0.050683219357159505,-0.012497255469063332,-0.01914228965565126,-0.03819566180645627,0.08055513859854835,-0.039527345405495524,-0.10279618489543368,0.029208044412799915,-0.04501140218237639,0.0017310283155935276,-0.021104109358966592,0.07893558377772399,-0.041099711249421085,-0.008138581062037013,-0.02854867924127917,-0.07410583434344158,0.06056091488970279,-0.04615578022859831,-0.03815862515575921,0.0655563602537621,-0.037565825779658744,-0.034790450253150675,-0.03075901381592683,-0.0030347206946633068,-0.00038515963733479555,-0.1083265994107909,-0.0024756733890121097,-0.04266715413014872,-0.0034663542361244477,0.06225062940756502,-0.09511364794769356,-0.011808265760447046,0.07157661120982847,0.07644234879255031,0.05565039961791854,0.04781746767752473,-0.007362836629493564,0.0669532927412929,-0.026745174081959946,-0.046456392757700075,-0.07222836083965614,-0.019662167365797734,0.03357807151388219,-0.05149493127240209,0.040963214586792626,-0.004284759594226299,0.02223827626681219,0.023699094112432526,-0.019537739479904677,-0.011705045252510576,0.03210913084708467,0.00890616166866821,-0.07495405885735683,-0.0055231164865477776,0.04488019569725115,-0.03058055928517006,0.019654689536914398,0.029855798394205355,0.003976116569184734,0.04015983744793246,0.06960763560398556,-0.026156268931925797,0.023157580129639116,0.01641593065532604,-0.06557130068745334,-0.010265286655579041,-0.06064707334682226,0.013762827172426884,0.008428113145977346,0.011807354297936347,0.06439291107308877,-0.07949637980582813,-0.072429736705772,-0.047507573626461984,-0.04809882625530083,-0.0012018673176619802,-0.08422359731094067,0.05272807202863987,-0.017197456441883755,0.07761115795977906,-0.07466252985247523,0.056333394719768656,0.009635644465178062,-0.03166175177009908,0.02551595506043831,0.09078892987894946,-0.06989680224858363,-0.07684423842249764,0.014634962266169881,0.01399552957969945,-0.037734125032248905,0.047409398447669976,0.060818235337984305,-0.010055144171516702,-0.021299222845147684,-0.06008051684082271,0.052030630457295605,0.09288021049157502,0.058812311372989166,0.0007329453317896095,0.06889285563810038,-0.07671362943867858,0.03718640683330062,-0.033129042384262,0.048509933355744224,-0.04882312347177241
4 Alasan Mengapa Seseorang Bisa Terobsesi Pada Seks,health,-0.05813662604486143,-0.1002315286318605,-0.09481720094301702,0.025366796755576685,0.09068201422192328,0.023364902612055337,-0.10197642445906181,-0.2562805504497066,-0.10719978041667041,-0.0960139659084169,-0.08327902535651167,-0.1405786815343804,-0.11858368355585674,0.14814704138516277,-0.08479172511737745,0.19615927861006513,-0.04213602436389571,-0.19434389061975246,-0.1676456777424166,0.010080952124803614,-0.06915805783549533,-0.1261110978507006,0.09926156063424867,-0.06413070716781118,-0.04821911411915067,0.030785762295796507,0.09162754956439458,0.06513109327148174,-0.024412554366782167,0.12994856917906636,0.0825454554995933,0.020254781887116297,-0.0057748020089774576,0.0817809932456391,-0.07918817619264071,0.05854210858228046,0.08777782218009691,0.02672632748878032,-0.007737363508465011,-0.12944044200902224,0.08601234947032327,-0.04816189677038021,0.020603064490640453,-0.12584615211373493,-0.04843861362339504,0.01734404453139275,-0.04834201077691236,0.04687190181949543,0.018597998949286407,-0.159474959477683,-0.06756718919695223,-0.04360418761400568,0.029789789023907894,0.08381624965794952,0.06534284585977707,-0.12214924803325597,0.023796083974537124,-0.07273168735320432,0.003604882855943098,0.042970260032368555,-0.06824872612090138,-0.049617252602579154,-0.031542459242072635,0.09921299517179033,0.04466730582512532,0.0038349994577588096,-0.17058083256411588,-0.043006428369469524,0.0853703970743291,-0.10317753134756548,0.04428891903149551,-0.01695276425737646,0.01120986985005263,0.009330123311444683,0.022188882229839613,-0.0813499226310731,-0.02576460766515739,-0.0358722524169436,-0.008858534073387409,-0.015113763937271537,0.001722405635923143,0.019383791525046684,0.0114639189760658,-0.019150073875086344,0.006559871926363184,0.03259858610412404,0.020857131108529988,0.018171258000157106,-0.059834112110944186,-0.01856265111852936,0.049722818867888444,0.004839459397533774,0.04288889086078484,0.07061427492975335,-0.05457857568356508,0.06108284520925543,-0.019937881603782775,-0.04741493323797734,0.026357948983190778,-0.011442568534846008,0.045714078911881,-0.006853133926583818,0.09562563392666781,-0.014370714099785258,-0.06821548281989,0.03035627074888042,0.045866225321758214,0.013103528823313806,0.002032260948466763,0.032752042435775904,0.17297611069140817,-0.08288816659216129,-0.022306538566604986,-0.0794627437925268,-0.1158945750859734,-0.0474253443302667,0.09228979028202919,0.03597208091535891,-0.03960787822661843,0.04647275154500001,0.09286538540601665,-0.03235048332628626,-0.05481919377108859,0.14636862481949509,-0.026827026308016533,-0.0348630952319544,0.05695588438486296,0.09364263618148244,-0.10433690009477416,0.0719421093736398,-0.04322534456049723,-0.04906643557524732,0.10588194020761274,0.04998621146096634,-0.05980651704972294,0.0023269837504587554,0.024365035786300795,-0.036902256767441875,-0.019004998576569124,0.10499173541504546,0.0943295088221207,0.1053924479414887,-0.09145066981744684,0.08532513488777413,0.013252505640814455,-0.004721123672389596,-0.001021565454345475,0.07397885556283898,-0.001395803324528572,-0.012774615135771416,0.07428423801470962,-0.03892968119288227,0.02576425199250695,0.008886701136350308,0.01964345799778682,0.039868173688526985,-0.14267048215798286,0.03725024006545935,0.06580460368851242,0.03827496495696897,-0.014906375826931616,-0.027572760434362253,0.021543894578015865,-0.05576064623205086,-0.017359710090451886,0.03534602111280752,-0.009341367700307546,0.10988640036032843,-0.03694929729137924,0.050513294179358764,-0.04075762669351163,-0.0026411256977201905,0.006030355784947318,-0.08298317728593287,-0.019323403719491414
"Bertambah Lagi, Dua Dokter Indonesia Meninggal karena Virus Corona",health,0.4412280652710351,0.3951252100661505,-0.12435665269834768,-0.15580909577812904,-0.12067403220218434,0.12001944339532641,-0.18288866101923745,0.05333267969302002,-0.10343359058326101,0.09614501178811402,-0.052840183386911474,0.055406571661773346,-0.036583144740672494,0.058502592532540476,-0.04136607178825941,0.018828883019685484,-0.053257165222495705,0.009360889554792967,0.0456803807344786,-0.12091569739147698,-0.04018436066553539,-0.08723683834377315,0.03783946329937018,-0.011356225786731115,0.011080161922778116,0.0651709523066554,-0.042444941124847424,0.07250351633279672,0.051150150598768956,-0.0235202477656617,-0.10563930184045264,-0.03693091811041732,0.05136292983394249,-0.0730222484669372,-0.09748086766702434,-0.03538496586564834,-0.014896590329119917,0.03241209492895927,0.014784120429938041,-0.009741739422208991,-0.05382798170809676,0.06483035060127179,-0.05465702700101784,-0.0009666197597986303,-0.03338790091021607,-0.06413576942498407,-0.0094965987436963,0.07161898213864637,0.0015378547979980077,0.022833329379492635,-0.028271503373693795,-0.013009735029161995,-0.008805824879599165,-0.005289879863463986,-0.011531781792539265,-0.014087823787484941,-0.0122080487030953,0.04282668518027554,0.017580672084471217,-0.051221733929617756,0.05133600057394817,-0.019628415346326877,-0.08027836522722823,0.08898251511991537,0.06652130739360589,-0.02308001013657398,0.07473996752930505,0.015359846533331032,-0.003144225337258448,-0.11907080485686897,0.005762313002481379,-0.09948946727680329,-0.007106103509453332,0.021850955107156688,0.12743698770044903,0.051680202407935666,0.015809335558314437,-0.04094182007980031,0.015583422117699027,0.01643303125477003,0.024915290014341413,0.006312266094434004,0.03670682556649322,-0.0025843449871329467,0.019440366431119956,0.02607652563365921,0.04755491152489982,-0.049001778952760845,-0.030910494158064204,-0.05783448345200294,0.016923841144725168,0.10376494934832661,0.006886172773569191,-0.02447729103258374,-0.054889621987509726,-0.026980145202889248,0.004836117672880352,0.0012993710751888592,0.02388064582431201,-0.0550027064094131,0.00719185765839348,0.04459903635062968,0.02637503674352,-0.006124559728921612,0.07622209323493309,-0.018420264447294044,-0.02648318529724782,-0.016484302606232095,0.008246444203922046,-0.022240724240439953,0.008998919476762717,0.026354075972247586,0.0305578625645323,0.03116742016805668,0.014320293557699166,-0.01329825071123363,-0.05287957851188192,-0.03104428125799649,0.00018705545039846005,0.04990124361228317,0.06021195850251854,-0.006815571442715934,0.0029287813139213816,-0.014824149364597358,0.003995866005282719,-0.011867713665448245,-0.0015908751962632772,0.0018555531497633732,-0.01572640348643758,-0.02171742761613968,-0.005038270864932143,0.03048287872380227,0.046295698556797604,0.01011911461244664,0.0689008806141989,-0.02411574510516693,0.016713779178404015,0.022223336742451742,-0.03741963608220139,-0.015724094792589394,0.0003898444794939614,-0.02473144406685206,-0.02699288976155278,0.017887185853101006,0.03928354243409264,-0.005499795371241221,0.022155346175390937,0.005841890714797386,0.00100270039090163,-0.025336391578434845,-0.01847732797877099,0.006344530731097917,-0.013390290829575139,-0.01352671936260155,0.03234303247013668,0.012694555978113956,-0.008111222777246468,0.0014805322020185442,0.009902824150865271,0.02723008214273203,-0.05383057831240392,-0.02410985132174492,-0.02458290291174582,0.03780796395108227,0.02880460246875556,0.01680970240225053,0.014465268377219107,0.00026081714666911185,-0.0210294462504652,-0.022568778726389918,0.012288791953359409,0.02468592520735708,0.04319518563283779,0.015545231169567195,0.008541747856507326
Bolehkah Kelompok Rentan Terinfeksi Corona Berpuasa Penuh Saat Ramadhan?,health,0.008617058782206399,-0.03565471384892615,-0.060202934929991965,-0.002969514725743023,-0.010636449983760092,0.03298602287282484,-0.021639049324354172,-0.014061549097094821,-0.0007380520285624522,0.018560394949241096,-0.008706124683192347,-0.00886336007655077,-0.0016075591928010945,-0.024707145081896437,0.03601818183146109,0.0074119105196223745,0.0014131780170628934,0.026517510645726727,0.02602758484939477,0.04263053551085376,-0.0050417251775884,0.10933633408390403,-0.03935530167408986,0.025399793185593305,-0.02570689875183241,-0.011935770696386856,-0.012490738883531763,0.04119424366287549,-0.008070902175678284,-0.007629103464210918,-0.02566313006005374,0.06056590337178271,0.08053492664368293,-0.03738695387349874,0.002666566150662974,-0.10553091170800737,-0.01705098280744513,-0.09762991109900919,-0.011115856662659141,0.009032309196953194,-0.05322940589968412,0.075858589614209,0.04775078181264442,-0.06065190476850501,0.14601581695498125,0.11022670107134133,-0.030520068189049874,0.11925188566484181,-0.0023433177009854157,-0.09571264444698224,0.06428217383443643,0.08328282269975458,0.06522389605568567,0.22877673904099965,-0.026310340362797103,-0.02466425816403076,0.012521273958012932,-0.08249674781370524,0.12307694876075946,-0.022765307533949387,0.017307983427564254,0.24119400971284952,0.16047336071047882,-0.09238235633879846,-0.07341746856364055,0.044199685744009135,-0.21598281937792801,-0.14752117224749625,-0.03512515782258481,0.01286636917449858,-0.06488312682503047,-0.22577787244683944,0.14684134680715633,0.14969425470484782,0.24309655875687614,0.15992604565497368,-0.055183912804916115,0.17332585919291657,-0.025709535081770967,0.17304223642244976,-0.16127485779838233,-0.04320747733558183,-0.1943462100654389,0.11380000570297857,-0.14926917436722664,-0.09067545741036169,-0.02250195160114505,0.007630543606235659,-0.11640718732614705,-0.0555003980343161,-0.10107266093850759,0.05801967513508814,0.07914863716149147,-0.021525656617869465,0.0006461357947393617,0.03419099586102674,0.03738914312115119,-0.009085739162948022,-0.024355670202262997,0.04296971501257444,-0.05032667241886355,-0.09898570327367774,-0.12513291880492344,0.033817224158530876,-0.1081383883819316,0.07869879818840932,-0.00775119857666645,-0.057819785242743026,-0.00033759110246858975,-0.05678334595844076,0.007938213195177726,-0.05639530792280455,0.01379244919352237,0.008487991214817215,-0.013726231216656544,-0.03255187680037385,0.031270636902536314,-0.0804264203684741,0.013142806957792174,0.015044088196386916,-0.02225553207396044,0.09520803839708826,-0.12143599697759555,-0.051842963224027594,-0.024077625575061885,0.05744934402115955,-0.02093876399859769,-0.08744898799797468,0.013958771703461532,0.04936268745500542,-0.058217726210531055,0.0074314757357202485,-0.0024751543808363106,-0.0522493205722909,0.038782488516861086,-0.010825156464840726,-0.01888073836504102,0.04101883196449424,-0.024426698348616823,-0.014630405809341492,0.07065180929993571,0.061632974088307604,0.0011365429088993394,-0.06603494367133705,0.05328863770103854,0.05250906591970529,0.04169814601932397,-0.03668489373909812,-0.07253425262121549,-0.13034036358392773,0.028898037475979674,0.04021760778327718,-0.03390128126973543,-0.009641646347979638,-0.017289384182638513,-0.02526783836151254,-0.05091314744960354,-0.07795597950653296,0.05750693742481127,-0.058822560157144724,-0.01793960123587938,0.02305700801240403,-0.011042814010299858,0.03351436271190808,0.009221657764732325,0.0195966847079907,0.010851049032059178,-0.010144781924063685,-0.058781074897934674,0.03336752322520998,-0.012477697474562923,-0.001990781077669979,-0.027591077925776985,0.010003149617378075,-0.012967113982464118
Mobile JKN Mudahkan Layanan BPJS Kesehatan Tanpa Keluar Rumah,health,-0.0784544505185577,-0.03762932060445481,-0.025759445256648153,-0.0015043663453197644,0.029733962060931738,0.008808053529877239,-0.03549296494960045,-0.04241801894602207,0.0009540795362726297,-0.030504013095369095,0.009745347997261926,-0.005244959378850883,-0.0006426789922432206,0.010731573455724681,0.02102541740146201,0.027359245396012352,0.021010864929193206,0.038442395629875115,0.07047359326247427,-0.007169005518413238,0.09511686885843716,0.03719717908153639,0.09601199806201205,0.03115908212276687,0.008055823384937969,0.03918888922752737,-0.09033351687143788,-0.09567646093170883,0.033105628441096206,0.039154455863839324,-0.04310996920344884,-0.053704880023804184,0.034187972556029456,-0.09359875283219708,-0.04446085335616202,0.09940321801350692,0.11232383889022501,-0.13347934250750493,-0.07645982636775184,-0.013781532259596623,0.06315893469912845,-0.12718589177731698,-0.09008119192627985,0.06454040406552082,-0.02642980071152507,-0.07717989356096952,-0.10632746093794418,-0.17478639679232907,-0.12065142167709456,0.08207100913696289,-0.009135959876003378,0.16531367014178525,0.09557045588300908,0.21483229686583336,-0.06674347862354259,0.018133946074164388,0.07896908903185336,-0.039135749711252076,-0.15009465132313587,-0.05442353593703684,0.20787551790741257,0.10732971241767734,0.09103519438499727,0.09290840523157419,-0.14752463069297023,-0.20098783198846712,0.08596978479265581,0.16022654185636936,0.20220449919997718,-0.14534915996679895,0.1026284089141354,0.019664812127487188,-0.050105398719955875,-0.05079143700449652,-0.11469806749907689,0.04096900313425441,0.05178123185509006,0.061649320213506005,0.03801316387922637,-0.06125236039573968,-0.045226645324591704,-0.09638731825859094,-0.12131048165483817,-0.07247074287089054,-0.026598277679800095,-0.06787899177340707,0.10867866732548853,-0.1092120510614964,-0.13567032008037797,0.00798462505574674,-0.013635050052732474,-0.06375319992661752,0.05438230687210669,0.03424710130916911,0.02776503675058042,0.05524191044997,-0.03004123396628943,-0.16473767093036448,0.03401830329521306,-0.056389025592581826,0.004971121490568389,-0.02549680539585814,0.002640747206712847,0.1025154742705693,-0.0030584228173593958,0.12259024129155276,-0.16495436699930574,-0.030285872635566265,-0.05724600817336711,-0.08951570486242244,-0.04654212830367826,-0.018809376414096548,0.11290557573174717,0.006236387754365748,0.053482926247963046,-0.00827071560613844,0.007368833968410755,0.12310910259013191,0.020086336408862412,0.07154607301569253,-0.007182443515971597,0.061743764260097346,0.040702004343822824,0.010619846030997237,0.05631991803531517,-0.18497854627846355,0.07129232602093483,-0.018797144200473827,-0.12603186899080024,0.07814473888270157,0.07206128088321584,-0.0737699939021514,-0.04569087826920502,-0.005481075780011306,0.1444700710987374,0.0071491701639840675,0.10195522237510665,-0.05102764072029283,0.02133514132534161,-0.013918216458291206,-0.024293802732285416,0.0070635158091335686,0.017976907210042692,-0.06333496556205592,0.022425261117804678,-0.055086719077576465,0.029484012147628483,0.008166604899574855,0.0141031254915715,0.05521419947262258,0.052369442946989864,0.014919890210746902,-0.02062425570381244,-0.00795648004605312,0.03559635106409992,-0.0297637911633461,-0.012183967935511741,-0.013541601985712522,0.025555915650908076,-0.005229031266165973,0.003041441074489992,-0.017572677485032984,0.027321039086191212,-0.020296037432107523,-0.006364386673454619,0.014883045442051357,0.026598311057171694,-0.032659950572397095,0.022275383516149022,0.0375392473592801,-0.013071757466186872,-0.012592059711884507,-0.021853472886813354,0.01741841211237539,0.03641274693185948
Deretan Dokter Pejuang Corona yang Meninggal,health,0.22280011642172004,0.2391993915584906,-0.18687721012770594,-0.003250450610940785,-0.08080438736552213,0.16888047332331618,-0.20235704230554044,-0.07182451410339234,-0.062416632379115065,0.25263530194404527,-0.05140527081972528,0.04551983196429555,-0.0028065937790897515,0.010383664454215638,-0.15903156542043387,-0.010189498221924161,-0.04309764154786669,0.03542361041681216,0.16493681609515864,-0.11550920160537491,-0.06092982653342731,-0.010924174050488393,-0.006603036743634286,-0.06306100986981862,-0.030594970903173643,0.08394977601805806,-0.09567671774705092,0.07783625092221015,0.0022526506570878344,0.02639454748263016,-0.028438363923306297,-0.07571118974832489,0.0997993293489453,-0.11519619013923171,-0.06431264161109258,-0.0341031248256431,-0.10096715003208069,0.08871798140245234,0.04179648641260673,-0.0731420493303478,-0.09300248557734239,0.09068930086325176,-0.12855014784276558,0.05098455777855888,-0.09871010270081888,-0.032402595137641155,-0.10852144483432684,0.01593562605077561,0.08177913568019674,0.042377012822625605,0.04365962021396818,0.024643823143541535,0.17103918208632296,-0.03480862175031896,-0.09371417359436644,0.008988448027507638,-0.06260577249845807,0.031004977445220617,0.038958825320724116,0.01192204185607819,0.03389306948909149,-0.05671197193956826,-0.0007363698357051356,0.07230068500586062,0.18816192607011784,0.015615672309598894,0.0010835848037050691,0.0030208891669193253,0.005059110983513488,-0.05478264590559118,0.0006708157293084702,-0.07276655115577975,-0.0627511959470952,-0.03465214656290874,0.04807225666969031,0.0071953518880879435,0.0013616034697248622,0.036727231626922575,-0.008043066259046307,-0.0136521229287363,0.02783508018554423,-0.02524013609149249,-0.026687440994043236,0.09379969630758894,-0.027673696827433217,0.06303727292050468,-0.014467459070677773,0.014135834761120536,0.017490835809431247,0.007644680849022924,0.0013136870426940508,0.022594924304573008,-0.02293570180253917,0.0834842679048685,-0.01703511891944675,-0.04447875673205183,-0.013362955230694416,-0.05771838334359261,0.03743553116552505,-0.00767850081763124,0.04720076064947185,0.017790021218622096,0.054473351316704985,0.008985686613135384,-0.021637700078698665,0.007067073392039537,0.00857030731285727,-0.004263757260231614,-0.014640301990857143,0.02926187734761155,0.0176781751794833,0.02855426954181815,0.05089953177693685,-0.0012418349021499294,-0.06307050642340246,0.011076788673921536,0.06218033479686521,0.07100323421286811,-0.025331026780379535,-0.00104193506742572,0.007546956794236068,-0.00010269314633133991,-0.018148346561627796,-0.061760364807704846,0.03043954112893219,-0.06402402397513159,-0.016650557969307325,-0.08166840891077638,0.07296906854436919,0.0067983548005888655,0.02158767039897784,0.014298873547749369,0.034039307664558954,-0.06590804870960978,0.06362213160583668,0.05022205960179742,-0.014858485085252832,0.05664984562994385,-0.00965219627834624,0.07028088227340108,-0.005341834292574731,0.030804453092416313,-0.02380075184227168,-0.05087529151676423,-0.07107963421274135,0.02506310882906583,-0.021105884817855733,0.061618900828456113,0.042014240217588955,-0.07204135262763255,-0.05575159320010965,-0.0006412793759091168,-0.020411462314622486,-0.0074102975273168175,0.0665807702793078,-0.004191635148422136,0.14803915491868305,-0.07111295552281524,-0.039555927486534394,-0.08786062735372406,-0.045731508835645085,0.03946572536540152,-0.021859690523374605,-0.07635633225936224,-0.013208443409876777,-0.02507225207072698,0.029282985946310874,0.17144687584783222,0.09834475095491915,-0.03771886994301564,0.08695525074794952,-0.03729227392150267,0.0426409279145893,0.002548235470588018,0.0561865427207807
Sosok Berperawakan Mirip Kim Jong Un Munculkan Spekulasi 'Body Double',health,-0.07467210788968924,-0.0112074544735587,-0.028979282509757318,0.01709276981217234,0.006199989474758485,-0.01627017187204862,-0.007250056617201951,-0.005451947300842126,0.01408037442216585,0.010100219351703254,-0.002189396457350248,-0.008503469697175865,0.017275200025161863,-0.004796862333428643,0.0037922817699656713,-0.013263746485650107,0.0057463488114298964,0.004931793493651359,-0.011210526957823947,-0.005704304034515793,-0.0036433408167188086,0.0012472023441890741,0.024805879109957067,-0.0004202864329801795,-0.01289491350517515,-0.03928577911286151,-0.013423505230198434,-0.00044073511203660746,-0.01509660903118063,-0.0027509280735422666,0.0017384144970063926,-0.011496204830305157,0.011787792201016332,-0.009245791929285119,-0.021636846251415397,-0.0005808860023384173,0.006906514198259172,-0.007641464906093153,0.0071349937915799735,-0.01810083816701413,0.0021220309393593334,-0.002220684628668291,-0.006155043174808806,-0.018019951126143376,-0.0025269817317529223,0.006760304534980104,-0.0005932383087999548,0.01506261092966603,0.02386563136831135,-0.01873341745035723,0.03457529686576068,0.005867985996145651,0.01923366519293144,0.024136898721017035,-0.02832005490511948,-0.007301528425607647,-0.0047435699089942935,0.010434566445266092,0.0008434589567070873,0.00036523131841122787,-0.017211592868883675,0.020499786673202527,0.013828314194353267,-0.014555855681115493,-0.016845348106494733,-0.023867383463943754,0.05016452318710828,0.11451502325707141,0.005454668560457176,-0.10651008560953455,0.0011387683818861103,-0.04746400237282343,0.061481155428896046,-0.06431675302516174,-0.1825467080977864,-0.07180532062001391,0.11425656622755322,0.1809684239039863,-0.06723930978953326,0.7931393551414022,0.43269369331946433,0.03328443530113662,0.14635467356792334,0.0024549901133003585,0.08282066070115808,-0.025372390943497188,0.013351576716505728,0.005198948335455227,-0.0011682138617361568,0.024926328506100177,0.026542621422938707,-0.08008633827667669,-0.00023869223716537185,-0.0040195629731770086,-0.03600704565878002,0.012874237183676798,0.010560731073132454,-0.023233342735626137,0.0029404558598064186,-0.016019082587300885,-0.023961623873118867,-0.028491295232363965,-0.00946846829019821,-0.015309403102956599,0.008071606960788182,-0.005967118552767577,0.02526694709174437,0.006240481874044224,0.010859571516418393,0.018426144963434244,0.021617414991779833,-0.008460678940284369,-0.01863317386007243,-0.0023943134330257003,0.01200733213645199,0.005841014696261594,0.0009871249236116527,-0.0035722391613952063,0.016490509729917134,0.0017532628469139864,-0.007084149357844473,0.005967726115794496,-0.0016706371556378604,0.0014499712542428032,-0.0007068140616126113,-0.0027980464340390055,-0.008586589130334651,-0.002191306408422271,-0.007678640326572404,0.010585739172801572,0.017827904363875116,-0.00338927353533528,-0.0012483172738561518,-0.005256449779325166,0.0007628349743277514,-0.0003644370858675969,0.0030357335610059527,-0.004864858262040793,0.006371420891011112,0.000614978637186286,-0.0057145384461348234,-0.00769296339793403,-0.00741258551814075,-0.0035101526035616277,0.0005576631568704432,-4.555165713922245e-05,0.0032939363059224687,0.004153683416641998,0.0027012071795660206,-0.004143556327783682,0.009138650793010515,-0.00028593405032790927,-0.004646602993340635,-0.0013775147120899782,-0.00136041647165706,0.0004866305522306735,0.0010779915281958164,-0.0026308237184812953,-0.0037210818757195873,-0.0029615850635704806,0.00311738317790055,-0.0009939839024480336,0.0004904925453908416,-0.00467202898283248,0.0023735234588834015,-0.0009383805291488896,0.0010871546910950155,0.0017484417082361404,-0.002895810087816592,-0.00369269775385521,0.003871654536049006,-6.753099354594442e-05,-0.003093480644839657,-0.001868621460000741,0.0023380873308905454
"Anak 15 Tahun Tewas Karena Vape di AS, Jadi Korban Termuda",health,-0.07456602644904098,0.03988947039115541,-0.06469623689600207,0.21628449123507398,-0.006297725158402693,0.12847305741539233,0.11707343434953575,0.10278973804384672,0.029636320882520332,-0.05889134311922612,0.4043703846783327,-0.14039138525730835,0.011424040988993613,0.06063337846905727,-0.04018295254929581,0.0017287156054689211,0.11235564204900597,-0.17552283530662782,0.14914865144202422,0.07471760064886471,-0.019474700989137485,-0.09509283049412977,-0.1402555925101323,0.06997925119907346,-0.07783822614492897,0.11965943848269425,-0.10198893636102654,-0.05172257959396219,-0.017675501102694273,-0.014303662517775933,0.0588113414231978,-0.026558721488015715,0.04986620427820287,-0.00992632591348756,-0.09517054092374691,-0.19438180863783772,0.15655231186087118,0.010360449074833874,-0.03936705281767187,0.07237775921013317,-0.01811929008321752,-0.0545732492563614,0.021311601948090047,0.01979251300387828,0.0052858442225905515,-0.06453030830524956,0.07279112859003449,0.003285782924166153,0.0001474804597133364,-0.04067552015220872,0.020833067350689467,0.03456472909954486,0.0006648276397853342,-0.00036276012688249464,-0.03155265012995798,0.05662388901396142,-0.04569730209911125,0.03503885047342603,0.03696893162670048,-0.027885741383708345,0.04330652165923091,0.022369436377265996,-0.03193060904168965,-0.005692576400465167,0.07326293265721492,0.08991516000936421,-0.06660622338152365,-0.05894823533492281,0.08381039874078387,0.00475470964659309,0.05967906094390993,0.01728717300148248,-0.10046000184837708,0.018852742423479767,0.05766315585783525,-0.03278561776062009,-0.08399035594989095,-0.0016288902039365968,-0.12764872036626967,-0.03521399145502023,0.08600959715520456,-0.01738736663172692,-0.0023924073741317838,-0.029873620005357558,0.1290363305850037,0.05341116813967345,-0.009442434741932956,0.0056807755813447144,0.03623682597606095,-0.017078865474307415,-0.02107529522265203,-0.00012787317733154975,-0.011634680232120751,0.017677894914950136,-0.008211771482380403,-0.005639101443274046,0.04003028422169392,0.08307241610752013,0.051718755017949626,-0.052586709181142846,0.0033779570944512233,-0.0230878535512618,0.06651759785630515,-0.0009028632705519338,-0.047231142370626165,0.048169093190483,0.03971171676517023,-0.0186042510130151,0.12045358843017392,0.025153507168753374,0.03888572122225974,0.05126852385318464,-0.02465697008441105,-0.02681104704677862,0.05011637446916455,0.05478155749222803,-0.008524122685668205,0.07716613201498455,0.03810691228499546,-0.004080087173611399,-0.02044321413795878,-0.00022822528326547263,-0.04630603257105741,0.00927754582052256,0.09651674454273974,0.023495746690157557,0.03473470432643109,-0.033702002832363506,0.006380633787523868,0.020361518012977906,0.054440076767754045,-0.07574606929009939,0.024235918974073987,0.027831752175953756,0.025479422909211808,0.015939116001372763,0.04582818659578685,-0.08048432879084054,0.07608219632086398,-0.13281138079842617,-0.054159107285879915,-0.01083841637957115,0.021853328943610178,-0.028341335287641302,0.030620261865460175,-0.02242682021319185,0.07650811584449943,0.0312104103993053,0.023244411073147817,0.006540365542869111,0.05432587661122323,-0.05553558801241848,-0.05544655529400869,0.03755614085263842,-0.06701793982490492,0.0169040501928142,-0.12962372970735458,-0.06277523247092287,-0.0733749562754274,0.0810457270263363,0.038874331586784036,0.052970994006167955,-0.03793528628913474,0.11659403202616986,0.06335215277786169,0.050002964224989274,-0.08019366285574694,-0.014763115111794938,-0.14555404041810024,0.05581713627336278,-0.02413034564266541,0.1150495350180703,0.053565236594201905,0.11618578873355732,0.005956372116821937
"Selain Corona, 5 Virus Ini Juga Ditemukan di Cairan Sperma",health,0.1963023336234657,-0.10975074570100109,-0.010066803111120853,-0.14924590822210998,-0.09733791846325182,-0.026256875568198824,-0.00846223901196246,0.006722662179606149,-0.06576045715263179,-0.024262650715201086,0.026085428788315317,-0.013769865311344536,0.02488986774125112,0.027611132919911345,-0.10889393614187932,0.03623593503696481,-0.015074694819152735,0.023789345773428262,-0.053723544928605343,0.034581716610120466,0.005308931531656137,-0.06596082502225745,0.09432192825884352,-0.038223989318458454,0.002116351572004672,-0.039891749031409525,-0.09202124033838927,0.04556968745248195,-0.045082639340435465,-0.14586383943066272,-0.056525288532306504,-0.02759193053862795,-0.04418087036562629,-0.07212675122207081,0.019857257525007083,-0.049087870338078446,0.008282710226596877,0.023646203810865008,-0.043707612094891844,0.1326548937939623,0.05007695254639813,-0.031228510583797716,0.03805773434197624,0.05629131322147793,0.06634436531580332,0.05038346197342235,0.14349270556012217,0.1324942898263787,-0.03760473087465851,-0.05303842312296457,-0.057527472908683104,-0.03740320776167145,0.03529054116549789,-0.1469668432191356,-0.06451621891118353,-0.028161390180063327,0.10300079918993528,-0.1801419341418833,-0.014681713811998886,0.033622469433254955,0.1301518288098152,0.16902978411972858,-0.12536906608382814,-0.07377291136340396,0.005522443843753391,-0.18278215078209611,-0.08481232051985943,0.07819477599493804,-0.10047559246254806,0.03784422941520171,-0.05880613217283607,0.0031885741365497715,-0.12015457856615694,0.07640985288386315,-0.02689589871682091,-0.004404532845462169,-0.0943470493951748,0.21563134935049721,0.11426160463240977,-0.09525483465341864,0.15916925163589823,-0.059017510289979605,0.0025610710023772887,-0.0388403578265708,-0.007976595975577922,0.08329218361948205,-0.0645544521789637,-0.005628339800283214,-0.01925497735773319,0.13897017435740705,-0.005371591954759764,0.0006449840513445032,-0.1044886219178826,-0.08546113776899567,0.07333731183178244,-0.07836809805400186,-0.10345187267610462,0.10558231764420954,-0.001634449657973737,-0.04760127277240461,-0.028453436490452167,-0.00923820572755227,-0.030074356412503053,-0.08370154790118124,-0.00485145614750771,-0.01068635709701345,-0.05117559164146004,0.015452783971676876,-0.011533578566810266,-0.03056108860052444,-0.03141136063422844,0.04613994380903335,0.06803522717786997,0.01151771474031777,-0.031179874932989383,0.0033033817488359197,0.05993702843274819,-0.0036460869992819616,-0.02656158440358173,0.10665022366775925,-0.011311424379011562,0.05509654024122994,-0.011782257605060827,0.10110262573829411,0.004064301742450678,-0.00333371488073336,-0.08138445670348944,-0.0896040734604324,-0.06231055089033156,0.08711089841234664,0.05179530958006567,0.052312300019340854,0.05822472364463116,0.0013058624677749363,-0.018149944279769275,0.14567293476635326,-0.03256071743016847,-0.03636300324182035,0.018480381976965575,-0.02865524633267046,0.019593534193260403,0.11530491361662779,0.09647377429195395,0.1759761148181234,-0.05854465804601599,-0.012044450195765532,-0.07717653914245366,0.014560203306016454,0.01264399957410018,-0.056676084856436784,-0.014479005579142733,0.08662649350380792,-0.09204616419667527,0.09053138328099941,0.0070673560748584045,-0.08814913912198007,-0.060504958129172136,0.14633904368134829,0.09213381192151074,0.01493176573398788,0.11791692348721015,0.06228230222174644,-0.010356235654205891,-0.06685075665059864,0.09958452924251432,0.041819096535727664,0.005525122140968496,-0.005199553792495483,0.055196663071394765,0.00877270363920801,0.07390454762811932,0.022775760253398187,0.018893809187159306,0.01969004537364301,-0.003391139919743131
"Yakin Bisa Kendalikan Corona, Singapura Tak Terapkan Lockdown",health,0.02380574324897091,-0.08271882553140951,0.19576643614684497,-0.04321123472624925,-0.12400490229764101,0.01724233888709179,-0.05207428078114276,-0.07403736045535333,0.09137774502467423,0.04750942101872704,-0.0496218231882192,-0.050948871218025195,0.194818217747992,-0.20074367830301706,0.11021513281681743,0.2251363608954598,-0.12084657391417969,-0.09400052157350883,0.14881976752968726,-0.14356634061355553,-0.034943564299617896,0.047346357026811725,-0.08844874174471253,0.05316575597571911,-0.09953146697862551,0.057742072257908846,0.09158226911533657,-0.07576168020421824,-0.07389814162628225,-0.009094585286263017,-0.07330465240977278,0.032319627585992286,0.060038378893726846,0.09635124903200111,-0.02353775137437378,0.02323712682815231,-0.008506948396112959,0.07330190980520562,0.0032489352198606268,0.008729880508933533,0.10633561046329909,0.0515003752264247,-0.043229616591090175,0.0579725441220456,-0.04425839571630951,-0.01375204331625177,0.02897938137450756,-0.05968617911725177,-0.05411756704576772,-0.10252433316906681,0.06623613728293987,0.04846418027930862,-0.0011907040009665327,0.010253447501002492,0.06050262986277067,-0.09661501373961458,0.02839129827287215,-0.014775508320666713,0.04997469048181972,-0.10586115007973557,-0.026955503886473248,0.10329493237743372,-0.0011323234800241723,-0.047472577165696826,0.13327548471143266,-0.055037649189977875,0.005944969996654867,-0.03694278565177522,-0.08659299235970858,0.06735809724739024,-0.03777804262224664,0.13640755210019853,-0.020477009172498506,0.04477835355793746,-0.0371400193390682,0.03417467743859777,0.1272817774847225,-0.018132792412852042,-0.16554157506572736,-0.02093491275864456,0.022244346669150462,-0.07864183902626372,-0.028082710411152897,0.06246755161848939,-0.002016946760608445,-0.03128174816695773,-0.004143918032245065,-0.03710628856414548,-0.03423517294151853,0.04881870234366804,0.07346708199276888,0.07414560435317204,0.003996855246870322,0.09641087961137246,-0.13483863417093045,-0.07285898126852754,0.00883394241336095,-0.050414235799969585,0.00899843101795089,-0.06941171493962844,0.03756889160698382,-0.1053506325870441,-0.035348496750572285,-0.05392938533670067,0.05261594979668804,-0.094870021039201,0.11017203237560626,-0.13326824365420464,-0.1025023382826135,-0.13186917170916101,0.03177851330473544,0.1786435856699234,0.10616754208548547,-0.07622968064234893,-0.045324756782847093,0.05153234587480547,0.09215098451597875,0.04805803459818178,0.0312822749772633,0.03140996377420158,-0.006559406444367791,0.0051820775239954445,0.13082933701895624,-0.039677972432819966,-0.0317983048576662,0.06317431814703753,-0.0030029728140498024,-0.04236382849995064,-0.06293486107140632,-0.019928483217242037,0.013856471056265501,0.04120633873018338,0.043480341717999055,-0.04977594703009219,-0.02875238308858158,-0.0012443205677627688,0.06282628083687604,0.00792903294728125,0.10799906851242919,0.0014458702471925695,-0.05905253863584186,-0.016423470288661927,-0.09704925339491444,0.061616959005469304,0.048332022057508105,0.01377491984566914,-0.05917659626175971,-0.023788749887554403,-0.00796795869217052,0.019837292354120323,0.016050623382036742,0.05352872212732032,0.04376354703083309,-0.08140198448853006,-0.07282934880986562,-0.06704490010361805,-0.09995204919092082,-0.026377650065299414,-0.02760218258876897,0.020033159669509262,-0.09373400907026018,-0.02651075179990408,-0.010330280010942229,-0.038682088598942926,-0.0010991288144967738,-0.011377600455272186,0.014789399754156848,-0.054844538088344656,-0.016899738250352857,0.011026671934269124,-0.016915550322069872,0.00307729449641657,-0.003688678503371189,-0.004416974900612401,-0.03251420265730326
"Anak-anak Berenang di Genangan Air Banjir, Waspadai Risikonya",health,-0.08652890310867141,-0.00025192731662647964,-0.08932104944348503,0.07399079777776074,-0.04449549029829869,0.054056107528745415,0.021695420215874995,0.05220667229595478,0.04910304249408493,-0.026502398243944486,0.2474499143224472,0.009994215244436534,-0.02799649800081354,0.09692994642397203,-0.08372771210811056,0.009844487216343513,-0.17181224041689408,0.08386130257452715,0.15614247008207302,0.2379471212232075,0.009777704905383492,-0.04034322807434158,-0.0391691222196093,0.09910933574794138,-0.10389310897676331,0.0878769258318602,0.03357259270222784,-0.2046833599820809,-0.08947766370656304,0.04398395354477904,0.024062129244156794,-0.0640785518997496,-0.0717874609897246,0.043708249661997156,-0.20931629361814896,-0.0080247810621472,0.09966802576694359,-0.1051053916881261,-0.057178151129771246,0.010960122969833884,-0.089824061110526,-0.2397129807276451,-0.020542720360119063,0.00012541029221122574,-0.043596710614545876,0.033335811838879126,0.0733273114146479,-0.06690343676105585,0.11327234315012313,-0.034249902342153825,0.054470550570714614,0.01994931862581958,-0.183646704762233,-0.17653462237013212,0.2075172207544021,-0.0421085283767108,-0.16293934658229772,-0.08019356653493594,0.028653039101072086,-0.029592502244507563,0.04630217702544486,0.10562393221658987,-0.059836047101771976,-0.0010106841302041968,0.12289677697860178,0.017209457519216598,-0.019640249744404054,-0.03462549280186226,-0.032087450622686635,-0.09803810201849457,-0.044937485106570974,-0.07458829389448186,-0.025652232791107066,-0.033869427448120326,0.013053440670389816,0.047718785624352715,0.03993078068502579,-0.08331886593984922,-0.028977991735876004,0.025782459352397827,0.014494381740271034,0.04897749125122119,-0.04543008550329514,0.01721371022631105,-0.06415821368680566,0.054488637057363204,-0.052203816865080806,-0.022244511957169512,0.033406211367986216,-0.031421231164743074,-0.03765353023577262,-0.022541952311275648,0.019026602743937,0.0004175786981155418,0.002447772010016168,-0.016159673036301954,-0.05004165824190052,-0.017309127756470612,-0.05677131339234461,0.033090169320593006,0.010730324208143382,-0.031955394375072554,0.01758676154074765,0.04313000178887303,-0.02708486331907966,0.010772966937601847,0.05918052059901956,-0.047460465434166876,-0.007421646658999844,-0.057688264127440894,-0.060953831018514856,0.017354053270623428,-0.05369954723122072,-0.005178259434174657,-0.02904776941137186,-0.03574668614360092,-0.0549580358140776,-0.06988596436772183,-0.02415168313869785,-0.058289096712365616,0.09168188159339767,0.024201784117407643,-0.020776637773591847,0.024650654330230753,-0.020392378428324174,-0.11163591459414861,-0.027566039908255714,0.010177086585457552,-0.040733601551070704,0.03682960782832595,-0.04842949584146739,0.03096027665044317,0.014703074740511298,-0.019584875742097718,0.1096491580892169,0.07925019970800837,-0.011289604053351629,0.09596643132885108,-0.04849813528682482,0.012736230931120291,0.05058965980773034,-0.018389669904387725,0.006562108042064892,-0.02848731004111542,0.029376053600194584,0.06465370124888312,0.007328329357205623,-0.08259338066055817,0.008972060099491804,0.0019631161236648297,0.024097467703094008,-0.04533515416123418,0.048485173245977724,-0.013516532631753972,0.05719336346023368,-0.04576641586358627,0.07006216465186649,0.10484366915959077,0.01838826952642698,0.021107504922348454,-0.008237628603127203,0.08930964299005409,0.030584292050259018,0.01337483265871364,-0.025845594871085995,-0.11456538043026468,-0.000910168118663913,-0.05112303482888453,0.10713925227213919,0.052593891552602766,0.10382937833728073,-0.0007489679275644985,-0.04249349197911863,-0.09076345099176035,0.07418759363087574
"ITB Perbaharui Prediksi, Puncak Corona RI Diperkirakan Mundur ke Mei",health,0.02870025121252942,0.05430447197682519,-0.06850525154340775,0.029927914378550215,-0.04948946074244181,-0.0007821156246595143,-0.07488803835781933,-0.04694576224769803,-0.014561316075194522,0.07239432398363985,-0.02078215454320276,0.030594442564674897,0.05401655869521347,-0.08879330331932482,0.16333005297113742,0.031218566360695574,0.05061863326823234,0.008000309315455055,-0.17526177666695208,0.15988836264369524,0.07089474646344732,0.00137332883046522,-0.023877546985415894,0.08961562485304368,0.09683650095416667,-0.05304163233768172,-0.06405871792970108,-0.104304757450043,-0.08635620724030099,-0.027430841355502868,0.17234823490493004,0.008873099124511293,-0.004046089219982735,-0.0017785593796817605,0.13427812608578685,0.08690528952664,0.07438950080927255,-0.025068927785017528,0.07987666326201423,-0.07853549112879907,0.025255205348835696,0.004530014676624941,-0.052242566467618476,0.06096678423854,0.155729342147122,-0.18656352385738925,0.20795270996680582,-0.035258273802103154,0.03218674473075755,0.010467243905090448,0.027584982003264043,-0.053109189279025755,0.05972140555569974,-0.004455760185230031,-0.047271086835880737,-0.030317355537517875,0.09665028617846391,-0.061179179747919726,0.1397485496913126,-0.18649006291770265,-0.04590552153851969,0.06714847380340434,-0.012826494205929729,-0.052132152702350915,0.07402090377453686,0.03943516990017924,-0.06208689655932689,0.01644329932758248,-0.0287786564745002,-0.11852525304423532,-0.03686591524347228,-0.13872463731745963,0.048401839181273595,-0.14161616577696748,0.06442594017473739,-0.030080286560299763,0.030203700459118445,-0.09111829495610987,0.10094764899290788,-0.05218604250033606,0.0023075505778453916,-0.07604150346782272,0.1379648143530268,0.011769348746376316,0.027832630436642584,0.014402616008523154,0.02241807684528434,0.035520555201595826,0.03691349938791964,-0.02884880190389956,0.040192529596445106,0.04714577079411652,-0.013539867417493221,0.07322932098840698,-0.0772768977449732,0.1560897516011159,-0.12134073521061875,-0.0695437796926807,0.06770290588784376,-0.056227448716911474,-0.07754510004982815,-0.09767055163279674,0.0204923735106299,0.03814775334373208,0.02266288569300707,0.06033693157616646,0.02079335205414259,0.049474749780105555,0.06755258043973525,0.10211476956663113,-0.13634379962812773,0.05144388860817605,0.04365602451906696,-0.055443670506041674,-0.041174974835728566,0.08034484269236646,0.10816381627070869,0.0070719930632149805,0.1345589991976485,-0.14804453065837478,-0.2071522076291466,0.012183075627532132,0.09949285481661278,0.03912785431781425,-0.06563753881947261,-0.10164429942235864,0.0002924852477812423,-0.012940624603235647,0.13335379898588967,0.11926793869450701,-0.002254814574459703,-0.032214091372499656,-0.1546649450049967,-0.06502293021222659,-0.04224023469787658,0.045060167941973144,-0.056829895137093966,-0.04375070672435803,-0.008558460683094864,0.0369207100226941,0.003874220744656686,0.06724379254804567,0.036000539669558886,-0.02672437799416701,-0.03573920601119418,0.06699410938927874,-0.051796402772637654,0.05043820909425681,0.06260442528563948,-0.02928300102425616,-0.023985376156699004,-0.06533677117616839,0.09576568104302309,0.08559221630826565,-0.052529879888166,-0.0030062226603334535,-0.029599931636566785,-0.03890188230435153,0.04378522662929434,0.05116966467786647,0.01495652709542978,-0.01339795524587716,0.041043102572350026,-0.017201879139953996,-0.040606565608354135,-0.03737507125474787,-0.03923750474805325,0.013118055750558353,-0.020105576887129252,0.04486247677236872,0.012945327317063264,-0.035769656745984674,0.022052892457340805,0.014588184875546636,0.046669368221178315
Ini Lho Jenis Batu Empedu yang Sering Dikira Boba,health,-0.07904648771148101,-0.007940996384476186,-0.04433820357299567,0.028032219201489857,-0.0005866747105938748,-0.026847316393610512,-0.020445506298568998,-0.015584332402761938,0.047338245987028654,0.02662660549313625,-0.009553767017054949,0.016885894054625743,0.017739251777012573,-0.009677554595876613,0.021501895654124453,-0.009215415202822002,0.012583104131707597,-0.0018943535831156362,-0.04945210391048068,0.03213996571429625,0.011133793051226384,-0.013975831103948764,0.025164468762793116,0.01063690992478023,0.013895148300340804,-0.0970770418733084,-0.005324158140999437,-0.013442742472734586,-0.04407281661231692,-0.01500598042236984,0.009490923585695154,-0.003667291403991814,0.03311233971287892,-0.06435209904158885,0.01935448650911392,0.025393727486213595,0.024376326471705515,-0.06867095097167766,0.04368972478059648,-0.14975619135375223,0.05188203411760984,0.005586391780115962,-0.20429462114390864,-0.05452802226820623,0.2160711780320484,-0.23014682726476807,0.2591473253560935,-0.05697147804723319,0.2557866524949536,-0.11722072030940918,0.1261983226095061,0.2030606912843297,-0.07092467640729909,-0.034771056948483446,-0.15553685243141424,0.027484892849007368,0.2574457707731909,0.023679299491343668,0.027304398221955597,0.010355149826269975,-0.052609698507606766,-0.09994853475616124,0.020069734837475383,0.009870151575862567,0.05951549902381527,-0.0049251694468601115,-0.029141362862874907,-0.02691969383414082,-0.0029404669000757952,0.010910928756011507,-0.04902171940008844,0.0016288072202766373,0.041120435657846253,0.1362365327001382,0.00633405796654758,0.0872864852527261,0.02611817491648103,-0.11013184249089754,0.08851688534360172,-0.034053540440174786,0.09216366064194849,-0.03231899715035086,0.084387533803446,-0.0300811825108987,-0.07211938463256344,-0.036777461624729765,0.09514088378224998,-0.057526922449664994,0.0604073897464237,-0.0542067322500024,-0.04467097394482455,-0.027950581906099507,-0.0782505838196798,0.019849784257506168,0.048494652575558184,-0.08437970969801248,-0.11555471840245707,-0.1684380310237729,-0.04314668777825386,0.10426192726102347,0.11612503748491015,0.010209869765470472,-0.01142983692945005,-0.051522376070445686,-0.033246352328741034,0.11838558423776759,0.030083137118584825,-0.0733667432650419,-0.02042902497500055,0.1853578766174715,-0.09224393266735552,0.05541899881440682,-0.09429744460050857,0.05494252456231832,0.16038866728742807,-0.09242785319728423,0.06513662228485484,0.10677116653889054,-0.08268462199550022,-0.007798906705793702,0.07063658074610515,-0.03350195029343521,-0.09263573896200003,-0.03108308931703858,0.0022683290916232037,0.07823334606527875,-0.06888477769745559,-0.09442420388092956,-0.12430528465630572,-0.07579295855551532,-0.07496844209830333,-0.010603268155846899,0.12329191664032874,0.04620444295182919,0.021587876559660643,-0.050442215419989625,-0.008809034852813983,0.0007968323246946606,0.08659365623646881,-0.0017192226890322087,0.05872805439442332,-0.053474513113534516,-0.037814903175769264,0.047859907893202686,-0.021474412082292303,-0.08518205415395987,0.06330462914774629,-0.09284293737990153,-0.042080509895924684,0.03836165618994294,0.03204617549680384,0.043388575265472386,-0.054952037623397156,-0.05783126859766669,0.03293375633964098,-0.003924882944103234,0.0015728311907799734,0.006283182710727188,-0.024961748577162605,-0.019008756556384187,-0.00453411754703858,0.009671436640024365,-0.02174949219373138,0.006534605494777795,0.015978006875809043,0.0073024758549393425,0.034388892429970154,-0.000473586270718629,0.008241953862605076,-0.008138755909991696,0.006042957215733986,0.017463612931985825,-0.008824048843144385,0.010195818603616744,-0.03726002997755899
Kandungan Kalsium pada Pisang Baik untuk Tulang Si Kecil,health,-0.08790756799332053,-0.017427446545009533,-0.043521602591329124,0.014876407839293289,0.013404714557528064,-0.021011193936941203,-0.01495365121797149,-0.02799206459769725,0.015370319458271858,0.001061825384428275,-0.009065914534289106,-0.0460020312579416,0.004756702430931456,-0.0063831377219865934,-0.01643153079286172,0.003281908497586504,0.013747563171500188,-0.038945863550745814,-0.07237751463217251,-0.008031644390149945,-0.023436730018861787,0.019452813506678903,0.12236383246055524,-0.0004568678705129959,-0.0929379910618737,-0.16018786764544687,-0.09230825077453433,0.005342141674424229,-0.10786952213710481,-0.050045147277093235,-0.05824428973300024,-0.038261404723523434,-0.15044988774972903,-0.14800841415065577,-0.12054760904430169,-0.011360836395972905,-0.07472316087908577,-0.0468351367054159,-0.09669512784897522,-0.0033540106490204916,-0.05380961731914244,0.0626958982539854,-0.040486953073981,0.2648488229887752,-0.0448090405941327,0.12709839885823812,0.08816796119577645,0.018550004262602244,-0.12004399322251776,-0.005494012243295119,0.07325576393740033,-0.008947352808314065,-0.07787336408278572,0.09106809111359249,0.04564969291249474,0.027272933232144768,0.03634692768813891,0.1134441122033461,0.07939561077925787,-0.04582852749287738,-0.08655360962934319,-0.09712315722090883,0.01582250880976397,-0.10782383013384547,0.18167938881254722,0.031167174843560446,0.013628549571917146,0.03669195545618509,-0.008205344126888873,0.035212085639402514,0.06942016666429283,-0.0031042281802493785,-0.12604220940762825,0.04657268067410203,0.040549415308035915,-0.10620521911993301,-0.01466799355449309,-0.060325862214421974,0.09143141810715405,0.07967248280446493,-0.12456180392152914,0.02770565448005124,-0.07564403581419091,-0.07680473658723208,0.054227229760347384,-0.16985985467355386,-0.041356502123315236,-0.006351305892753536,-0.011181532099522938,0.02874462290984877,0.04474875763829174,-0.0668643515132072,0.11703787398010874,-0.08646587590495365,5.8058818151726264e-05,0.1520300181734894,0.053193191096085383,0.01907831367681259,-0.18631854171027284,0.11645001050850722,-0.032024379988005135,0.0908975067716585,0.01021183466888898,0.19847436147050151,0.274860360018788,0.21349785322586168,0.07219486078494125,-0.2149081601930026,-0.08918038783641305,0.1783745838302466,0.09273147191302435,0.0386437641116329,0.11407547330914712,-0.028327227295989913,-0.06834151181923952,0.13314985539230162,-0.09083520991146066,0.011972511214346738,0.005920024446835303,0.08095167542243491,-0.028141139960696903,-0.12183673673580057,-0.025244344626749043,-0.03814167667997741,0.008502549350790544,-0.005324459765567065,-0.033942838619901425,0.00749580162298837,-0.011066011903171427,0.021791847315806936,0.013506445071089343,-0.03450640853540569,0.02868424711929241,0.013903152772964363,-0.03285379643423621,0.09177941332388338,-0.014432529077860919,0.02786801283348479,0.029202333946590813,-0.05427763341979453,0.04619599436199391,0.006788726772350278,-0.023910141727286244,0.05009236735950317,0.019586434137764532,0.03911898330652333,-0.03244126934196497,0.011414391480031861,0.036401141523968235,-0.01001907986318794,0.018412503792489703,0.012310643093203871,-0.05405835794116649,0.024057325985122908,0.008837733447460203,-0.014114842489751072,0.002624828261320375,-0.007090594660984779,0.008616272209042347,0.014277669398111243,0.03130113648994041,0.017981134203889387,-0.001206262586848069,-0.028808853640461117,0.0024274351314264643,-0.014746078688241905,0.007144765443549353,-0.003761627864010446,0.0029734778386671322,0.002099325920433688,0.006893524369938526,0.01265362364031699,-0.005238984706977724,-0.004779313950433408,-0.00826786588931733
"Mengenal Ad5-nCov, Vaksin Corona untuk Antibodi COVID-19",health,0.04479062667932782,-0.047310354369894454,-0.014245784334238544,0.01504717336603167,-0.019249389582145296,-0.08548700574155582,-0.02023322781737408,-0.024036055324015825,0.1528128894885159,0.013796464022573042,-0.022605296002959612,0.028982600864645356,-0.10583657259727326,-0.03640946654673534,0.045565523373465665,-0.03048481278129297,-0.023701256220591316,-0.02501471292668015,-0.004490970198052427,-0.04888213203658053,-0.05499786336797904,-0.02278363437374976,0.033606182643330644,0.042212857744876146,0.04051696976494331,0.007181900761226304,0.10488204691195567,-0.04748860899632415,-0.050580296533272645,0.02186911537016715,0.08613415923317644,-0.1355007299817327,0.26358547646039143,0.040401675833480845,0.032894653680003536,-0.15445154003758385,-0.02893345342681393,-0.016338187119831052,0.08823530243524415,0.06338354017546238,-0.045330866288866525,0.12921912747935932,-0.12035807527610361,0.1558030151513259,0.16082769641663,0.12275158046530309,-0.10684510728461377,-0.11878915185389766,-0.12070857361602083,-0.05611686913794084,0.012248634594687008,-0.11937624453444602,0.04513009454043514,-0.02785602934774883,0.2717448750403439,0.1334410890179304,0.12199432051201421,-0.03351375350277724,-0.12908944110163176,0.03405773938930703,0.09102710452154965,0.051916048071189685,-0.0450713964317445,-0.06912236321412926,0.05819348851081624,0.07494428172786123,-0.02494086417312882,0.11516905723350467,-0.05771270401997769,-0.16573665279398594,0.053248866383315024,-0.07417722328615511,0.15640592629673924,0.1414903424199492,-0.06413547495046719,-0.009554273138530646,-0.001313221764012967,0.044917035228871215,0.024872037730512903,-0.09155654076892143,0.01863772452970738,0.0019065841947757346,0.11520367309572452,-0.009299893499186057,0.02399129536142956,0.004333433065976259,0.023292038814947277,-0.023382315667430483,0.07535843984579293,0.07132326732447739,-0.010418416008953756,-0.022200857424164822,-0.09502362185680532,-0.0616594957276177,0.073146076169763,-0.03485713416690364,-0.06948802322304298,0.004891315964377341,0.01814557668756711,0.003127344236323801,0.042118076302447766,-0.04877612072643603,-0.01159740521799978,0.006796242671264945,-0.1445303657449127,0.05504863475836869,0.06285772900604318,-0.0924827031999584,-0.02452275533551454,0.09265759848126828,0.10209063836501965,-0.1070659659923087,-0.05888668648523355,0.005478873371950206,0.025847957345044935,0.02931870778509617,-0.10473260572116042,0.00022512795506826193,-0.05129930518246872,-0.005846271212053411,0.0032728943854495496,-0.10991123972397443,0.006843462177589301,-0.050098262230448894,0.0729587303190775,-0.026922033410479485,0.06349189724486674,0.01389187039629475,0.061247987818505725,-0.0405346981983208,0.01893896304688107,0.0067156274077012,-0.003966899480327795,0.04256315883919672,-0.0010448704321364586,-0.0433136403339259,0.07748404063805789,0.004816132895011128,-0.003386692897449016,0.07862429227603335,-0.12166534816954433,0.1615235671025564,-0.0635277689358702,-0.14079482220738912,0.020429029959318733,0.04021105738420313,-0.055618442267337934,-0.003780952982844606,0.0056143960554083374,-0.025936854087068313,0.08645754091604874,-0.041157625332881496,0.019135353119620467,-0.0003136336846693513,0.015069903919702355,-0.04228292730989645,0.0781506724030509,0.02492041055593287,0.05979034277472343,0.03964805676419989,0.027672290630244237,-0.014156734399313189,0.05660688557507494,0.04585159006311953,0.0011542037849482626,-0.008415774641784,-0.07464468770655275,-0.010476083747733622,0.029176030655706217,0.023292528274668222,0.02513008564632408,0.046178382976096125,-0.0016604804389176479,0.04373489115198801,-0.09597148282061099
"Jenis-jenis Pertolongan Henti Jantung, Kondisi yang Dialami Didi Kempot",health,-0.07693762022124882,-0.008124725330743961,-0.05695513899044082,0.04582194822466904,-0.006393508840915882,-0.05338280173651419,-0.022668306626283424,-0.022606743212773926,0.16742355366045528,0.0342537047626281,-0.019980513930259274,0.0876148872316338,-0.02968143163138195,0.03311604051099215,-0.03201590397031276,-0.003982530447346339,-0.006753700400529443,-0.026956117263982456,-0.019491431065895806,0.024887700552915785,0.004347270022910026,-0.0460741955453689,0.014991889753642143,-0.022473614841773567,0.014184081981028615,-0.11373369019497727,0.05688113217750593,0.03154863520442029,-0.014585988330199471,-0.010854082216326217,-0.08419864983556996,0.011011112259883644,0.045070867641296024,-0.10525261690452338,-0.0006358075522198991,-0.001866851655185899,-0.011803822798414049,-0.08869140084500941,0.012722106305346563,-0.16351003285669227,0.05980911191770346,0.008883182006868698,-0.2604882226442369,-0.08805941800454795,0.20948783806455204,-0.20895247273299872,0.21265600386057887,-0.06932849455759058,0.26242981765125356,-0.1158217325406349,0.0818465890293366,0.2348314976149902,-0.12436340707429046,-0.053488590199901875,-0.09194219080833993,0.04967218325810566,0.17358661840885758,0.04683250933164082,-0.06074717255892419,0.11636302783007954,0.002961869641128272,-0.1125446354848327,0.011015792703818215,0.04340732232015007,-0.004473986798339972,-0.014602919302814073,0.004859007560218438,-0.061636073935503306,0.014080420502781466,0.1043052332668752,0.007131540429026747,0.0912633363139958,-0.03237038854259294,0.12050170058967284,-0.010164480978221273,0.03733512595949083,-0.026785462698416463,0.031181357591079525,-0.05180261928050498,0.008528771256559368,0.00287717091334835,0.047879480303619604,-0.07704190768464746,-0.0036293300583485582,0.006169241057738508,-0.006542332806268024,-0.0287763785918077,-0.008045673068770449,-0.035606351852791415,0.03750692665259941,-0.002270671276988995,-0.0442600429002572,0.033577702531379074,-0.05159653153520507,0.012698187726400545,-0.04983585525044713,0.12723242803742157,0.10590184081082049,-0.016578525258379367,-0.027404306647261047,-0.030714934664004434,0.03444330107534727,-0.010793459162012034,5.373331785012745e-05,0.012697473644952587,-0.11758863915540582,-0.01545808967078978,0.027345456011753408,-0.016271469255553075,-0.18927487588315733,0.17094625312656353,-0.08297697101822946,0.03893784720968832,-0.017497487404626994,-0.11169812586997889,0.04684445230397763,-0.1246932733785475,-0.11091222479967937,0.02118684574057673,0.09634727700257202,0.03965905909701419,0.034352135641975735,0.043895339648291135,0.014699549044717517,0.03486682153464977,-0.03666227632352217,0.07480520219594773,0.12490910563072098,0.07256665750994001,0.04357629346868745,0.12312511271332749,0.028472755110744326,-0.08121844035810821,-0.03345638205519388,-0.004952702770275108,0.04555658730017932,0.05051854540383504,0.017093692611104085,-0.11565888319666763,-0.01801067493097246,-0.10195721003250555,0.03266955632815226,0.026903137470830073,-0.06682104507127928,0.0564935431368096,0.10290211157853148,-0.06999768889413716,0.13456966656588282,0.040956904651552516,-0.05744050610023231,-0.026763294613957628,-0.04058141799661046,0.03542848300745257,0.05416834636694286,-0.03412565764179221,0.010228780435016033,0.01635255848851683,0.005240672117745604,0.016363626145697314,0.002142120075198853,0.006587412331108655,-0.014129148988163984,0.02203102548388353,-0.013765997418898087,-0.005375387231265281,0.004076435249233447,-0.04934114910528323,-0.002782144057128756,-0.013160097917247534,-0.016137347904474426,-0.012507067055509496,-0.019649762622524585,0.0005608279737322347,-0.03748759194469724,0.0690511920922939
Benarkah DBD Bisa Menular Lewat Hubungan Seks? Ini Kata Ahlinya,health,-0.05909125284126977,-0.0842943878790681,-0.010157709217270276,0.07663017365081135,0.011379927526552036,-0.0015014220364343886,-0.022585755468160437,-0.15903274250713073,-0.09535694011431782,-0.07856226497230571,0.030636088007005645,-0.009990241234495077,-0.0017309729416340154,0.013272286050698478,-0.020647373645887722,-0.060162038667264606,-0.10988794247999165,-0.10422604799488944,-0.012238262608968913,0.001677874059953522,0.24090301363833777,-0.21736623493072912,0.14927204253963036,0.0513603073649377,0.0073566976383019,0.05569721006028358,0.07995773494325203,0.1362775137516159,0.025609997859590127,0.13232097280792618,0.14791709544063472,0.0674929268432347,0.11270962161576867,0.10554681630070727,-0.20981473037998222,0.08628942121245986,-0.06511009562789714,0.031250621058568975,-0.11129019890753955,-0.1768664738723793,0.008663860281008292,0.20480779917272776,0.06350434543150327,-0.06630498698648384,-0.0012545435666787008,0.05666564221167266,0.04459081119675504,0.07104718121212542,0.04049783038379389,-0.11046980885704628,0.0030721483316530477,-0.06947075317723926,-0.0061837197178202805,0.15267033292179968,0.051943326921521156,-0.11239379110853273,-0.013303887286450593,-0.11598265467733064,-0.0027770555695575488,-0.06564066645825944,0.010318849486999081,-0.11200371128583465,-0.049642522542781675,0.07069793524083778,-0.036620993176066215,-0.0055233524592270405,0.06637421669589086,0.012839569410784879,-0.06283775258068588,0.06740648433014924,-0.023033994123489186,0.03413787405121743,-0.04663402656200302,-0.0009445206529155481,-0.005602185959969069,0.07435376531078855,-0.0005466473068350504,0.029955277727373008,0.015842833938876425,-0.018673048220020555,0.00513593602820925,-0.020873940898470292,0.005939949158876145,0.0074174133216751365,0.014027660953512735,-0.03801466224655385,-0.0060181480724469045,-0.008280612461981538,0.08397649395566494,0.001340815421557546,-0.03450421677583804,-0.031081703022251394,-0.11900118320863368,-0.019382040229160347,0.04090235161640641,-0.021425413176519106,0.12376450765191983,0.01624679829692465,0.07033996582414502,-0.06213817538964925,-0.10290390665824542,-0.00706000352449955,0.05005103697681502,0.13450095842397022,0.05753025213038276,0.0675192963421231,0.028501169315265723,0.08799690223789425,-0.026370791762655287,0.01286026013595963,-0.0325087592807034,-0.0625301254638188,0.020521320595952113,0.01154716261360876,0.05250258706992924,-0.046740215320447774,0.042574919639381134,0.11263228729847127,-0.06887782126050587,-0.03125216991232681,-0.09249188766219944,-0.018617296251655754,-0.09977670690476932,0.0949364480963701,-0.01692978764745603,-0.04587204341132924,-0.03618171914635759,-0.006371098355351776,-0.07058839824213527,0.05378098820861826,-0.014674026507163235,0.11231649916939843,-0.05870289183855174,-0.07091343486916692,0.10922606461196342,0.024525918671152676,-0.1289458521493127,0.02323437741426433,-0.09718167387571446,-0.013947402291992404,-0.11486131582616071,-0.04885449867453375,-0.03852837629655651,0.0019365100969479737,0.02264774974666058,0.047680418627780316,-0.17561381215611244,-0.061857907192728996,0.06772384004877104,0.03155414532422516,0.07872571684908077,-0.01998949354485303,0.019987266964565233,-0.11431906735551103,0.015336094270738652,-0.0156271077938154,0.021624450601359955,-0.1318893440546959,-0.011014220835798642,-0.030347857357290304,0.04578204245969843,0.05643977028865023,-0.06711698484007213,0.04412568288988327,0.12774428061148624,0.034674963764205986,0.0033784918884047738,-0.05731107093887521,0.012619089880661441,-0.0459833789244782,0.006203941783640664,-0.042330504719976896,0.02576880838543291,0.04137470896352742,-0.04134013680499855
WHO Peringatkan Lonjakan Kasus Corona di Negara yang Longgarkan Lockdown,health,0.1149466485663917,-0.09458283473282514,-0.0073451012669650565,-0.013682631386441178,-0.15972953192289224,-0.05455774316955793,0.007504571812250538,0.005821754361909539,-0.021899461622474966,0.11559379582499078,0.04377021030582404,0.03250739247518915,0.24445092883585567,-0.10669771995455908,0.12826713679086527,0.18905755779897812,-0.041733626950372985,-0.1374568552605836,-0.12405064050646268,-0.11040102573560243,0.03614954666929147,0.06475661571670552,-0.2560802479030091,0.1468183011261398,0.05472806998421646,-0.17463278098175664,0.03276205164694319,-0.13256722694970777,0.08739212620737749,0.23401733308511447,-0.043537069448393584,-0.05616097883396093,-0.13297679212944138,-0.002869719401463253,-0.031908497155558754,-0.07538177229987321,-0.028369869948600083,-0.05517266422675695,-0.08486529812359048,-0.12608339080694378,-0.01348474941950582,-0.026376448271623283,-0.05135408238097191,-0.08418480823069813,-0.07415227107924216,0.013308447476369313,-0.011286597942301059,-0.008926199225558014,-0.04886123977721405,-0.008227982048698814,0.019075438171280188,-0.11620523001614354,0.07167996265926609,-0.01763491070632587,-0.03166545169994858,-0.0519875484187849,-0.08091887738140316,-0.0028514923246402073,-0.14844760570576485,-0.021474467017759433,0.03615224745536642,0.030343842187863592,-0.03489107911035111,-0.050036222135465096,-0.039622565079924066,0.05576924785629763,0.03627448889443065,0.05571040619028044,0.10541491820800604,0.04709952021689102,-0.021882663945826556,0.019565088830937712,-0.051820860453535296,0.13949890191589123,0.0010863148453866558,0.010762599365575318,-0.08364964629697624,-0.0057228316429231586,-0.017427364217511707,0.01160428916257854,-0.02010030708578953,0.08179981987886085,0.07140662048111486,0.01298119514669661,-0.08034610025803025,-0.0010374175901550877,-0.025522935557186547,0.046250802402322565,-0.04215989964683889,0.045130264139203936,0.00310933243425141,-0.03692824590883452,-0.02431247215680518,-0.012814216436616338,-0.0015242023317867128,-0.06265550080647195,0.06756708675995157,0.00933301689760949,-0.027885759492549813,0.1159217129388003,0.014182229620036343,-0.02153780437423971,0.039102532830265394,-0.06366315450565094,-0.005673222854897258,0.0061314552039569755,-0.005688886606106908,-0.0799995615405163,-0.09040586029083246,0.02306220415146911,0.046855956325920926,-0.031142701295104276,-0.02526480550579842,0.026806223409364165,-0.02419055380508737,-0.07125794362898444,0.07047219945983664,0.04900097320569389,-0.03398115412198541,0.005611976793495577,0.02271107594364264,0.07564283256028256,-0.011861498165658377,0.01170968147085549,0.041818893786892256,-0.0018702010184146584,-0.01705440686819503,-0.036398121918477855,0.07412255820011432,-0.02822092190968221,-0.0338190809178363,-0.009554451010891135,0.029936070112009435,-0.06515326589335733,0.024432805427686898,-0.012748682164944456,0.042631911400475606,-0.017003020667642966,-0.04415256830690497,0.04743404705455772,-0.0037339220028012247,-0.09038600619036892,0.03611583301426577,-0.037264448683493843,-0.02991125423446715,0.0003132344359283389,-0.04076560126385466,-0.012255653711941617,0.0052922131693693385,0.06527194740352273,-0.018678586180398055,-0.01910227493845748,0.024880358894046283,0.043394103486528765,-0.028572021025565143,0.006520134572356568,0.07620498563606058,-0.008576417211126888,0.0651204528179742,-0.061648143942281707,0.12408947331238451,0.09485374437930698,0.04820125962912333,-0.13584529465084838,0.025303595156326946,-0.041291878354718536,-0.19683336630181814,0.04601374342096065,-0.014788636215711172,0.10056600829776934,-0.0675146142514388,0.058681560176457606,-0.018891752271868713,0.06829440316335282,0.009738402787287798
"Sama-sama Lewat Droplet, Ini Bedanya Penularan TBC dan Virus Corona",health,0.10655625026488882,-0.14916708862131284,0.03375663763121935,-0.07499255496083711,0.08024264999229178,-0.00874549128796251,-0.08344618519303117,-0.07823872949440236,-0.12527024023909025,-0.053670280796834044,0.04973769353972776,0.13868113959185882,0.09176974779382494,0.035981707572699397,-0.052909985863036864,-0.1081529472429109,0.019599391970662607,-0.09913570412922046,0.11114081596552705,-0.08258099924552309,0.35744787700244496,-0.14710009046022623,0.2047830981311781,0.060320503365495874,0.1590144723282118,0.07980747386071374,-0.0037944309016794543,0.04304415646357299,-0.0799450569391103,0.057814419781341074,-0.09322539043669188,0.004559089610016035,-0.01495306779991727,0.1280756782794262,-0.07307300582826164,-0.03175539495825025,0.057050452945404805,-0.07017478969505742,-0.059981420810625796,0.07842370070471137,-0.1730999085013169,0.10972331294294954,0.04364836003568728,-0.016186672876220155,0.17627859906290744,-0.06532891021808129,-0.05670942588017095,-0.11665504614291096,0.007237439406690988,0.061908745049802254,-0.02978068693809133,-0.04746907822239295,-0.02529272689868313,0.020530308655885836,-0.010141775982330981,-0.16431593496405333,0.04095448986517818,0.04805523666882507,0.042963677321648415,-0.04865205355164925,-0.1444586411626793,0.016844120826659717,0.0466439503788886,-0.06613578771490974,0.028738201589721055,0.009190323653028722,0.07586854399650379,-0.040693078511454615,-0.06251119856801357,0.05225847387863373,0.007358454736377682,0.03087493338782171,-0.07742581517266002,-0.01688048030200155,0.0509329128354728,0.09330911263797123,-0.025966885464714255,0.0731861999921259,-0.02862548651552619,0.0236178173073573,-0.0498157908422689,0.047392681024289895,0.11674184095260491,0.00911509612763087,0.02793281764449315,0.031988027862796066,-0.041699940327158826,-0.012100630095267694,-0.013731982363156045,0.011445400347178558,-0.011142950499105108,-0.02105538956078045,-0.017171111271187495,0.0039883477090867075,0.08587173576837727,-0.08179666539962836,-0.023036071776187553,0.026254885151370623,0.017768591561826846,-0.034710327296069314,-0.013761528733150553,0.0021492189987256842,-0.005019661793612528,0.02229532091447184,-0.027942810398274842,-0.04419605449849312,-0.021110700634035338,-0.013443439796174574,0.022299296802722458,0.11611343026921153,0.03422741817348497,0.009705925176688527,0.05304454405834437,0.012323856390594808,-0.0878279225107235,0.0507629919227248,-0.047595989379386805,0.06910711405968446,0.06261905507682108,-0.02745340989176126,0.12486741582507206,0.09233764439909659,0.05805821607752285,0.012886900923508785,-0.06688123615792822,0.03849230653034202,-0.04094177003286146,0.040778950964476,0.02185809775865805,-0.0512745519258251,-0.02019190371411826,0.020518139255644843,-0.04005013590404436,-0.02443636357166785,0.010431255221273498,-0.007934464703744652,-0.0040896175433877005,0.0266020223889137,0.02810298431621708,-0.034119428678570804,0.0269671873977141,-0.00452252992978279,0.06252914423118076,-0.048105595761744425,-0.05908946896588885,-0.0012012293195429345,-0.011352259212588737,-0.08932728820604788,-0.003071331861935863,0.00988548268612498,-0.032009881303455376,0.018830158526073056,-0.05019140675928742,0.023783806956549566,-0.036802924838676254,0.017362134279253823,0.016144578257861395,0.05131958676216639,-0.06806997064857372,0.018147352871789528,0.005627298008166553,0.042180481376247005,0.09631216838551318,0.025170009794429914,-0.1524346455124733,0.07567962151187511,0.027571197859425956,0.09779760484797508,-0.04108547113787025,0.023768975459066113,-0.009695811385917848,0.09385342702013831,-0.04940113486336237,-0.007366212895073283,0.013414619456040226
"8 Sembuh dan 5 Meninggal Terkait Corona di Indonesia, Ini Detailnya",health,0.3450147780704698,0.37613801931494756,-0.014682579740083464,0.13158687051644216,0.05354563223170184,0.0436199080765197,-0.03663481548816277,-0.007970071898514165,0.01597671013804629,0.04405399934267296,-0.06881820798987624,-0.06962416036570868,0.0028943703969405428,-0.0075394522664080695,0.07735739871765726,-0.06413172387515909,-0.026170941808666377,-0.034588609971836555,0.02204678933100977,-0.038125576126637736,-0.007442531295167009,0.06895710289404368,0.08095088958216588,-0.03925883436491505,0.02177227160449345,0.02514149351813511,0.06525381458540049,0.06593509834894162,-0.0028596069429118864,0.023095873721891987,-0.05502679392304838,-0.009501092900303921,-0.03462619491055389,0.030761865239273413,-0.036694551036163515,0.0015624719299260842,0.012991888905687891,0.0030189431908609144,-0.005007129077407439,0.032637825749918616,-0.006257977444986781,-0.03560961440934019,-0.04821232752896845,-0.03349989264754101,-0.03070246396602637,0.023766555075403702,-0.04675228098917986,0.07065169922063591,-0.005762336003040064,0.02299517273671196,0.032662044793428595,0.039776872806542324,-0.09103498232086997,0.016193335412774405,0.004805270901965014,-0.04267310615965301,-0.03612490548865628,0.05519824778318434,-0.049110120837617725,0.022507183290464014,0.009111547301399466,0.012004517275259396,0.001941562488279573,0.038231621721178034,0.0042394811666833674,-0.08457147106047787,-0.11259955983560736,0.024445655252258943,0.009201632095371943,0.059699143026385355,-0.05230439434846778,0.07490306836607856,0.0678154515076231,0.048907015317538126,-0.040066433687765364,-0.008276253706898452,0.10585254635085749,-0.014108365622257788,-0.030076892882384316,0.019574972734235536,-0.06357870719115923,-0.0024038710484278886,-0.02865452564545438,-0.06420698099125345,-0.03296896132408231,-0.05927316475648937,0.019590837635058225,-0.051772565308570266,0.018537794384313678,0.043827505473142896,-0.08101822444917185,-0.09152807106490578,0.005957773671001135,0.051031067869825045,0.025849898881782116,-0.012556014894809588,-0.06991084378557755,0.02990196135544522,-0.060159844792164525,-0.0618572517558357,-0.021337985294957024,-0.058000412423671585,0.11147661831491003,0.046979231149407656,-0.006707998319007451,-0.005249289556052539,-0.004727334193783965,0.03281806998216416,0.009361790107734629,0.1462062083527181,-0.05905266933575865,-0.0210067847755702,-0.07035377466971107,0.03245740029564365,0.024618792928089748,0.0019127186382184866,0.008464463194910525,-0.09264776059852747,-0.0898630391085944,-0.07186202843801155,0.01873024406222296,0.07867606674560063,0.0619003336565091,0.020223885038031773,-0.016090257910473325,-0.016848837588253975,-0.02994496489195588,-0.06503873943070775,-0.0030247824106540383,0.09166650419196122,0.04950635997014173,-0.015568538207987504,-0.0609514642865167,-0.001441942105022937,-0.15929388528369637,0.052490079751492044,0.0738262499045753,-0.20572388527578303,0.032042042257962866,0.07628670567097032,-0.049664250773107044,-0.07498329434708999,-0.022071371897667922,0.06512577177296704,0.2265374350459901,0.05653977746055174,-0.16559847326351965,-0.147203910445188,-0.0565431531724196,-0.07606961867090388,-0.07237511423584325,-0.045070095124130155,-0.03762296270650931,0.12363299695670722,0.06680157097190102,-0.04577118213635465,0.10245339893036422,0.07102939143913224,-0.09181373378262586,0.0655264537996961,-0.11990559009499417,0.08820971730231149,-0.06720991540529493,0.03860931315614715,0.027521221297524295,0.0727299541419653,-0.05803719608359623,-0.0340018210973112,-0.07103976647766574,0.14273918107429323,-0.08413835491518581,-0.041921955616020516,-0.0031835444478554666,0.02355411235325336,0.016533436614282426
Viral Hoax Jemaah Indonesia Ditolak Arab Saudi karena Positif Corona,health,0.08258430508635604,0.08888874507625008,-0.04184386981085066,-0.05929276445485302,0.04687465629045343,-0.03576940838702868,-0.078383692641502,-0.00658922339049515,-0.002808231837133657,-0.18023679485212926,-0.053264438121597125,-0.07558324383378726,-0.11899182629456498,-0.06838575265100844,0.3352931610196006,0.015735386868520426,-0.06179770381642719,0.1462133488428772,0.14502127444957166,-0.03514578296438929,-0.0323946367186955,-0.16223740511941032,-0.09074396742515785,-0.050449337625820996,0.0757925950722494,-0.029234512386217354,-0.007094404661398623,-0.03435054219615782,-0.04154293301122938,-0.033790583567804115,-0.011030001252985689,-0.1298521841457034,-0.09788063881282186,-0.03238062593550677,-0.06686193912295495,-0.08805114818451784,-0.06686799981408513,0.0042785683973835175,-0.13709299990782345,0.10595617372725248,0.14087019207870505,0.02337627946832589,0.047252266869889044,-0.07260793809762965,0.07329787274532269,-0.06942004729211675,-0.08018293109546826,0.11248585830505389,0.045766795429982986,0.12840641786395882,-0.014263383525345133,0.07709102095630668,0.04005974947038365,0.05940720443649604,0.06470196971279218,0.04053789465977585,0.048463620178240754,-0.03625439982266542,-0.07570422635850407,0.014439414526380008,-0.11139291341929186,-0.047933877297989196,0.053269309345034835,-0.03383150083174776,-0.008329702418353313,0.014539451450377508,-0.06037597329412942,0.010755091866049848,0.017293953769945712,0.010436296550833144,-0.04383698843553211,0.028274608228158797,-0.03198122508322594,0.01802858978433138,0.02717984719185542,-0.08561813844390966,0.024366371943538096,-0.06072205963396267,-0.01577966730173799,0.018450837606443664,-0.008460691555819508,0.000148648836665151,-0.0038906223690427606,-0.005806628662350802,-0.011395493209407184,0.04177090412388862,-0.10888623076640389,0.05040813901569125,0.07116054417430986,-0.004246412291494959,-0.007544133221683,0.03265829772771856,-0.04146755752803787,0.04325679096420162,-0.009032385681212006,-0.021891939793763023,0.013777041871582022,-0.03483154490938464,-0.07014031121912859,-0.028910404793526277,0.004107561083947594,0.027967828875148332,0.02843475630711636,-0.02024042471723142,0.05857338022752642,-0.0069269031106233515,0.007947988737149496,0.060474557268645875,0.034679366664272925,0.018541533610870468,0.019766254226033435,-0.020943031429588314,0.016764925915497355,-0.013054199514263388,0.07431448563338695,-0.01999630733821461,-0.025618374091465477,-0.037350078853797805,-0.050835499346812876,-0.1269103002968204,0.023079717876172703,0.018529629943073785,-0.029777968255790325,-0.018859718479652968,0.05015699430244359,-0.04025157883892221,0.061788377492899164,0.00917237164555566,-0.035713526844602564,0.055276093879520795,0.17112916270897824,0.12561422122310245,0.1282798054117006,-0.25490922484513084,-0.07292202545827879,0.10669533473913038,-0.012293375948278597,-0.018987840379277827,-0.1211836674520735,-0.08664881231850513,0.21615458199662693,-0.02118714250015518,-0.050645521354424336,-0.13817179773752442,-0.1441840332342002,-0.09906311611947075,0.033560149671819174,0.01566454068703928,0.0036820663848795647,0.06731236571482221,0.18033889192969363,0.13084149538615233,0.07322723942849572,0.08610557846992148,-0.007346914528913958,-0.10804242632731953,0.022272554169483993,-0.005205825118542059,0.022205909503546856,0.06061422284404307,-0.025824174549740727,-0.05903966644166933,0.027342779073492723,0.024250437054354517,-0.013143849776675383,-0.010832104568021582,-0.016000366134036766,0.007438875778870323,-0.0007987691730880346,0.015962711788686124,-0.032885687108273574,-0.02577520777104849,0.03977747958066496,0.03434144750460185,-0.0051936914865200745
"'Indonesia Terserah' Viral Gara-gara Corona, Tandanya Pasrah atau Marah?",health,0.041269793326878544,0.1075020856369825,-0.048620305501110336,-0.05293612036761617,0.014953492132960435,-0.020709562062977062,-0.050858089379242785,0.03378957531044346,0.009000246216603587,-0.11494761735415136,-0.019948745172648035,-0.06805058884354985,-0.06934316309777061,-0.01287253369633966,0.2228824438913747,-0.011464583841673818,-0.06833440593302159,0.05595108969881321,0.0642227799052859,-0.019924923960131142,0.006775079732900024,-0.0756641665534533,-0.055103385232871865,-0.03052361879258056,0.10482508542407883,-0.05557019639918924,0.020003886624363417,0.03592022584139303,0.00914516071535918,0.0018067445088956041,-0.036104867224398304,-0.049815327803746215,-0.07767356001398192,-0.0243594378922294,-0.019742435606451388,-0.04476120316957027,0.02335725162875547,-0.04769877629824427,-0.012973403473220626,0.05997941920778484,0.06960446016976228,0.030892319566794224,0.024615561996020878,0.003659829704340674,0.015726201194122828,-0.02136972441174484,-0.10323524473058097,0.05720541975114172,-0.009519815498265426,-0.025003875842074398,0.06043740354695027,0.04155892161123123,-0.04272280157104624,0.015779807343280328,-0.010949783831983053,0.033965294546543234,-0.030565747804179828,-0.05676867265064897,0.016216306820263128,-0.09101591984461764,-0.07851536885233679,-0.0982273413225766,-0.11213619275256552,-0.005747020958776482,-0.02152784150650352,-0.0007350828782313442,0.005733625166244076,-0.022696557724827985,-0.09420265881631411,0.032208184937322346,-0.03623799819758648,-0.04361701422652187,0.005443940748713988,0.0219692044219692,-0.04324219557586844,0.03434196407565932,-0.02196794175035009,0.08847758252943319,-0.007550474149737986,-0.036546669484793994,0.07260872634022202,-0.031175023867200478,-0.05648632876516879,0.02261736448556723,-0.025603171076474134,-0.013529451271959005,0.27750370872610713,-0.0912901203252858,-0.065565353336352,0.03652565588289616,0.09832173397484693,-0.14674407159794553,0.2372832089407093,0.16798393360414812,0.10743642790449186,-0.042806900198107546,-0.19539100273310997,0.24677257924461596,0.20810096722169685,0.41630199391018846,0.04923024722276005,-0.04855482131239677,0.12663388377593335,0.19930125715377497,-0.05820882495817353,-0.06484855209976519,0.05419976820042111,0.0917749019522452,-0.030512900724016172,-0.07710138169421245,-0.008282721053796035,0.10691764272947796,-0.029736650936653543,-0.1524943012223925,-0.046773090839512275,-0.04541407111628792,0.007139977728593041,0.01938597746867385,0.06197887551407411,0.06903717446003364,-0.031949485492709,-0.11763692778029541,0.013193997479538023,0.06216273384288957,0.046936695857163944,0.01487053876260704,0.0016622414910517206,-0.01624899712684673,0.06167324008313256,-0.040651522541225754,-0.01176413577813602,0.05896120850070889,-0.04541483244224392,0.030587530703012487,0.07460577534821104,-0.02249102208622517,-0.04346702827076017,0.011165254697426843,0.022386012824625927,-0.011591697318814006,0.01700366404943771,-0.000285365857812248,-0.00043545233281559785,-0.007667458665301699,-0.008102096510186476,-0.006238023576870479,0.010002905462181586,-0.02199553340613849,0.01037899181155282,0.004416840456192157,-0.008349165893629388,0.0035951239253482923,-0.006624242862193207,-0.006410968815710568,-0.013019421033614588,0.010957068451986704,-0.002729956188386118,0.0001052259786570597,0.01120939702810093,0.005767367463466488,0.008568703387873874,-0.007859638162886918,0.013607898323278677,-0.0053128658796292565,0.0020315648144109346,-0.0020058940161146806,0.006987816491442351,-0.01462181195189988,0.0019229097180863655,0.009074372957528408,-0.00284639128388107,-0.013471038281089873,-0.0014917763666143702,0.018692674431696144,0.0074258977193590895
Studi Temukan Orang yang Doyan Minum Kopi Tulangnya Lebih Padat,health,-0.052932048965014036,-0.07547168934312244,-0.08059004697906996,-0.007685526673646358,0.04589064890030206,0.007558929146961211,-0.06430837670117356,-0.14562885806066897,-0.05664674377551389,-0.060836763659024844,-0.04348034529266241,-0.11393957742339908,-0.09620384430858443,0.030237672887757087,-0.1045210125777711,0.16359964046082373,-0.007796073427109655,-0.1098298556573863,-0.14957428993708624,0.01540854512157757,-0.04008845968781724,-0.03447522924806308,0.13144345688801398,-0.06126721001805832,-0.07743753054575023,-0.11658437048519449,-0.03636415545901864,0.021567545817426714,-0.10897482318731662,-0.043136599500395834,-0.05245508022532638,-0.025136203989025968,-0.14276033657113635,-0.08309750212542999,-0.06128036640840986,-0.046649847524107176,-0.018345147417659354,0.01699450759893773,-0.046727897385611554,0.05088339882908821,0.010503102088328279,-0.07219390950641648,-0.03326922595183213,0.1840548958697253,-0.020308366223322372,0.0591223568471929,0.07644807690032757,0.0757071514504319,-0.1042733856366963,-0.044986737701386025,-0.0370078732503054,-0.055179541628481356,-0.07258990719391106,-0.07280104167780918,-0.05698393351372893,0.049211308881033644,0.07020968821163083,0.0205435071287023,0.02370159399389009,0.04036508579214793,-0.014831498175360521,0.1206365629693666,-0.04686639152987942,-0.1667555568322432,0.15097054824083717,-0.06395702555044862,-0.13543938814538975,0.09438066149061522,0.022128850405919123,0.10430157273814397,0.0003351138050196687,-0.11145144193012885,-0.23075765415858787,0.11970122153905595,-0.0479218017442632,0.03969175845886494,0.01760562216376935,0.16142524404048203,0.15575334878732822,-0.019268183410795673,0.043293708653836645,-0.02091177337792549,-0.05121335652287345,-0.10661903761916644,-0.012730208137175873,-0.055927852587227156,-0.05138115868906769,-0.04061965265823435,-0.05709710063054843,0.11534130648075949,0.01692357108536993,0.06545977073290812,0.02958547199613102,0.03505875132361273,0.08424079707854112,0.013328891435387983,0.032871310078088585,0.02390695110978211,0.05278443859200292,-0.05422797961451218,-0.03868093715936178,0.04774972131281907,0.1488811177882291,-0.15498120815921257,-0.03171857217335797,-0.11034852500648562,-0.0057425971172287,0.12062683438774478,-0.046995747336011195,-0.058800333727834685,-0.149689974964565,0.08120059353146221,0.009332335945378195,0.008274481324378764,0.13912546152969166,-0.07577048103193613,-0.03340353725370858,0.03188024234502741,-0.03248267908394658,-0.15749527934086519,0.021086862687093196,0.0777910844777498,-0.032856270779537684,-0.057469750873738276,-0.05301150199766545,-0.0028554696351630326,0.05959040960438209,0.09880097270139365,0.02402981824770957,-0.086517595988321,0.010314945060288062,-0.03844236219470862,-0.07196728599352382,-0.03174023488526767,-0.0018949001286360733,-0.1738096549906934,-0.006928531672852451,0.06338816676855069,-0.028110082869397042,0.06676891784466914,-0.021844998843901946,-0.04202470617509603,-0.06922441758602188,-0.14140672335029184,0.0005499425357625642,-0.009083218577543893,0.03181756239580568,0.003309235578993285,-0.0011647588310336693,0.0043774268786618675,0.027624904850601727,-0.08861299362806037,0.05180131392374682,-0.07624888775312201,-0.0037740724929548153,0.06948827247099018,0.0421293449759195,-0.11240655176511215,-0.07251041635123882,-0.009076109152067028,-0.10976219605129789,-0.03377262671275271,-0.011298070338420112,0.03752133841932962,-0.05904418958040675,-0.03635507655391167,-0.015187604961491108,-0.015021481623181463,-0.031120829217779797,0.007280568049361765,-0.04137450156360241,-0.012702829837694577,-0.032300139097201926,-0.003907648683145629,-0.012712747970641284
Kontroversi Terkini WHO: Penularan Virus Corona pada OTG Jarang Terjadi?,health,0.17939516388664747,-0.17503623190528161,0.022618011782746264,0.0545896136127483,-0.0784361172523936,-0.004542117653008315,0.1180285011752643,0.03337912219822881,-0.1259047223358115,-0.09165765209415506,0.1327790556577808,0.02090173000018569,0.08163758974830874,-0.0053039053904207255,-0.02553884670899814,0.05817924021589296,-0.022962402008436845,-0.07038684578385672,-0.0031933570895297213,-0.022134205959377286,0.06483328620183075,-0.13062534065732606,-0.04980217019287141,0.09877090508511191,0.09846598806625015,0.015563930470592558,-0.14557004440141186,0.10784503876529594,0.09038506730736949,0.25425978538055877,-0.022611619639639504,0.0685975609786418,0.03454466719981663,0.017101340636416027,-0.06504632865729469,-0.08689165882453458,-0.027090521114662414,-0.039744454408166506,-0.045048657808478776,-0.031063176396413313,0.011390828298382847,0.13775706983417918,-0.032555011709398826,0.10859037412285663,0.011065519388055058,-0.027670831986808805,0.05887135957681844,0.018245719479396304,0.05085494325498895,0.15458719528209172,0.03359863933213436,-0.08761727346479692,0.06534433398300343,-0.13336837006001243,0.0030406413780297123,-0.01517572526975584,0.00356958108732243,0.15019428374898766,-0.08789696312029248,0.05868632783545742,-0.02705058430832288,-0.005908620349423387,-0.0017731735559154288,0.04452939204627496,-0.06801998119317212,-0.04899216995589753,-0.011716700494092208,-0.05759025652052959,-0.09525515367860841,0.021706724815607335,0.06968758782967781,-0.08746070527399993,0.08080489464785798,0.01759916055396259,0.02018613808100746,0.0990932749575319,-0.0443844777361205,0.01458886973333782,0.0465915148661301,-0.009823972095014738,0.10031074853828964,-0.04067101142112154,-0.16845693247236024,0.0377585124254679,0.00455704713754714,0.0017617193563096464,0.020651983651066602,0.08708371594434305,0.02587333841182737,-0.015405468811710007,0.10157302378192401,-0.026539250691303747,0.06489576956330363,0.044604208950753614,-0.030732478560204522,-0.030259957579585536,-0.03365303609650516,-0.011154868134140829,-0.16621125773777526,-0.14768917938499723,0.005638974709542433,-0.03590451210426169,0.005097047218345729,0.05529722644178992,0.017334065869272757,0.09111701232664712,0.04277898978353895,0.0661280240767289,0.01102336524711312,0.033124352828334085,-0.08539561050591883,0.03965180256148992,-0.05222166772549928,-0.0737049492441917,0.10797731247022946,0.0558591483202882,-0.05762682536854162,-0.08287673376460578,0.07649870177093186,0.09419250854711948,-0.07437766561316815,0.033660455876965006,0.1046891663045321,0.12070679848975426,0.03728639180321728,0.041716698352368645,0.12108794943303329,0.0482701127627225,-0.03238558675932149,-0.0022222639889430797,0.06812457893128523,0.04623988550572394,-0.03472750374595262,0.13368404235100803,-0.04382533689628729,-0.05771241789770734,-0.02239152825565819,-0.028530743555380232,0.03678819921386774,-0.006128069898435438,0.08661701976449694,0.012003570454809084,0.0478073314549801,0.04177671747003986,0.001324408178426964,-0.0367959467062666,0.07772607989287492,0.05307889347657898,-0.048549848493340306,0.0002958351973012775,0.04456146260133327,-0.016053274397663384,-0.044526040831216196,-0.044798213220490636,0.040253236921079905,-0.0045331229253135355,0.10970341285030702,0.01419398265819963,0.07523901943958797,-0.12035783513500732,-0.09085684017282519,-0.08718652846378158,-0.03280508437326163,0.020615111169849477,-0.014991936280247094,-0.01492219629133126,-0.011721903292250075,0.023317129702210896,0.0870081820214219,0.07134770091651121,-0.15701979821605191,0.04528196343224244,0.0676992999411627,-0.05134237023628157,-0.020625144227726135
WHO Setop Sementara Uji Coba Hydroxychloroquine untuk Pasien Corona,health,0.2083590424212895,-0.22570924720193153,0.08334686803997435,0.024842202565570633,0.08389441987209742,-0.2188440145238212,0.04977261313964327,0.14943997042448726,-0.055232530057498494,0.2411552300794321,0.057845091619794675,-0.008448038563124087,-0.2464292804512022,-0.08613137361038961,0.10128183085123696,-0.050378962452112604,-0.0024551254036487406,-0.06979836405007268,-0.04135498677231075,-0.04483812247111555,-0.17790079078714396,-0.012455656120054422,-0.12963422774682912,0.09441549483863332,0.003680458912630466,-0.05690285114431487,-0.02597411185846892,-0.040065158800745376,0.17486198824765092,0.15751173279475914,0.06595067557487076,0.06665540332436319,4.632334908465799e-05,0.05019908376044322,-0.11431727476082967,0.07782377393665996,-0.03287004532902629,-0.05212532063759421,-0.06933891410847562,-0.09674874101036146,-0.10858567306183688,0.012163132966123997,-0.020702765839803437,0.07733426626956312,-0.02306911423692715,-0.02102694142886629,-0.11503926458542524,-0.05512692276789209,-0.004569620588577067,0.04029043699531327,0.002525125154714554,-0.0070827285672265825,-0.06497621866612634,-0.017469840306472743,-0.12151583274682581,0.019103398120148492,0.04754659862762636,-0.03205091814310859,0.05023884427297169,0.023719609723695596,-0.07364567665747888,0.05675529306424231,0.029041353370761937,0.019013423524851664,0.022013814375465002,-0.061084156609712545,-0.0011626151548006637,-0.04443660203604919,0.009257148454677485,0.07787003943820439,0.03456167420686792,-0.04326221779714463,-0.0775207204686229,0.0054460270679732034,0.041763249858261554,-0.05134023379874388,-0.0011899795117108595,0.013257807414998513,0.01088058148563361,-0.010469647753218892,0.054502123889417414,-0.023453576261876774,0.001954200298752196,0.006411614507782553,0.027729558261186876,0.11454290481760544,-0.09374654932569675,-0.04892551087899045,-0.025797113018065285,0.008222666713580785,-0.0023230983161948915,-0.030048857535348222,-5.210941820891671e-05,0.053681433182444796,-0.04323024872155818,0.016816140949293713,-0.021366313395552262,-0.0737798346739234,-0.058542447960972556,0.06059409858919858,0.0158657803934534,-0.07207800078508594,-0.0013817351786206628,0.06152529841336745,0.03519282438702379,-0.046523406581853076,-0.10262727425696781,0.06665957718255619,-0.050897878566250845,-0.05455376150320241,-0.04300455856496931,-0.03906618490907416,-0.019234556077771862,0.0012423938394284318,0.003078344444604398,0.028247846677022737,-0.027988027061980593,-0.0074685998440290596,-0.003256724745819034,0.008920004903908818,0.033499690467717766,-0.01924223790801279,-0.03642291658253088,0.010651677465805772,-0.12133559529384995,0.058276651445516414,-0.05101075873645716,-0.04360839923391083,0.021022167162076763,0.07140702573571461,-0.04499065998357375,-0.03381312840807196,-0.02540648046897858,0.013738282655806169,0.0009657418647205979,0.015478472508524807,0.026097385805195293,-0.03428173226346199,-0.01135353640206868,0.011627766485206116,-0.01044294207904489,-0.024872269954168177,-0.010964837316592167,0.0781113431302232,-0.04190142771722066,0.0203850299316463,0.048485759143565205,0.04472192479879127,0.0030372671873710997,-0.0025853917417896174,0.03394199626663968,-0.009755623066314072,0.02400165414033818,0.00443095221529847,0.019034083842493114,-0.0019354834740207632,0.014281162421660375,-0.028135529910166802,-0.08185408973910431,-0.07004658508092618,-0.030106255805456714,0.008957823803443545,0.04796877425560666,-0.02806107039845646,-0.0015990601623948554,-0.05129721862974275,-0.0394697762040932,0.022992524478657142,0.006580716861781612,0.09893585155924611,0.19016781425738422,0.048779783462685654,0.09027821182995928,0.056930531810792676,-0.10522578065936838
"RS Darurat Ditutup, Staf Medis di Wuhan Rayakan dengan Lepas Masker",health,-0.06506026993519717,-0.03721339524619146,-0.038372067374603434,0.006177638439413136,0.0014962986381386275,0.11201094459037164,0.062211845932218464,0.12199552463702047,0.04039686469236357,-0.04230520332283903,-0.03256959452396449,-0.013879679975566972,0.03009480816001219,0.02597427264461637,0.017441775019723393,-0.06312316430316586,0.04752537115987629,-0.044918336919860996,-0.028390468138955845,-0.03355326435474051,-0.048196483741774925,-0.035293127347284486,0.10080689979397643,-0.10320453968429925,0.07691190995646854,-0.15291924471648655,0.04853273484884161,-0.11193298657322331,-0.001585150695690501,-0.004370615090357907,0.02821169749112638,-0.035514522610009897,-0.03348183259657326,0.10224101985556143,-0.004512856425605134,0.0730194179235664,-0.08563118341035622,0.018927918349093825,-0.010024820182660968,-0.06617979212857261,0.04036867441579723,0.02361891035050015,-0.031822715849058575,-0.02826339016474504,-0.08221718144992185,-0.06739824321201913,-0.022536485154931014,0.014635108938016578,-0.058836041258383355,-0.10233735779644965,-0.050620244170932305,0.08644095261847537,0.15711726883669824,0.012809963679791274,0.008949663334987043,0.0008533573258210251,-0.127685641847449,0.13822196932076972,0.11322311884228364,0.003283516958036907,0.2100431541167084,-0.008009765558384684,0.14224755412220075,-0.10870324761050883,-0.13563813971111213,0.10076368899347127,-0.08363434231927958,-0.23913382862843843,-0.11482020324406984,-0.20424271383045564,-0.14132973527680376,0.01395915016610315,-0.248308505890592,0.032195138010597285,-0.1355181581659772,0.12158251569922364,0.10628083006131657,0.017122127724355625,0.0113497543575631,-0.05306226105350317,0.07681392452682738,0.05478818312530722,0.12913550106715282,0.04038214029986186,-0.026394895819528846,0.11010523204626366,-0.0615538802083195,-0.1546241867785235,0.1283166636242712,-0.021862593578073044,-0.05435383372188366,0.12288769131956352,0.17059579087894888,-0.09501222999761502,0.1360967120442014,0.010747871723296873,-0.0005378611491643775,-0.049553081855220324,-0.06505284388647938,-0.09250704037884429,0.09058328784230779,-0.022474376511216185,0.06655472601926529,0.13531927321385007,-0.024091538900180773,-0.014264358099490865,-0.04369357232273553,0.04937889862948997,-0.1555254174176728,0.06501035374035796,0.02347374128158315,0.03649387629035177,0.05293184657809948,-0.03908229812784976,0.02716788599990183,0.07866199597552044,-0.06651751523572758,-0.09684628664708243,-0.042928258291863926,0.07581359628513244,-0.031129538916185483,0.038300812335788456,0.05179187206287582,0.055521084967816894,0.02802611237313443,0.03980794687466426,-0.03926668492808753,0.00445214605824837,0.05506548134716674,-0.005653680399875974,-0.07532765982842743,0.019149353729654418,0.042463096764736724,0.03183229444204757,0.01882292002392843,-0.0021842674597276047,-0.07399721335298533,-0.06736851936268459,0.010516690650454043,0.08474523286688057,0.02439615729643608,0.02208575601604682,-0.013283716007883577,-0.07754658571186152,-0.02005044550043334,0.05551201974924857,0.012929646981820626,0.06506751972730586,-0.026674523020586177,0.03771162519064889,-0.03706879290462202,0.08601693750883059,0.030762053643614076,0.002373835878201445,-0.001168322184132683,-0.05292013324457711,-0.01825044105106772,0.012531643774453434,-0.027828882836124932,0.00428220047889477,-0.009618025416313927,-0.029774397195930474,1.903368688830842e-05,0.004165891232384733,0.03697873448213933,0.0027846585776150575,0.011383775193179306,-0.0370911855461788,-0.03829275089683282,-0.011455524876887673,-0.006037447254326534,0.012196496236668176,0.00809728115967859,-0.0196547198488049,-0.014146180887676758
Korsel Yakini Pasien Corona yang Positif Usai Sembuh Tak Lagi Tularkan COVID-19,health,0.24056779456502256,-0.07266223644351519,0.2946348908422518,0.24781054897186935,0.0809996664113662,-0.06936163005106998,0.09243204565112143,-0.14089407395568393,0.12534706552226987,-0.09390874777524628,-0.15560434171582857,-0.058835610044013505,-0.02317646520175734,-0.17205382876823894,0.10474844557954292,0.013132561413559351,-0.07069500950651426,0.032756261307220196,0.16484701250231254,-0.14853630994776446,-0.03370265132448771,-0.04660848298501685,0.10355644011290313,0.0625199754852095,-0.023605788774805708,0.13166786666217878,0.046854986250460556,-0.12577076636491707,-0.06686061174132618,0.02679297584110509,0.028837757901313064,-0.051818892328287444,0.09635117690254137,0.06105844719876882,-0.0306911240365428,-0.050321148673910715,-0.07949643578547601,0.03569370024570158,-0.050526965726662966,-0.03659713816113149,-0.0758962859161021,0.08615745975741226,0.054163924135127016,0.06965908329776678,0.06520522082698343,-0.007350917407793114,0.049022116324465966,-0.03085388039653093,0.012070359573835452,-0.04481874863195083,-0.028569130706883664,-0.07278317919104599,0.03331473408437588,-0.04500632059849452,0.0918984693674773,-0.09213797386145273,0.07955724485845439,0.001911304366329654,-0.01097464484989744,-0.039824979276375586,0.0023596947558149266,0.09508767560288588,0.06912320096455081,-0.024974547709490837,0.10731029704257629,0.01975470258111923,0.01002879892208209,-0.026988343246369954,-0.0052263107515513494,0.051339971467506254,-0.06989461010063455,0.14871381841873638,-0.000884001058893852,-0.008449661019092985,-0.006871623656845538,0.07855869529101907,0.037514556953719254,-0.0387525675430663,-0.04076214647151433,-0.017359487203655464,0.10776499399012018,-0.043771827807184575,-0.07706136792423975,-0.001577267299442869,-0.06536574690727408,-0.06556108005592656,-0.010974378549742515,0.018691209242967414,-0.04811431215453331,-0.031690893563303096,0.037453348674875875,0.04433529991495889,0.011015513017551501,0.013773503139508777,-0.08834321412335054,0.03374398802684174,-0.019951358460350923,-0.020234414766761872,-0.049345486448831466,-0.027061528754873734,0.036305820983255875,-0.022322404266836737,0.01705210098728634,-0.02077173891269182,0.012876908573892126,-0.0228813037865588,0.011934788232974893,0.025133476099664098,-0.006053996253997283,0.0013692034119700885,-0.0037393540026124696,0.02821071032272724,0.0005560435147111657,-0.021912349281347714,0.053660044209266136,-0.0035324566626077016,-0.0050491688857332035,-0.019245284965145715,-0.04557127297733821,0.012802451109710811,-0.02545751569173135,-0.08831090531887574,-0.008787103619342469,-0.023397204053278105,0.05148085335642662,-0.08278826570444368,0.025822322498161274,0.0034483313296302556,-0.008414296889243816,-0.007722408623127151,0.07917022463593774,0.051687838797944516,-0.014684277554267372,0.01378883365105114,-0.0026495352687046538,0.01039594482852368,-0.009098788209009768,0.006071551778982068,0.01950730493919999,0.009773312768630329,-0.02581619062193611,0.008542229404095004,0.027977528789267153,-0.04272422894819338,-0.00703796752762588,0.026011540110648372,0.0705567361929143,0.051965965529353404,0.017900235839037278,-0.03341566069325316,-0.07755801734319819,0.007363255714809799,0.01564632952667201,-0.027070287532881668,-0.05243579103155108,0.037966604601541644,-0.0389874289283418,0.016203797763834352,-0.025867279290160076,-0.03562079039925837,0.00501247476352597,-0.027833242205341537,-0.043897316976036084,-0.08013524995558294,0.0662367357592834,0.011290346882190994,0.049841234196626207,-0.00012720376948894483,0.03578216088764741,0.0018098763929230318,0.07925401364186385,-0.0200340844050346,-0.0859131771799742,0.014234438110020231,0.03962266337741715
"Jalani Karantina di Hotel Bintang Lima, Wanita Ini Malah Merasa Depresi",health,-0.08333593701862364,0.007396165198487888,0.012171518898860803,0.03793198014859116,0.0013452626943022976,-0.032644979749633186,-0.004222576322103479,0.03409699906634555,0.017942490487224322,0.0820508283126774,0.06133772295462768,-0.1333076164036978,-0.017491929972217827,0.025786579686316122,0.008606938271309286,0.0017267488307391088,0.05558380232671655,0.04264625521503749,-0.006488733371862466,0.021718182728465443,0.053578711180831705,0.023761965841066556,0.0328648998088277,-0.027320951118244945,-0.04876900468300018,-0.005424452506738139,-0.07714145770888559,0.08824999015964172,-0.16794005208578558,0.09244893411998799,-0.18570843012431293,-0.02648776496306102,-0.05286467530683392,0.011338987241177217,-0.11923651199876696,0.019910451300666668,-0.2032679068776417,0.10282478277919911,0.28412458308878746,-0.07289332927440548,0.09559073156884704,-0.03357889817454409,-0.012906864862930382,-0.09561577289072927,0.01824719189034694,0.04778301789696063,0.021412967997581127,-0.12074022271724809,-0.06358146325905083,0.04947796126848297,-0.11188179216967331,-0.11062910820852533,-0.16204539070110704,0.011966904135695821,0.031988053170555454,0.07290309594706694,0.10150416007905896,-0.033933361035672814,0.08091662984247476,-0.1353022759054463,-0.022455789732677714,0.0036167806161333956,0.1473106674387255,-0.09472540880975151,-0.247533115365154,-0.020763527280904737,0.08506870359143896,-0.03441399156956729,0.08570974890355429,-0.10623054442576053,0.016774006146009015,0.0395873556097635,0.015058535460337865,-0.016993322007668187,0.1302605041937296,-0.0719442676141369,0.02805282143401932,-0.018979489796231815,0.02176486899082799,-0.06766915315613142,0.1744013249600715,0.03518917913101899,-0.09111875095353623,0.1701950589831492,-0.09141442555474762,0.07482889516592214,-0.0016317153660586217,0.14500011437880617,-0.06236103542896323,0.01868212524391362,0.029309919534783013,0.007854922697088254,-0.12201336735042764,0.0497577903480549,0.061923676688890934,-0.023481220938983804,0.01386139864761383,0.07783034116916182,0.08548606346893628,0.051033328048178214,0.006685752227673132,-0.03277035152721999,0.08563519012512358,-0.0657750673594212,-0.003383093449685621,0.16010088081447663,-0.031778169743967556,0.08682880733830066,-0.10967522045062413,0.0448496298182733,0.0331648629847776,0.004427432159293911,-0.04492932621557632,0.04057759160517062,-0.0990571784354581,0.05867371581501773,-0.007875759324821664,-0.10638111815150178,-0.10932491428537812,-0.03865148618020022,0.02690109504810324,0.03441553295897699,0.09718394502990038,-0.10218305584017748,0.043964285515029906,-0.0188134512403584,-0.06733816854585896,-0.004693164289110177,-0.06630553246188096,-0.006768019448594302,0.07301772728400635,-0.057680703569872406,0.01133717948967741,-0.0034460992617041998,0.05100514673394317,-0.0761718355522012,-0.09556978975925919,0.10271397721561094,0.08946180193411955,-0.08579589704746261,-0.00976723196881533,-0.010528783725538964,0.010918862368894392,0.03734011598193299,0.040616748759825676,0.06561224068649309,-0.0658642847450192,0.031128075957661074,0.09102772106818345,0.01501364536624296,0.04585402033580493,0.07618528086027256,0.04914439390887872,0.06545073212543358,0.05262783181780619,0.017504185953125955,-0.014021089442452126,-0.022584889143103543,-0.05444597458688619,0.011243502870767303,-0.0428554051820487,-0.0012219988158754897,-0.05790586393628929,-0.0447451581079218,-0.030143996279577576,-0.03995161885413919,0.01108998138291206,-0.00965427252443029,-0.016709270656592817,0.03933862311622826,-0.040165165511421165,0.06896334485733584,-0.01681723593751713,0.012484476399831697,-0.03949624860045533
"13 Negara Terjangkit Virus Korona, Pasien Pertama yang Sembuh di Wuhan",health,0.32176079578778055,-0.048839819828613774,0.15500484163423264,0.1242455253800111,0.041778282581745,-0.10568928012808206,0.20782753895983966,0.04259838502495398,0.10551211514390495,-0.04057398003734648,-0.052544912172709714,-0.015220712858507436,0.07859525917212594,0.055632982687360534,-0.15183312889833692,-0.12675672958054218,-0.02560270364947831,-0.004097902706223309,-0.1249368005978674,-0.07969119007108569,0.0076215074675830405,-0.00952617202901841,0.08947333874859038,-0.06487138340008047,-0.02422421475717754,-0.1996538185994123,0.051388491073327484,-0.16844760396343303,0.06394545055153865,-0.04244300364792751,-0.06433397626594907,-0.07725989206524651,-0.015436165543326295,0.06731214319362512,-0.05668980770563607,-0.016414086766581758,-0.022944291872616207,-0.16007677908577306,-0.0006698362996013985,-0.03674105247940379,0.07771836917301037,-0.023300873827978876,0.05745923175722849,-0.15203692849796413,-0.07993313227872235,-0.09917034429396905,0.0023373923205669295,-0.1179683189416668,-0.07077547394120601,-0.0853636373280091,0.022365709133032426,-0.03742521329233192,0.10301743130435388,0.020840295812632526,-0.023452739880962817,0.06961841326300994,-0.08362515284214739,-0.031331182626347216,0.015524252979443343,0.04404889808661074,0.0873149083780719,-0.00286299997407077,-0.08476458711772646,-0.09224349482553781,-0.030802202589706125,0.07502890800120343,-0.012923608464131858,-0.11845043741944433,0.07404430853105341,-0.025620216750148053,-0.04046148856006641,-0.06278971424392918,-0.11086181874956232,-0.04117195162751834,-0.05315143788803503,-0.012374627561589687,-0.02284679065698484,-0.07849564166247125,0.003989004243172892,0.07128085623260509,-0.09247410179843978,0.06373527246233651,-0.006377695828743383,0.058753642141735306,-0.05517454048010548,0.039035036284604134,-0.0034846985282864793,0.0737542071908587,-0.0607885884595375,0.04045406669648705,-0.041876585190430686,-0.003984100660608791,0.0073155207849778464,0.05913761072251115,-0.013339322398128817,0.0015827234860716175,0.0015643412731453094,-0.04692320247972823,-0.008997902974382712,0.037661463131445916,-0.08444201994848607,0.0480792939796521,-0.0023827768067560583,-0.029035052395105183,0.034473229327111096,0.037699643309954206,0.056206238061317776,0.05645800268087083,0.11126461060545954,0.04464270657538297,-0.05011991813203136,0.1039270354607669,0.020538168706583686,6.466022468864779e-06,-0.033339843942144606,-0.07438996866810596,0.052585939677377624,0.082842452721398,-0.09494533544830992,0.002162183581224916,-0.002521554596935429,-0.04982148297942481,0.006608606715312224,-0.04624030970250331,0.0007390435160852866,0.0011919051441198036,0.03979660087738104,-0.021467592350478404,0.03542224684430167,0.003983193211829893,0.03283914786541298,-0.012290206929027504,0.004516174673280362,-0.028324706099965652,0.06059297670147905,-0.03488045768445748,-0.010279183350963037,0.011084718856101815,-0.015923761328062575,-0.01724090574118239,0.0655795643439781,-0.042666643085591024,0.011841774368669513,0.03079896199689626,0.02639317567517204,-0.11360316608768975,-0.07596493757285915,0.035865170994345254,-0.029864114965857304,-0.031517767411696235,-0.06399812047058474,-0.022107962179816292,3.644158622626383e-05,-0.0006574588436488151,-0.002596512356333627,0.05788835383937089,-0.010055739421055464,-0.0010889588079114674,0.01223670022950624,0.019268082853498927,0.02763501273901769,0.060462372453095284,0.028336853174469857,0.0031848970194280905,0.0013480231828683772,0.00019454493737249297,-0.11687683399281323,-0.02994815606023104,0.029420615112770346,-0.08174307477631709,-0.08726061730997405,-0.044472503487150594,0.01295983817422724,0.026787304407421747,0.03625024792675859
"Lockdown 15 Hari, Prancis Umumkan 'Perang' Lawan Virus Corona",health,0.14409999809479995,-0.1077025527689552,0.00020308107319746721,-0.17586938659357668,-0.17632099741096197,-0.06408237786320198,-0.0334811991176395,0.014985249857067713,-0.019547481639480637,-0.014293741142932666,0.07354768020660445,0.016441003403019315,0.24725584344415305,0.0005564686777407755,0.08729831434818221,0.1097406113041836,-0.07367877674982319,-0.1289357303797176,0.013392225360101687,-0.18106750263833202,0.08087358477678314,0.06261171485240234,-0.11696357894128502,-0.03976204746435311,-0.18672115853014962,-0.013900304478310598,0.21502726443758316,-0.08610698765658653,-0.07254965487074896,-0.11495976946476907,-0.020649870873285125,0.06946685704642196,0.002584922785988991,-0.04639342834325114,0.03238217036183289,0.051165285243334746,-0.10296088935369886,0.0644203841680926,0.02050225157386458,0.052839118373865984,0.06393911711277928,-0.13021621960560537,0.008998153954579218,0.06968342766117223,-0.06348394187592955,0.014700947644947367,-0.03940641510059127,-0.025582904222315683,0.09991836136690499,-0.07130973769745284,0.10231838775277657,-0.032898971374741556,0.004279967937435609,0.00023217777308732796,0.003673177526375313,-0.007746777083016149,0.07302769332851544,-0.006043985898143716,-0.03805455257603276,-0.06232045770227883,-0.051763127770356736,-0.00033387125545610274,0.036256125838693094,0.12717887435077618,-0.08575927751158142,0.008945883948005958,-0.06540531915783633,0.01884745263774587,-0.03968761842553359,0.023914721214479746,0.15044770579076558,-0.057763160024060976,0.014088774660732703,-0.013726338945478148,0.008784767466261667,0.09445381981697777,0.0014155928064001975,0.04421135458583434,-0.01337986515231814,-0.02548913602185415,0.029561904871375864,-0.03861441010965219,0.01996874960531027,-0.001004068674660329,0.08887752723273204,0.09026575234511741,-0.07073385913950365,0.016419601995941696,-0.03486618177525986,-0.10444195823403396,-0.054147126258678215,-0.05331017143033626,0.010428607631154876,-0.07202849954780419,0.14390983276514735,0.019159716702140762,-0.016206426550931668,0.021680066608645042,-0.019805523243138442,-0.025885051763579147,-0.05778626720135264,0.06937823023144996,0.049753116907736046,0.086793555671976,0.029359783348104296,0.0548954054442331,-0.024179992446153365,0.07211774863104303,0.20879900744045,0.08467647522697994,-0.06659652123904189,-0.04306925539013993,0.043449870393043634,-0.03806539536090093,-0.0703145165889592,0.06476281168335925,0.0034290612776709368,-0.03201364025910849,0.04119136935754723,-0.029666024680007168,0.037547779489586756,-0.02178147744886581,-0.05682711183781102,0.010325686132798084,-0.004893378880675391,-0.021232464316139277,0.01986464219463394,0.07103899421270668,-0.04627605357133955,-0.03145834888433112,0.019032698211248204,0.0003590011483710795,0.09146008499449124,0.13848807420408943,0.048644186516418636,-0.02424092890394235,0.006923670205129118,-0.044723633019583306,-0.02937736937621801,-0.005044076747757462,-0.06488861246721739,-0.021830323433015407,-0.0572740628877441,-0.09356589375930921,-0.12071170765152861,0.04698050160146621,-0.011658134547323793,-0.09233047403849765,-0.01922949782393099,-0.14136206084554287,-0.027412597797292756,0.0802945579599957,0.019460206383969426,0.08382232800188415,0.07088825538619548,0.03765354233463348,-0.059943445053021106,0.04211937882498931,-0.08561196689316786,-0.07027760606023603,-0.012892212763009683,-0.051304711428402004,-0.0039010173324745038,-0.02811071977909615,-0.08786194840012172,-0.10300458456577156,0.0017461514830854883,-0.042482207176178115,-0.03125623204393437,-0.04587547745808809,-0.00482324307536408,-0.12540611513784505,-0.013332110709907903,0.06976782577957799,0.02121408364484016
"Viral 2 Suspek Corona di Klaten, Dinkes Pastikan Hoax",health,0.02968210511045281,-0.04383682610635136,-0.08033016318505865,-0.04001971062220776,0.0006898227014139831,-0.004777110460306917,-0.05427704548179667,-0.054128373326576947,0.0002449414278138764,-0.09547675122599707,-0.0221682529311013,-0.07622132103905156,-0.05619306026932933,-0.03961449417420458,0.21069873160297306,0.04583009063000727,-0.0594452482784647,0.13196463558547342,0.16238535803026852,0.06099407789081963,0.007051762398782505,-0.0770145154177024,-0.07762709426392567,-0.10830649346056183,0.13840386930352097,-0.087760872549339,-0.0039067073905194845,0.014113049338696861,-0.007382175275959346,0.010948758046413591,0.010507189474235666,-0.09261858603224561,-0.09632514372263094,-0.05292009403981241,-0.018000350092012153,-0.05391286067753387,-0.04120233719951899,-0.05112731691121578,-0.0911930762664373,0.10624559099109114,0.15786703072053018,-0.02142541075518313,0.03423702452905264,0.006649169906890104,0.037366173142419044,-0.07159899742599078,-0.1789743740954265,0.02724600311170608,0.017786310292478433,0.10206169143570062,0.05564166294262628,0.11446767809909737,0.11223711961489775,0.0336640485659474,0.026174721962628048,0.13748828947321243,0.052386172154654846,-0.14368172916747907,-0.011139615385765014,-0.05829527817567593,-0.15076825995480841,-0.1618833271925603,-0.051886095637959935,-0.058455773886434886,-0.029473348317161235,0.07739069765541023,-0.057269973596802956,0.012209056907598532,0.006655483224419092,0.019812006107228414,-0.03803421792148804,0.07305657200939276,0.006721571426491347,0.041531641266446484,0.09324734112298921,-0.09968279388134359,0.035303467429810304,0.02575226800283027,0.008405123942600777,0.041411950479537774,-0.0048295252636164744,-0.03213140007080688,0.01226458885054025,0.06937637199519202,-0.05495932791829286,0.028981069660679135,-0.20368998183317566,0.1026875107346086,0.19222454444053083,0.0382925370243999,-0.03168817983084807,0.13307742227037847,-0.11081744520498055,-0.026647101230134803,-0.0651864585877393,-0.11255946936471117,0.034891352758304524,0.004058056120517864,-0.10437801337098553,-0.0562710034007931,-0.015817351659641807,0.040969977291047795,0.02000277976588201,0.032901348789135684,-0.02694206041390539,-0.02093010404511471,0.040288756868496006,0.0297087363567703,-0.006371611372714601,0.019875996891436144,-0.0171505246634882,0.14001089842253253,0.04199739025365754,-0.027488949147262964,-0.06976186702685216,-0.06846123556268603,-0.07417655577381074,0.05636884983422438,0.03396354650061938,0.044295169655480436,-0.028358374579390902,0.053924901826962045,-0.11572526166372385,0.031028660422548482,-0.08236088300239726,-0.17131804548761667,0.006246803477832999,0.009138828240249952,-0.034752398171799016,0.045142184850294184,-0.1339556650992526,-0.21519421882357245,-0.11422861368948835,0.24143843679847785,0.08193649075719002,-0.05252784508691336,0.09613278962622976,0.07961510481038715,0.035303710519387674,0.09422659304076855,-0.10961555181140643,-0.00171973633194791,0.07194669324408497,0.044546403504120195,0.12822756720108477,0.024040641400234986,-0.019202645383707223,0.002949355109739846,-0.016837089696668552,0.03913767770820847,-0.08522425370648525,0.026861578199603664,-0.048255039933924215,-0.041341916939522834,-0.005702544230294694,0.021857946885271082,-0.021442045047711106,0.001106399848178486,0.023415477043504006,-0.022720978628533544,0.00598829723739074,-0.00041693600585349555,0.005985472377965084,-0.01233612488121871,-0.0012107646553359721,-0.0005011475365937212,0.03643742815681917,-0.002819414962687924,-0.014548837510500161,-0.005238128148316075,-0.004933645251049001,0.00931207089826655,-0.004111601448528651,-0.00846325214538026,0.005469824129352754
3 Cara Meminimalkan Stigma Negatif Soal Corona,health,0.0053375029074157684,-0.11870488807595768,-0.08572237669588152,-0.023413748900314602,-0.0697729738501929,0.18441167981809603,-0.028404320765614614,-0.014991566120370678,-0.006926348147207257,-0.07106066164787506,-0.05781036832258217,-0.048183421333279346,-0.09110491112375027,-0.12346141936025802,0.026359649560498147,-0.17624951172079462,-0.04849355809142699,0.047417648165670734,-0.15219822468813077,0.07952690682987472,-0.021111192792023982,0.2342653972456144,-0.04353114160456851,0.12016704036258867,0.010456836936692967,0.17642438987529935,0.24803195432615588,0.09933369848207177,0.06299001083479809,0.030868933405068674,-0.06681074013718818,-0.08975820469749964,0.1366165583495441,-0.11713331122864686,-0.05244435197167805,-0.09519578664238501,-0.09621192511074719,-0.036350550155304855,-0.006186035598289031,0.06545301553941606,0.008060568927461428,-0.06586473900807215,-0.02358813803332877,-0.006769888465277989,0.022865959439578323,0.010714126745191049,0.11011551196230991,-0.01795038970335443,-0.11350527983754145,0.08607571122821939,0.026552576202743386,0.03489625488114172,0.1320998140347671,-0.0018646870931995191,-0.05020754079370153,-0.13055483125922934,-0.026546662798661327,0.02571128561561479,0.009427704943684001,-0.07263403387217587,-0.10432350108879693,-0.0070783935791814065,-0.07673581190375828,-0.015285792028950963,-0.0335641150730575,-0.046453393570796926,0.0605122720820648,-0.11022846463377667,0.05352017437427329,0.08446352612699255,-0.03109289234098874,0.05031989025688787,-0.014198770528142139,-0.017041888725288595,-0.04695138507505445,-0.03309556139495594,-0.010031674983262922,-0.06350076639906027,0.07746427409635119,0.0022910176092606894,0.013752615447273115,0.0641738323126683,0.010025797518393765,-0.032065947755361125,0.056236217869413754,0.0992745990081473,0.010281148393659097,-0.07867145738207704,0.06407264738997057,0.058183696770562496,0.002654445171527431,-0.020342901484279027,0.008260320682499355,0.028596609035689977,0.015062217157427366,-0.020758501500486765,-0.03130558360306777,0.05263686708714334,-0.045255587916357885,0.03658701920236343,0.046878991857342546,0.014477251678732025,-0.03234538149366248,-0.1018582301866755,0.02775537044512115,-0.10567656923738354,-0.054262091543749155,0.009015136411889661,0.060310938909199155,0.07040143346482161,0.03526500240965992,0.034105697827272095,0.05749097488516586,0.055515929402431274,-0.06908913000339686,0.07591484295936039,0.04375177016540559,-0.04116363812237911,0.03694664088017725,0.06556718265856618,-0.0628173878878328,0.08255286134521289,-0.029108944955166013,-0.022956273154157356,-0.0786935752829402,-0.012034582545750768,0.051817247160976215,0.04403458579715312,-0.07905141925159288,-0.06554473975325602,0.06274930731131036,-0.12148229977066223,-0.0008991051530860239,-0.009584935759803997,0.07158182748133489,0.08004931638066382,-0.11932164866761967,-0.03185550304890114,0.10983543991856443,-0.03284003707777125,0.08012132170660513,0.034962897575142676,-0.1931498769257211,-0.03851018522948042,0.07735164048212695,0.0456899924712836,0.09174558111562013,-0.014628827407589409,0.07152084210914227,-0.022323014257658366,0.06560061919249732,-0.06271441435010736,0.09722188336794324,-0.04981139806076991,0.17526183557623767,0.004533776813345691,0.045620803760808966,-0.02128341861046138,0.07724375122461731,-0.13485750943069333,0.04246729844602755,0.0763648392953588,0.04527490962039899,0.0812038182306783,0.030524629448630023,0.08328003469305441,-0.05378168901772742,0.006086158842699558,-0.0453666038480556,0.005224314406842421,0.04706783252254415,-0.027068731246906192,-0.06873109784518397,0.039631591030709006,0.002235197860125482
"Kenali Alkylglycerols, Zat Ampuh Perkuat Imunitas Tubuh",health,-0.06043680167854342,-0.0028225060467036087,-0.0826629150200594,-0.05958112878648984,-0.10030499369692965,-0.08291856139735361,-0.04222367773400866,0.003235387404239296,0.2676218242442784,-0.07575071960503685,0.038647939333416655,0.1354175046808667,-0.09134765997172568,0.08977008854743639,0.024216119419380795,-0.04724934278056782,0.025152506864996052,-0.012682499734135584,-0.08075408838430613,-0.10913463833182167,0.050109382759234794,0.1413687077277985,0.0953906691871478,-0.11623846698939029,-0.09837354881319275,0.022294429246329517,-0.053521249165554126,0.02209288133152719,-0.053462601535490775,0.16692332679404323,0.20863879040247232,0.012020239040552503,0.07881405674286528,0.17978868628810046,0.07051518138697156,-0.11466249489106013,-0.0007502184087869864,0.061284752643425075,0.012561058414923795,0.10196234055118475,0.09795677301769966,0.048714244049565855,-0.09111619114606803,0.05871702284856852,0.030101225790248928,0.0981185826602153,-0.031531487118625266,-0.07554221428473655,0.03330247463181604,0.01543617363618896,0.044725210968409056,-0.08505247706991277,-0.04786673997784761,0.02472984570835838,0.052931158909969626,0.12715147383286457,-0.0855357031182791,0.02784018977129243,-0.09994154598695171,0.0799443536433991,-0.022430904988987997,0.01208075198153617,0.010081709004337665,-0.060475800247556576,0.02188393864558863,-0.05139829284433947,-0.03220546701547363,0.11679693586262323,0.0368135685663806,-0.08223566081182962,-0.09657254922341443,0.04292596778485739,-0.032452675995466085,0.030462261261980098,0.08310117179726197,0.046497257051236154,-0.06113888815380443,-0.015827325993857666,0.006091036980205795,0.008844004049094883,-0.03210836811604454,-0.008355854678208456,0.07160426224711744,0.01901214356844759,0.02746878340455531,0.011191517676969893,-0.007595462354903024,-0.035775165947916916,0.05499525894875436,0.050612924561592214,-0.10812058187687114,0.006016499076884994,-0.026782031801180023,0.09158474405307146,-0.1665789731413091,0.030595030613552354,-0.08176730041984905,0.01976784544695501,0.04489821162220439,0.051500241693737056,0.061145225086007254,0.009317709361431165,-0.06023123608937907,0.03617005720368813,0.06629954861987647,0.06887885077826822,-0.08889981410128911,0.05997994263603054,-0.11144667661132862,0.01534133622702989,-0.02777948991928947,0.12170000413460644,-0.10433550762694344,-0.03773752033385747,0.08924906363562057,0.06973387297447067,0.12456031645312882,0.09039124035786399,0.13465026891653673,0.09609368226237333,0.10639235432176068,0.15940697931236505,-0.1293366534342116,-0.010891136050269475,-0.07728633593720594,0.10013792493605796,0.024312857924097955,0.08283795058645975,-0.0458466625458597,-0.03367902763319301,0.05826480430858801,0.029184316890761806,0.021460337478998063,-0.030243354327903118,0.08499396062097743,0.07461601546011924,0.019687684118939855,0.025350569135565014,-0.11635340598983578,-0.08566439693046082,0.051494257398848,-0.1264319710390932,0.03406129313618453,0.0333149897184804,0.02066146091274079,0.1457281415584716,-0.0016577228302077985,0.18857777033459616,0.01667523233778304,-0.025265484180919475,-0.12222295592936024,-0.023902781084150497,0.05880769697264709,0.06689047529609003,-0.006400556761986462,0.016367684502695747,-0.05068398405474124,0.04714014509285197,-0.039426983199187034,-0.02276397238975919,-0.01940055730269312,0.030907814214573424,-0.07230129241513451,0.04941630059722011,-0.03406674932592643,0.03463200004302523,0.034436592019634234,0.002324052567845259,0.012963450773723122,-0.009263165933323233,-0.03599079169764135,-0.06866622205378213,0.023406733688939224,0.012822711587486872,0.005485840293373226
Ratusan Orang di Ghana Disebut Tertular Corona dari Seorang Pekerja Pabrik,health,0.06778109742839018,-0.1593833926396068,-0.08524595673227797,0.01258644159704631,0.10832366762887051,0.03777642627360755,-0.09976746979114602,-0.29235669981153806,-0.13351385057950815,-0.1728010362096044,-0.08173238969813226,-0.1541234147152979,-0.16229803917609725,0.04360615019504174,-0.05799967797611082,0.2718634036210348,-0.05750246884428057,-0.15469911404020997,-0.08349982232235957,0.04134447509371808,0.04731720687798123,-0.09203633754522766,0.08609448732915843,-0.0352816399195398,0.04377410351263636,0.03208623013335396,0.004542691565877653,0.03609912946087545,-0.022223981076963998,0.11817201967781917,0.04368757802599351,0.10988853454357679,0.0576139343196285,-0.002242785641259508,0.0069317052430772595,-0.011561896829857215,0.002673025197186866,0.058062779002620885,-0.0018479048804849324,-0.0026955664493113086,0.00977615125454744,-0.10374802264060931,-0.028339849329348424,0.014292554136763844,-0.032903561135921924,-0.018895325336696394,-0.06090142276800198,-0.032496759911449,0.009164027828885157,-0.05926895914207512,-0.019386983644235183,-0.0007182212153589375,-0.02914667814552272,-0.10289247308107605,-0.038667204098712944,0.040472272465140145,-0.047517413179543895,0.15063107984228918,-0.008091033147956722,0.08648240433003945,0.011506679214829655,0.12560746934307457,0.09590123826674705,-0.042447194975900486,0.00866260225948004,0.14895648538526216,0.06154644549501628,-0.023157335948637014,-0.06511850798724372,0.0573986771820408,0.017162825140436863,0.02564138619116691,0.05574249219305885,-0.026909485328897483,0.04657951818746331,0.11436392463512089,-0.02090694435606549,-0.003199553785931911,0.006650646570330719,0.0006441584541260909,0.01619736706605567,0.035535198342631254,0.06998393911399554,0.055266312040481866,0.0035038531208917262,-0.021976092040038718,0.1288432438630894,0.02473491916762126,-0.037008896422571574,-0.038751293772413896,0.0004890178314646332,0.017177276752729082,0.007274415420275092,0.08067137883568105,-0.003827174966531176,0.031936100778957796,-0.028170044084659715,-0.018847871343249473,-0.007081961947353892,-0.0008097336842189716,0.01322133220106434,0.017809780823360506,0.001101300925834924,-0.024091648785405696,0.06808622514899557,-0.039905371407636656,0.03179432794357582,0.01012309963673504,0.08628430379470373,0.011372511658033067,0.05561441792054786,-0.01563821202705277,-0.02182199725731524,-0.03055058347166449,-0.007276711034637737,-0.011778040129505223,-0.01798462354807687,-0.08993718232191047,-0.06893711518408549,-0.05389834006445144,-0.04958934310568911,-0.03387379515246178,-0.006650478873934368,-0.1315916898551444,-0.02979574231291233,-0.03015784936492024,0.05993676633898957,-0.08597572796198893,0.07921821383402024,-0.019091469398559303,-0.03305565166093622,-0.11675273357360497,-0.03665445598504979,-0.016357468377154155,0.04158661123936049,0.18194015858367948,0.07912193346068079,-0.019988460069658504,0.021108518627101974,-0.03485461927413962,-0.038601760819148546,-0.09405862279556915,0.10359911252493201,0.010691508710054979,0.05674585112059565,-0.04613283245282845,0.04437306412560643,0.016499374759547124,-0.004353897069940857,0.1298975482260664,-0.0658139158127918,0.14860152304081511,-0.004945817998870816,0.10355735421434936,0.0397872348875681,-0.05021861694986227,0.08150491295947827,0.05380424771948963,0.04486214033680143,-0.10934324782605527,0.10309029046327445,-0.04574697717246795,0.05439202934920871,0.043097392183908595,0.026566680906046344,0.043084672229226004,0.03409331663963755,-0.1703599575833421,0.04501369287262866,-0.030043069161720698,0.0381348422555716,-0.04314177103278196,-0.03610118378263956,0.10386983657403591,-0.033712261931971486
Sebagian Pasien Corona Dilaporkan Mengalami Gejala Penyakit Saraf,health,0.10691885447510903,-0.08337698342380023,0.003460305018348681,0.1122879161822849,0.013609294426816784,-0.13723865078129,0.028764590801280257,-0.035139773430776754,0.43961815978365265,0.00218086049912439,-0.04111201288940395,0.22480478758449507,-0.17035437774418583,0.07968980337360199,-0.05880068073012343,0.06994982045548855,-0.03021434157248551,-0.08320811878668635,0.0017567187988505946,0.08543128160304386,0.009631205666447465,-0.08907556276824749,-0.1343658519420555,0.020123257462411292,0.08955148913128151,0.058350011641826745,0.095329058674789,0.0918698958954752,0.01801160484950659,-0.08492084684895643,-0.08951765099677818,0.035749731719762305,-0.12417481183037014,-0.11508877973526839,0.053277280245286655,0.073434797120906,-0.08859592747049327,-0.0288938767681796,-0.03140225399453573,-0.060488852709363695,-0.07716415655980652,0.03885575519028151,-0.028013864702269988,-0.018692112116960355,-0.06701910054350457,-0.10450196349166097,-0.05353490714320591,0.1197734453172724,-0.054468663545294005,0.011594663191802369,-0.009190219763672902,0.0781806342158867,-0.03563216622960351,0.005970068924900706,-0.05374328232242595,-0.07768960066863015,-0.06936250098477391,-0.03605820429014981,0.05785921089367131,-0.09043724340395892,-0.009940001427964333,0.03348717735204035,0.07211836082658023,-0.009045117956101844,0.027414098744661743,-0.07428625951286584,0.056197554242686056,-0.08044884624256124,0.05173041737314889,0.002543450740998728,0.1130927467079211,0.013573203371801233,0.030876238709710336,-0.08514959666797615,0.02124997720345725,0.014792937066125033,0.018968485028675007,0.04277603547267924,0.07267180616792927,-0.024322977056777283,0.051471275062019706,-0.07634333053166523,-0.011378373918396826,0.068229843638233,0.011178204387391604,0.047489239562669226,-0.026601049558138978,-0.049946307632517145,-0.036530176224003244,-0.03597195057823455,0.04096811881339051,-0.0006348656104969967,-0.05735332516011851,-0.07481732929354948,0.055735524200896155,0.01970450583275357,0.002159263682736146,0.002154943806166577,-0.0478595141259342,-0.006474436399725185,-0.02946612001921445,0.02923645453451726,-0.031532760102189826,-0.06936727594861354,-0.03487455230709342,0.004663331082779111,0.09451122101165164,0.0015782853800861735,-0.04312187559488025,-0.045595869026553756,0.05249337091465675,-0.0008988094690324185,-0.0158781209244858,-0.02461737451646017,-0.030257991572040798,0.04170904503717377,-0.011510431001168138,0.09641147607848399,-0.03776228643861222,-0.01018405507902898,-0.06415493266898223,-0.03915697352637012,-0.090068432305314,-0.005426821887963552,0.02645969662035749,0.06998982334138586,0.06226735962602619,0.10305317480349359,0.11827552513581621,0.051630419118723674,0.03789828419515953,0.012508390053851095,-0.06764191610400917,0.019095079882879895,-0.00870971550475318,-0.04377250433372843,0.10851689452772714,-0.070160052375047,0.04220374244200616,-0.05556991918931694,0.07744950352245748,0.0396770200052727,0.03375095740454745,-0.0027576324436675275,-0.052960452474736866,-0.02245195925655442,-0.05382083048655914,0.0006920312450088972,0.09158580446898897,0.00493207705421844,-0.0920178258106373,0.034707392980397385,0.040838092243514396,-0.004175665646108401,0.02536072953293362,-0.03623817706557857,0.019303479339716968,-0.029409309936510353,-0.011177988613532582,-0.02490104963318882,-0.002832738265910245,0.0846950148550469,-0.057962105486115835,0.01031199701310445,0.003460834595519859,0.061410664684902874,0.005037119724334016,-0.009403722245976097,-0.061894393729927076,0.047385678251199284,-0.011463451255190278,-0.06776400665436538,0.06111063903602359,0.012193730249422734,0.0020209808021707707
"Dear Wanita, Ini 6 Arti Warna Darah saat Menstruasi",health,-0.059954081537624555,-0.008681704448897024,-0.02336523787245393,0.07363899560952906,0.017337610673523986,-0.029215226633685133,0.023966138101114483,-0.017661690698140463,0.03536818223871964,0.0027871420313132934,0.04957176749837636,-0.1010065957719166,0.06023668103663936,-0.029585673985548726,0.06047754246605693,-0.044538888747234495,0.06232095820562623,0.021121949858553157,0.036193363547934065,0.048105618300669804,0.01607571423299478,0.08504814233437272,0.028017319960563884,-0.09193159771337407,0.015518162358333448,-0.04562404253190308,-0.022808021354883735,0.186849717118787,-0.1456439921753497,0.04957065390771113,-0.0823837262296948,-0.08455472511869826,-0.05700413152725973,0.03704498418443794,-0.0241372648230612,0.013664248425051127,-0.03311314850153514,0.05359793594985185,0.14482371515814635,-0.0967727950416052,0.07239920021149358,-0.06393360664038565,-0.13790173491158436,-0.14253208494088027,-0.02627781451240756,0.058221155748092335,-0.1239040686554884,-0.0015917495394638826,-0.03533617357504927,0.12150365300047676,0.07662826417373203,-0.19759408563955633,-0.095481907230599,0.00849744007923664,-0.0028142070220411046,-0.05960496865465378,0.2604230472136479,-0.09362909101195935,0.17339942570094463,0.12041368032676414,0.2191284818405328,0.13244942507462154,-0.0421605428283154,0.056108959921855286,-0.02451371353049971,0.04557347025875493,0.15531236646689453,-0.03947567066145314,-0.02673772773668352,-0.034888831958545315,0.08903457714471846,-0.08367650243374271,-0.05420507895121815,-0.10899393814909993,0.03947301232502906,0.07955782648256554,-0.11109004212497696,-0.10064582153080663,-0.0018808053962605805,0.024635500566905083,0.034840458070837146,0.016010652903630317,-0.025540505740291552,-0.040813455003478036,0.01263751303763302,0.06183476404520798,-0.04786090487980494,0.056532126711562845,0.052537655968155524,-0.09935028348612397,0.046098137033469155,0.007058403404715489,-0.004677574229073146,0.011815959582398868,0.05938273529292691,0.01500547634199447,0.12862175715714091,0.0059065286582506244,-0.023594082846244903,0.10210182629965345,0.07694742206101063,0.1093258176188991,-0.1567654083480865,0.03318292020115113,0.00633129441206235,-0.19487316429404625,-0.02583045682946818,-0.04459076199401887,-0.12889378445806554,0.032731994675750345,-0.008474434309156937,0.11113726373587096,0.12358713476496279,-0.10354432862327732,0.06739640154237707,-0.05078784307236025,-0.03196627796184933,0.04530519696073976,0.1466008950363408,-0.10643552302386325,0.022122512395772634,-0.09572126226758705,-0.10919835306627981,0.12606586050390733,-0.0781519344564651,0.04833539728220139,0.14209980314567128,-0.09100551505547082,-0.08207316438296143,0.032254298311947295,0.014338708093457775,0.01695337143208431,0.04715474402509513,-0.028494228019868516,-0.10223541199379435,0.06152724280915232,0.029418977201337793,-0.08837679105016993,-0.033213220694944014,0.037191651735087906,-0.04364749279119497,-0.0045479258652056645,0.019144962553405993,-0.09610086735639951,0.04818078668955427,0.01213807531866713,-0.011202160842795912,-0.06655943357241524,-0.06279760649689387,0.005033953736327602,-0.04771914690351544,-0.07136381886530817,-0.00607418850540314,-0.04625717551762659,-0.012778342556557456,-0.032090094662600474,0.023403206969969722,0.030433715162356337,0.0461100111612284,-0.008058898612781182,0.014368924109866451,0.0222637508816929,-0.0038384964889240066,0.018367849827699165,-0.005486528824879733,-0.014435297309136773,0.008893605135282088,-0.004750049860433565,-0.003789098075865942,0.034720679570858434,-0.01101843236101842,0.010567587866195825,0.026664418633480267,0.005758233709583565,0.04184055020155788
Sakit di 3 Bagian Tubuh Ini? Waspada Sakit Jantung!,health,-0.05514292279418497,-0.045286807340281864,-0.0820106447032749,0.009865356253745319,-0.11914663795059659,-0.1397535399822252,-0.04514660864110901,-0.022099959740840266,0.5249175459883019,-0.04358384730545893,0.024683079102134003,0.29379393303363155,-0.14141619477657352,0.13679719366794119,-0.07902492352648932,0.07294418930653991,-0.04857222625169411,-0.0652428075767649,0.0017311780311265372,0.09343595696608616,0.0430764093920016,-0.04095002069645097,-0.08395940087683863,-0.0012436686820544462,0.059860283893330854,0.09773717270894346,0.023353413148354076,0.117129884011062,-0.013512262874009856,-0.002646609688231589,-0.08918829552392105,0.0700837373105593,-0.12329614209028461,-0.04067815824240645,0.020751848187491186,0.07344319679836508,-0.043144992926430294,5.4608630469499175e-05,-0.07577123724924203,-0.04634354835253012,-0.03725495456109149,-0.06829454629155635,-0.09890487249969183,-0.067983384483096,0.01459799667197849,-0.0022080806133608095,-0.0016422634679993558,0.12033985045749421,-0.012397234972295924,0.05815514898458791,-0.03060200174092879,0.00779417147091619,-0.05594009768021811,-0.05978701443029957,-0.003459850954084662,-0.06504452824297592,-0.13988582446957087,-0.016104285337534184,0.03019809691947668,-0.035910710967372715,0.008395071202831554,0.028022753971099226,0.055717395748955754,0.008248343863558537,0.02796925590024284,0.049376730710940946,0.03136780233832029,-0.030298673489467447,0.03746458279301996,-0.014010352322117975,0.005933183378636374,0.06860073423692706,-0.022684890607438127,-0.026344746170551863,0.005098469475477325,-0.028555771109223835,0.03898277008492265,0.0013571999673209997,-0.023940862055420925,-0.0018589025720685984,-0.002346628913538364,-0.026062273349062675,-0.04418922963456611,0.014336398738689167,0.04527510554090487,-0.05766035244111331,-0.05334890100474063,0.0006133873130207998,-0.017492660745882703,0.01170155327161559,0.027646923299786446,-0.008396880321051917,0.041144391640409644,-0.014342760296464628,0.026333208148354034,0.04422854194465407,-0.010905038250346735,-0.030384048145892743,-0.02100900649089879,-0.03821888828338926,-0.06144067834600586,-0.01818126924730458,0.015018165941918704,0.02834399196480685,-0.062482796933120144,0.023256493706471995,-0.008202550393190233,0.05405040588004125,0.008221669578448698,0.020552411402631972,-0.04460598854870736,0.022869731213197114,0.04480930954291509,-0.02971439050186344,-0.008871289772091772,-0.04291871045109673,0.049602372631427805,-0.05119169970903841,0.00667184790700861,-0.03677255525451292,-0.012065388440631894,-0.030519681455270144,0.030234084258654745,-0.005437063687753249,0.020457315693725747,-0.07778952157930523,0.01771332109198201,-0.07011031835033439,0.0027078154066339194,-0.013429578590309063,-0.010137136842510764,0.06417237926419136,0.00957647403453844,-0.017462535727881173,0.05480481588630201,0.04663180148092311,-0.03867196310102338,0.035025124430888184,-0.00026701232982462265,0.09227368529090729,0.002904424429325991,-0.014390154449596928,-0.010292165831781415,0.04017763828050001,0.04659562456844326,-0.03022892331972824,0.057528091151417084,-0.004011436494840486,-0.07603565456910455,0.03974131234832883,0.05369000689552205,-0.0659054314924054,-0.04993392617987402,-0.005166962529969664,0.024304159145029428,0.062013799884727674,-0.056592806416977934,0.06654316843740501,0.0011363382498353997,0.05683104802617367,-0.016106217448396087,0.005930543356161873,-0.022325773185238994,0.1027373750125755,-0.05510670793356682,-0.06786865514424759,0.03985232425840283,0.033833194887130984,0.10894396373061443,-0.04432301744528621,0.019859487849849658,0.08932691136718265,-0.09059156027679219,0.1082015478306811,-0.2188307715941075
Pemerintah Ingatkan Pembawa Virus Corona Tak Selalu Tampak Sakit,health,0.10351804707294887,-0.10379817164429705,0.10033887914822363,-0.05983709347316201,-0.2039080891548047,-0.037192044626838124,-0.012579583710409606,-0.0425275895484408,0.2458520482401969,-0.006981198324905619,0.00015849742349422798,0.13728925760331417,0.03010104782549189,-0.037389253422428805,-0.07615805886581413,0.1773898789671067,-0.05053040354327683,-0.024354913373222244,0.05765469746249874,-0.007311544207505174,-0.027031751184285722,-0.07276953285681786,-0.039328251437042216,0.11630380653893206,0.08088265860634139,0.09929400876322217,-0.08262407516321181,0.03455195898488779,0.0367036596576756,0.02263884384081499,-0.140018263216721,-0.00778680447582913,-0.14476168432183747,-0.0496468867461673,0.026190412039296427,0.08063246053829468,0.026361707136626385,0.06094583133661227,0.03447129357677028,-0.03569840960425673,-0.09562657673459864,0.01540913068707069,0.01342350055595746,-0.11599820118477377,-0.06051593589910647,-0.033063785252511114,0.02260787521437494,0.13093635543897741,-0.15436767398096515,-0.04361815431598541,-0.0627940387327987,0.02379816997484585,0.07938937860388687,0.016084225880956638,0.05168232399300453,-0.07382396266006891,0.025473200886299743,0.01442306994826015,0.07475813109447717,0.0036792020956726897,0.008120902599991991,-0.005518560465818259,-0.02460530425678807,-0.10475185960849845,-0.10581888851002927,0.13088089748700382,-0.008459191797424652,0.1826156588217056,0.029020671573505047,0.11418263643863061,-0.10239555072802643,8.915824740024302e-05,0.05328235524862944,0.06394157194038712,0.023174437864521977,-0.06719141604256401,-0.08496641492516259,-0.08973530212796434,-0.05916186912082938,0.009852995844418065,0.009022979318329292,0.040028909233059164,0.02528590260923206,-0.1362642019288041,-0.07980041450683109,-0.03275152220136016,0.011912762825360948,-0.08355024849854295,0.1191071751281082,-0.016145266271693735,-0.04126865765871777,-0.04794076524341678,0.08277608395919508,0.007531067316778112,0.03586945618189665,-0.05526518943403996,-0.03392697879545767,-0.0880296959903213,0.08506513478876411,-0.00010168286659596276,0.03151370492333837,-0.015207360593895124,0.02321784117464527,-0.02714027039388942,-0.03611342808252454,0.0002757173751899986,-0.05818638709928677,-0.0493698348551273,0.09463261904157778,0.10290280802238337,-0.07508507568046545,-0.029495541311825635,0.033493396965779576,-0.017681896583547498,-0.011608719034258006,-0.014195535879425791,0.007164602964019394,-0.04332910847729977,0.11610753781850026,0.06610290697838495,0.022107845097859388,-0.05390892968245445,0.06897485178466267,0.04668294105612372,0.0046308708862628995,-0.06048047366602294,-0.09811398954266579,-0.06677237642536349,-0.11496744143943598,-0.018378564357506486,0.05899118084845609,-0.09295484445573528,0.08982643050797112,-0.012780497948725655,-0.0584921509386423,0.054793921421581696,-0.12447605385097177,0.14803458746812584,-0.09410506670051329,0.026415647059861186,-0.14605053413204322,-0.04074585686486571,0.053322664458093916,-0.07896759900826106,0.05790126852585997,0.056823309399277475,0.09495128576451825,0.10925353438701803,-0.04636863121995034,-0.05716048785743862,0.06832287085337514,-0.05316325549262809,-0.059186004420047386,0.08481805170530395,-0.03458386058212923,0.03974911558005243,0.037275570813804865,-0.06342546909975846,-0.06615736711342271,-0.010352154890211766,-0.006363889262857537,-0.09250013584239493,0.00520337042546411,-0.015385941270830964,0.0268389080800507,0.09976002222860123,-0.021606776406637353,-0.025638543647850287,-0.013371813807183981,-0.013900392974290122,-0.02688039837396593,-0.07797281987504096,0.05622960348539423,-0.018241925756830323,0.06687830105658298
5 Penyebab Rambut Beruban di Usia Muda,health,-0.09307235023500642,0.03065019882062613,-0.0834595466240181,0.08560005321412013,-0.0021545092269150117,-0.016123387870386547,-0.02426911359575609,-0.002002909805240271,0.1536225568363558,0.034504338876193474,0.11169533033112643,-0.02761740660839088,0.01162062003080794,0.0288821128716654,0.021788292759274817,0.04062795950290922,0.20502089003058777,-0.13533270888346283,-0.06498949999104106,0.07581924617329332,0.02417780639787972,-0.09838233641415985,-0.0341695744596097,0.08954512974153758,0.09581161077207859,0.04965513931872998,-0.11732843930068407,-0.09284724611170073,0.025726766867920938,-0.1845833775613595,-3.850321199510425e-05,-0.06805169407602903,0.18874600658544285,0.07990554795898576,-0.1292371715324479,-0.11006135297377309,-0.037562091341316196,0.06711121375165141,0.07601755461871569,0.15483515090629504,0.05692980602238509,-0.02516324545779535,0.2929725263857915,0.03860850277874531,-0.21128823328717997,0.04002579963707114,-0.047720877704486436,-0.07465941185452715,0.08188062267746098,0.007353463260835292,0.09351116040237449,0.01787208192903681,0.01880350012669035,0.05021975435245545,-0.168519595329347,-0.029620307691893225,0.17857575321798788,0.08250906957893304,-0.021806144454279856,-0.00980849162533316,-0.03182608280366071,-0.0657637780209237,-0.07493694614328496,0.09169515773579145,0.0036344387606622934,-0.04950137606101111,-0.03683635086289471,-0.051522242649607045,0.0019132982978462322,0.04259632208787182,-0.07483672459102221,-0.04767787718862537,-0.06133090248540641,0.10817836456484078,0.03833131025871317,0.053165198831388615,0.013224284171624509,-0.0657166560091986,-0.07352410646221595,-0.011334726091785518,0.026587585115451826,0.07306978227088494,0.07503792559512687,-0.11242905378287976,-0.02442688423788392,-0.0667999244199504,0.02973557152309496,0.026679192215110146,-0.06899316908162205,-0.0003450732195837594,0.029073214126111673,-0.004888099705212685,-0.004655568400326484,-0.05698822857523114,-0.054072807691603636,0.010617394506104562,0.062094489341637846,-0.020182837242007246,-0.03619189921936671,0.0220517701969482,-0.024771755410260898,-0.014800054663487326,-0.09799467140845494,-0.013109691070849036,0.001463854115630564,-0.024768890258476516,-0.00027744950139884826,0.046608579802280656,-0.04648142349335268,-0.059203672791874995,0.02538833356734149,-0.000487235309405978,0.007730115468075836,0.016834053774869132,-0.03032813704332961,-0.11211850106469347,-0.007947430225477675,-0.06684198518095309,-0.08355733900947308,0.0637444748695998,-0.016399580740788643,-0.01000293125627937,0.06100151372375617,0.05008868227257917,-0.02316298677491739,-0.06304210658289544,-0.00998023442944829,-0.11825672885167647,-0.022055737772857874,-0.12248333499130752,-0.0652166237385669,-0.014524739174643177,-0.03336414400374123,0.05567715286267984,0.002856022270821033,0.0627449108293034,-0.019823524183411604,-0.093902505831596,0.0889875531743679,0.052562870042462725,0.11507172941947187,-0.049515797120812305,0.09315350029621762,-0.18167987908711736,0.004939679683885829,0.041056199081349005,-0.13409975716312142,0.04814414642889409,0.10152407147062326,0.0009450561932105328,0.07753908306450388,-0.09934027961124178,0.012001469470550079,0.1657850789148084,-0.06720623505395559,0.03669703234023646,-0.020560944623816663,-0.03186991854231885,-0.012527099683970332,-0.052529133243433834,-0.03159558638695471,0.009758947013260078,-0.04845024818199976,0.007997641577434331,-0.04356106614263628,-0.01499087807099382,0.0977062602588987,0.05609662968990628,0.07353378744783161,-0.01043599017914567,0.050466455332452045,-0.04001455461000701,-0.001628869095171764,-0.017642270623918786,-0.07016360128298248
Ribuan Masker N95 di AS Didekontaminasi untuk Dipakai Kembali,health,-0.0729047503928048,-0.1293523684934308,-0.09053228013858912,0.11506110125482605,-0.014489558306469238,0.3789120727667493,0.15482261567720657,0.3450872748551784,0.01403923812570734,0.020494701635805124,-0.127855365954347,0.02350211822698426,-0.022566078986575366,0.08891694514610632,0.07931455725549448,0.04696246960010568,0.04225369422495724,-0.14058653781080174,0.06003202002848841,-0.015947507204107685,-0.021343653642026283,-0.10249842162399635,0.03105753326518387,-0.09864416063061415,0.00513822843751648,-0.03590879532790577,0.006030938547493259,-0.05600296666456023,-0.10332106809601142,-0.05980337197257431,0.10846445541302314,0.02911633012454026,0.011483480641910102,0.038129137571897974,0.0426581852776502,0.009236141600966643,0.051611075397763995,0.04332277290222646,-0.01683149399880199,-0.012921172582649122,-0.05545355563801556,-0.0031026635369323157,-0.06365876173078537,0.00945059197437166,0.03157489617087822,-0.018031453443045433,-0.02523890185316639,0.05779251154869098,-0.07078535219246863,-0.025012401932610312,-0.035837533693376084,-0.037751185539432144,-0.021166973003236406,0.09127880358317413,-0.07265374832532696,0.03237754906061081,-0.004720002241124825,-0.0212524082038462,0.024537884562133423,-0.0033579995042103982,0.047338996554228824,0.007491225226149539,0.06967502283044966,-0.0030927829964958286,-0.0009551843811409405,0.06414430030128271,-0.008705801093200268,0.004035474746674613,0.04123889285946346,0.03786335960977047,-0.007479421964335579,0.10377661953243005,-0.05320989103190332,0.04549745911639539,0.012218779109768253,-0.03930121186302869,-0.02637337209761798,-0.013206264757817453,-0.16014940239421824,-0.0203780955503819,0.053842616592792304,-0.009432181048424217,0.05584130357910479,-0.016695026766340843,0.012948331879332869,-0.00018360493380822142,0.02409385321482295,-0.01335422629533935,-0.018883888475003423,-0.043039545751620764,-0.010230750427706683,0.03797507705201066,-0.09727127531990082,0.00455261059331876,0.02705928648428052,-0.04979967662962295,-0.02271633413234683,0.09324763057797741,0.04593677982468446,0.027426203015601266,-0.03913937606371638,0.03890082825140178,0.10487981015528484,0.03982826081150423,0.07078835798263049,0.028801538606890595,-0.03949655006600863,-0.04234254773990933,0.03985711659802143,0.014982303876888418,0.011229321180868787,-0.06252199269412033,0.09482456023960857,0.11470210713322544,0.09982239567851939,-0.036430181585171105,0.028084718320712382,-0.013141949834430783,0.04018830498471723,-0.049084274314105995,-0.006209990748600972,-0.02219282035019204,0.04062991678958658,0.012662163466969845,-0.01178775848178355,-0.004967288465729207,0.20272757622415324,-0.0010388311877537729,0.05143806368840156,0.0018311388384886862,0.052765451159919735,-0.011306191945434536,0.029793819370272954,0.017421982803053838,0.07124916486127775,-0.0654270675847925,0.03627518013600733,0.07716896909794954,0.06012420995329543,0.029207567527538194,0.06205471899125602,-0.001232455214622287,0.11585145323131417,0.21123588956207065,0.021237099042307115,0.09811970850933108,0.05881524006310273,-0.10114249482269647,-0.07961813686790957,-0.08027935654500125,0.1105298384547984,-0.08451081761415923,0.0842385517367909,0.031044219149820612,-0.08702470700684896,-0.13058269110292375,0.1256525240604693,0.01251954018943385,0.11563085753911337,-0.090904041411454,-0.09152558431464985,0.06978008075101765,0.0020344100188705227,-0.050627071568113725,-0.05231717359088592,0.008123819428695795,0.028022481198671807,0.06432952789078156,0.008556054985368084,-0.11427919791897585,-0.0116240991719698,-0.11382947155764905,-0.05522902443851409,0.0032548164235448383,-0.016242477154299096
110 Negara Desak WHO Investigasi Asal-Usul Virus Corona,health,0.1982334385829486,-0.1521358956170107,0.022397612611856306,-0.10634276076276263,-0.13733875200136392,-0.05383682817689751,0.0810889187756925,0.06024849672618703,-0.05633554991001106,0.0011320339249139945,0.04759943353909472,0.022285119273292884,0.11661891097085773,0.004033651750389334,-0.0717154475808589,0.03075701701280433,-0.007898316335338045,0.0025981680612878217,-0.1382726813415288,-0.052688200892453275,0.013460736889276627,-0.032365563743961434,-0.09651906113871443,0.07905541500443027,0.049371513796222316,-0.23174101095878044,-0.11477132885316634,-0.09602520002726297,0.1277532542352936,0.1667703698744406,-0.011859552215508705,-0.06423138091656619,-0.04155401107320678,0.056124593031653125,-0.05386716302624241,-0.1317783337695709,-0.06755694899631517,-0.17384801881952755,-0.029362297506117567,-0.08155750044382423,-0.008472282216724804,0.015811039864351662,-0.02443885715047,-0.1672426719852657,-0.10553900719318014,0.06193934272589786,-0.05337896966060289,-0.0205954222602603,0.0047707427761230084,0.12902565870241578,-0.03476385225154954,-0.018459336860983364,0.01876378256581641,-0.04159656803061428,-0.11683681784973309,-0.0681768615210344,0.018268464583035677,-0.015830138461388858,-0.09464767609645183,0.018287299913889575,0.07259507524153863,-0.02014781030840675,-0.0403138544325525,-0.04831328218376874,0.0813535858161358,0.02257637884072613,-0.08428796080802294,-0.03536536913134851,0.05805925510620755,0.017856237093812195,-0.06605805562021894,0.058404613907551146,0.05197608594382347,0.056824470507066405,0.04392095145089652,-0.015841864237927536,0.07812876602050767,-0.01914785657201129,0.043945682611283524,0.02025175822757447,-0.04657935547724029,0.007521219684542952,-0.002418105903501131,0.08640003084496092,0.11386234855305362,0.02568580102099777,0.11224778576109132,0.034641355212135745,-0.049424204604311524,-0.016415405028545993,0.11089332855589752,-0.08003954082350494,-0.12418189941767882,0.024744313869843403,-0.00042680522761914607,0.051115541533635095,-0.037967767596895755,0.06587531819342368,-0.01323312839514631,0.07613686497112322,0.01725500317212676,0.011841668541154995,0.012812335159646786,-0.0877525441344659,-0.051560085620362885,0.04452276753701734,-5.431249521576419e-06,-0.10952026869950908,-0.03895639250371195,-0.01756400319405247,0.001033586255229958,-0.008637224806667886,0.03871086448988418,0.07232834096559931,0.03337148237079061,0.018162477913034037,-0.13535579874575854,0.05534108506647857,0.01623138012694666,-0.13497571871210662,-0.057937575977365194,0.09212061817330662,-0.056462081996356106,-0.025814366131218302,0.005447470899591976,-0.14834471605623964,0.07669867843354314,0.030821573063743054,0.1269396897405901,0.005133755931005381,-0.03812530932373427,0.04652758296410549,0.07828649762390906,-0.004246389482760824,0.003486746649810401,0.07054482195205734,-0.06925842850894573,-0.09244533763107397,0.00021311788497038034,0.006233361104535679,-0.0890814783505947,0.028838522869536403,-0.08586655189184125,0.036708554500606366,0.01879929903547562,0.10331071783293468,0.05964274849450764,-0.055879287997628584,0.0669775354512964,-0.08903469082653391,-0.013045927827683216,0.018025655978783906,-0.0007818486425422085,-0.014593397665332736,0.01763837262604258,-0.0385648149723157,-0.12007058136908953,0.03419388573009939,-0.055538766924446224,0.12578864040387538,-0.07442386733396424,-0.13389213887785822,-0.03539511421177346,0.08385836479259495,-0.004597622357976661,0.0985089365599,0.21136120090091645,-0.027862607865883748,0.01829380999684986,-0.10854757661220198,0.02996698077860754,-0.0073626015319915765,-0.03454253972046655,-0.04417743966064222,0.01971245054025677
5 Cara Cegah Gangguan Pencernaan Saat Puasa,health,-0.06126853640532585,-0.09451543509153965,-0.08532880818940955,0.0038672549637597978,0.007980229571598517,0.14125647677477154,-0.02025894028620949,0.026281423394962467,-0.006457362770317254,-0.06113551643480541,-0.025720466441445534,0.03266297673803733,-0.040788401841046956,-0.024864493728548903,0.052121314288040226,-0.09700623310020993,-0.034347519099443356,0.04617388080218185,-0.09262015711521412,0.09547711242773374,0.011468551648207186,0.36015470692170803,-0.03866900684417932,0.16842725937903455,-0.03631471976085285,0.03801044196103019,-0.037515484013613896,-0.033468484023665104,0.03825975039228477,-0.014777341380993687,-0.20951548048395544,0.16341959426999703,0.14012274454946055,-0.1343156753861274,-0.048878668034094304,-0.11663030165357668,-0.03033119887674947,-0.07237802259277379,-0.006944003567437352,-0.03260233018638422,0.0682110425130276,0.10684740896080065,0.09752841703036336,-0.09409817780905283,0.10205269545263833,0.1100403379004587,-0.1320365243645242,0.10797867437165333,0.0787441796593015,-0.17092003430289232,-0.049702659296839556,0.08834051815633673,0.044487894883294375,0.09741785372595878,0.03401090257208208,-0.08369101852585092,0.010019647282136805,-0.054580326913080554,0.06501034439104933,0.10557138034351918,-0.041392505266793646,0.0717633631227014,0.05238433970002113,-0.06271063112816179,-0.0020983247893389635,-0.01230307964780529,-0.011323664460940361,-0.054535343502434636,-0.03199038296164447,-0.06381781027856519,-0.06513907916715436,-0.103377326723752,-0.049260207219712936,0.005059043040695138,0.09174342862851954,0.06020854197729468,0.0016494780704282197,0.02190370883023854,0.03740621489543311,0.0407672979524589,-0.07815914194982315,-0.012257296006776249,-0.009768360069813652,-0.0025682421510644835,-0.0014851528896721664,-0.05428456996808653,-0.08212035869108951,-0.012174677755050883,0.007774568283522366,-0.011058369627719517,0.07535767125130924,0.03494806395615351,-0.014474259092305474,0.06477094923718706,-0.03621497918515923,-0.005426834706543381,0.009373639715531958,-0.004614946943885271,0.053702678569526034,-0.04105072107630538,0.0011307741964873667,0.05348634464332786,0.06472586249276009,0.006371157839537724,0.02600564266709707,-0.0641658923209072,0.08423574728593033,0.09135475797835116,-0.006819563110934156,0.07683827670082062,-0.10464049077328433,-0.04612350634391889,-0.01403302233647589,-0.07378055136465335,0.0303920029297048,0.05376816078801095,-0.005427613757158245,0.0856796589858602,-0.04388509852220326,0.016389043226962573,0.11166603820178249,-0.12714329215121753,0.055501454796598765,-0.005463475068546125,0.10793568283981576,-0.10631192653780436,-0.00036590172764886447,0.09001704959139448,-0.015794678498626976,-0.0655492907906468,0.12233124273777408,-0.07331444278718798,0.006545515709112765,0.03297193411656335,0.0075728386863572385,0.02271374913041352,0.0652233336452689,-0.10425238787608256,0.05315458496098812,-0.043236663967912654,-0.06876291574196688,-0.08172389605619627,0.06757302526466524,0.1358156707946786,-0.11287500022554207,0.022172562609313728,-0.012488091071658687,-0.027997502522505338,0.0065061899558154735,0.14581033862025788,-0.03394097972091017,-0.14833898440373655,0.09719374907001599,0.03969720966698499,-0.03778677882308873,0.006876320936247177,0.07649180043290076,0.10787904562575464,-0.06549845444543942,0.07724799331228495,0.007112200376200226,-0.08317289293311583,0.012663401150477847,-0.055802171500892415,0.03186311227391101,-0.001329394668718287,-0.01528832901798338,0.01267866924398876,0.07301785471248386,-0.0950734174097298,0.008974395233855648,0.06357737807856233,0.07349248385691257,-0.028412795741720676,0.024774651439600764
Viral Video Tenaga Medis Hibur Diri Bikin Parodi Titanic Saat Pandemi Corona,health,0.005091269303826335,-0.03533966394498972,-0.15562295029972675,-0.09276739109373337,-0.02403393171811569,0.03954482961528226,-0.04294523852656901,-0.0775808426701217,0.04328515944803668,-0.10955746331517435,0.05941260174415251,-0.10336725015527222,-0.035975659358447445,-0.05740308466847785,0.07450856748070173,-0.03337850600211766,0.036074710053121156,0.15175218629086357,0.22112388536424601,0.057713345884948065,-0.0527743708512807,-0.01968297901130785,-0.0596501798713969,-0.21532020343954397,0.14206557160386463,-0.08092913000012263,0.10046121271451212,-0.15932895366808525,0.23605823030371412,0.0358175523490063,0.0016836974955900586,0.02179638983427485,-0.19522296836130973,0.052857245500791634,0.0652762067196814,0.08022262971007563,0.014040652814354451,-0.005588626129402388,0.18674300514802006,0.029335901461641303,-0.04138328487736754,0.1249999069033261,0.03259771554400125,0.11347063355332569,-0.02041273164671104,0.03449076976110885,0.02300613489936931,-0.023954480217423926,-0.009735363866515549,-0.1375351349708639,0.027971612880527262,-0.08254319407863787,0.06258033106244769,0.0015914911135854373,-0.02777298689044725,-0.08048324998919135,0.014046175342183245,0.04090352095305524,0.006228029308547514,0.024370678949903125,-0.030879620012792208,-0.09976835391996733,0.04511997258140623,-0.009586942665901375,-0.02516319392229041,-0.008572379015117726,0.07059696378334868,-0.1559524132373444,-0.0728372145853675,-0.08630205261825138,-0.055972571527512595,0.014457617682808555,-0.08717231484445404,0.04599905677076587,-0.04394310181653007,0.02337658434036211,0.08259798699623529,0.11134501384159692,0.032968301334738444,-0.04720111407685151,-0.00839794660880914,-0.06434141370771483,0.025050102972890922,-0.01244027522140966,-0.005003591172654491,0.006641224978459527,0.020393391754476582,-0.027970944381863837,-0.03698426301992295,0.05489951561392693,-0.035099213083318564,-0.011580385002704682,-0.021803994318899983,-0.0926171946789408,-0.05478037060490167,0.005000258917010327,0.08333227590264763,-0.014097095188390673,-0.05557098677582919,0.06999928302163139,-0.03901192455435783,0.01762223814789226,0.019432949422216315,-0.054029106865052155,-0.018332857925500233,0.02645966187877014,0.03380148563674214,-0.02080708973836921,-0.06820390193478898,0.03055312818094432,0.012825070722200639,-0.15431405889323213,-0.09735278567465858,-0.03815495503454499,0.01645044069690924,-0.0027286863843110267,0.06755013624258979,-0.015128599669784495,0.07789712456453007,-0.04342937307757399,-0.047235322449799076,0.08440842898306895,0.07669947182188933,0.004068703675453836,-0.016117608303495998,-0.0064805476430013845,0.13403273729602933,-0.0586629873696556,-0.11371005299746693,0.05983243270512882,0.07783664597308186,-0.10329226350617081,0.014438938418407364,-0.073322998459426,-0.08459581885614097,-0.04631015025035767,-0.02529528328750914,-0.05520371275240638,-0.02139681517210825,-0.1979903408598068,-0.13428450765754185,-0.022597866085969937,-0.025513280606586988,0.03313687973377063,-0.029517800031509975,-0.015847248673644378,0.007461604129241303,-0.025003922255616106,-0.043355450968352555,-0.043084290512553,0.030820995390177172,-0.09154967474223617,-0.06364198679459414,-0.038621589381869305,-0.006404465966705582,0.17625284468788724,-0.020109801979217974,0.057813350887003165,0.010853267840459544,-0.0066163183059672415,0.03162816880035888,0.02088766641242014,-0.031710465983599154,0.09877032734828613,-0.02515220122019293,0.0009743845900027355,0.011424667709473015,0.044368984629018365,0.10760878665699633,0.012805289113605933,0.10012973980216874,-0.02078615736983756,-0.04352522864433461,0.029689984031151518,0.029053436676220328
Viral Surat Terbuka Guru Besar UGM Sebut AC Permudah Penularan Corona,health,0.0547405477647658,-0.12501989869770605,-0.03785280001535722,0.038781906794726144,0.08766396927118063,-0.02509851704055622,-0.05868932235326134,-0.1610374665747308,-0.07236578736247055,-0.20215409846734267,-0.06060357832140823,-0.038513410653795904,0.003817503578095726,0.04957419923175598,0.20441586012267762,0.015929853763581074,-0.11575201115816929,0.05998346554776523,0.22287153290359463,0.12412378531348828,0.14888927728241075,-0.03418676833552238,0.03845734454822637,0.025430833607807343,0.1634282243895871,-0.009596310743910218,-0.17503703390301756,-0.04278827818635461,0.05915382000116672,0.08188368313013458,0.05245761616855422,0.16930940241514778,0.1619714875173254,-0.1253742662576641,-0.0006920034692816408,-0.0019287838417446725,-0.1538816044301651,0.0319614010807839,-0.04890871272305506,0.023077292309937904,0.02488832757717299,-0.038368448200681554,-0.09212217902603977,0.08652691027078087,-0.11045168007614437,-0.08296878331432378,-0.010763428720021086,-0.09710974391732911,-0.07010582331412639,-0.03014787155627582,-0.004596672898907959,-0.018052003390496108,-0.009633810632842802,-0.03330739354159336,-0.08343607631015801,0.12197835573869138,-0.11358913074954127,-0.0020044869963628505,0.006981468946874829,-0.023908672858040207,0.07864736285548056,-0.054514458244417766,0.025200076744850964,0.007824614279692424,-0.07639636368054571,-0.005726324720706176,0.03293340980614274,0.06026146109722582,-0.05905943908907419,0.013626157485882359,0.04244251432774888,0.06617006867977193,0.014693698173011003,-0.015847672796772495,0.01598230405801567,0.0776840848315192,-0.0857722157660338,0.010391162982462914,-0.04467319754343068,-0.00526459898252004,-0.001956209164749278,0.07818957155909291,-0.012406036012930147,0.04603097253939181,0.03632776355131785,-0.08043936161451723,0.10072998427552055,-0.05023749350238108,-0.06536231511711521,-0.02763418999764179,0.04392558234467088,-0.05975429109364615,0.006250807433190508,-0.11659568688660711,0.037313095096807976,-0.022144421022838763,0.027404736439069086,0.02432967979881353,0.006424197266347873,0.022873320995426254,-0.003460053176437208,-0.021009486066195363,-0.08258100906616384,-0.03786930288553384,0.02057747826536975,-0.06391278005786412,-0.09053368822226013,-0.05084509262195617,0.055259931047292044,0.0710114201242549,0.004742290958895518,0.10353211395539866,0.015136426150680499,0.01801249075099016,0.03366820731404478,-0.02460318640996269,0.06435199441512332,-0.081961978213876,-0.046825174664117786,-0.01421256450772622,0.012445645366149873,0.03652005047569335,-0.052590474485910164,-0.11706835989704259,-0.022726811399921974,0.01870074575187529,-0.02801072076509413,-0.005865409307597802,0.034675246272256786,0.07222408150756392,-0.013433828841828144,-0.12389240293750206,0.0786550071829971,-0.052482589006787504,-0.08043286327324535,0.01944458831280678,0.0011472490635043285,0.03734362199771468,-0.03877573750882996,0.11550781851692157,0.027261803134011345,0.07571629905983632,-0.058542159011692525,0.07534368104315364,-0.11562441693131194,-0.051852174858471815,-0.061367147751231935,0.02756434492739864,-0.05941425622588374,-0.1115212275686418,-0.03664873306719341,-0.13294709603316118,0.06426886393035337,0.05475070278498093,0.02344319073419818,0.05375469685639124,-0.020717507611963774,-0.008145019512857603,-0.049513823317513646,0.1033253553702738,-0.07661914781734541,0.04765648613747629,-0.12351013102574902,0.03409353845548629,0.062199693272261686,-0.09281128675906171,-0.0953481836972896,-0.0037306069626783993,-0.06550101445126892,-0.07615142983342632,0.03849187438648633,0.09971531801601087,0.03463497289524042,-0.1340810429583955,-0.03421425804444593
Foto: Amerika Mulai Uji Coba Vaksin Corona ke Manusia,health,0.045257941798764405,-0.1521603971334987,-0.0013559908639029748,-0.051791745117567414,0.033181009426256396,-0.20739567243647722,-0.052176165364488825,0.11536501525708392,-0.05908581554545744,0.27143212100155095,0.08376456678947096,-0.0501517232732544,-0.2524244369900039,-0.08430911795875347,0.12596442870537491,-0.07942510092573882,-0.012647327264321469,-0.0833702274092309,0.023367635390123778,0.0063987331532744385,-0.15686421212175913,0.04885236174212792,0.012203391071616177,0.042267822196802564,0.07786732869589372,-0.002605062814278187,0.009825779860477902,0.006188563815139241,0.07287232975850358,0.08345965592537423,0.090367315195256,0.036747489476133814,0.1086046882167527,0.07295103927070805,-0.06318082012395775,0.07447848758383642,0.0012700150348840835,0.025386547965564776,0.023008262821058847,0.0004980002380994553,-0.07113089747300068,-0.04525210587942473,-0.08322526561991893,0.11327339978656584,0.06709742037342617,0.018168892298539862,-0.0892728912251134,0.010086633293028068,-0.09326623397163403,-0.023495398418566474,0.04757441675951344,0.04076077560831508,0.01101032599375005,0.0094666805854618,0.10419909585459061,0.08606650321768754,0.04770640393848968,-0.004326154684602788,0.06924536636306118,0.019604511821903797,0.039558497513697964,-0.0047253124283112725,-0.01913639114518038,0.04497649542734871,0.07308649649354468,0.10629874479204791,-0.05569505765022094,0.08317817277130723,-0.01866682009048372,0.0013290162542870002,0.07088105355756157,-0.030717828381297857,0.05160454400808996,0.153305714967914,-0.055432265650107664,0.027722456193670995,0.11603549010508196,0.045018091855739475,-0.04208665425494732,-0.03956382629847855,-0.023392346608098528,-0.06792805767237386,0.07328534211040572,-0.008981999373805113,0.01553837855043151,0.0646920728410804,-0.033030647749203314,-0.0816556133841009,0.0099877334861427,0.061265841411359864,0.07501960078449556,-0.06533479139370506,-0.06739495743885608,0.016845248503321947,0.18590387088545618,-0.005649501169620392,0.044761749425002245,-0.032753632302021385,0.07059860163364581,-0.01614258362054397,-0.12684200938252777,0.06111576123131198,-0.10545950171363656,-0.06726511499631231,-0.0675919755213891,0.0057814843715963135,0.04957984556318654,0.0480023955481952,0.0616249446650846,0.07262284521614966,-0.016997011932775356,0.0410076419073163,0.05611112488666185,0.06967606973227154,-0.1981875643169191,0.0319328455332184,-0.11911718918766445,-0.03368553293366396,-0.04959379717548459,0.03177774650282945,0.07661663218866742,-0.019701291477493905,0.09232788471862952,0.09860892532220968,0.006931571686657333,-0.00993958523331011,0.003317490451344636,-0.06448634729775106,-0.02187151302044149,0.009877427138217562,0.04186858633370179,0.031069120997478356,-0.008858960057467545,-0.1260081047254148,0.021221833367590037,0.04224157270176327,-0.027930863331717754,-0.007706389959930634,0.002318469457359735,-0.01730338226202005,0.15344370787971814,-0.12864563787785807,0.08539153405967936,0.08120619440998088,0.0579826798676467,-0.07148464654252804,0.03223007116386976,-0.005638292149014039,-0.058064393238231655,0.07007863325274293,-0.08324326822934422,-0.05186845563805342,-0.002526393352755589,-0.05118194367551685,0.07770112417159811,0.07043582546170993,-0.13186872912949163,-0.08097699017540387,0.02887986876185131,0.022862217705613034,-0.0065904747140875,-0.00553636171715306,-0.04337403060234782,0.0015787496742282433,-0.02589238387210596,-0.007713025727096471,0.06036866611565396,-0.0353867933854533,-0.02379560494797973,-0.08428776640292658,-0.09429332508179233,-0.059167654708284875,0.019898835934265287,-0.038619707011529315,0.08296991347243746
11 Orang Kontak Langsung dengan WN Jepang di Bali Negatif Corona,health,0.01951854618556714,-0.07361232935022756,-0.08560427313476275,-0.06885698749306382,0.0595457256723528,0.04809706677385727,-0.001387014258074569,-0.19872471765410737,-0.07874028850246198,-0.0921581161352448,-0.06229014501682699,-0.12036474249213412,-0.14863890264475466,-0.03179271382344221,-0.06794480185764046,0.16072732414009921,-0.025713346788363376,-0.11607271842545945,-0.13431506177123093,0.03928216518492444,-0.09411533993605624,0.018564878975708087,0.014726054466423132,0.02835476768140694,0.04168984166644257,0.07689098754912281,0.1799979636263216,0.029220569240058614,-0.07497197064996787,0.07056094607620807,0.03279907071494012,-0.1112278495838512,0.08328262427466593,-0.07962879542696655,0.12054138086014027,-0.07270874052518875,0.010594439363943296,0.028696065212889043,0.03997598929162773,0.05049146445969702,-0.03586120035519104,-0.17989946108473007,-0.12878361283682338,-0.04219281585409288,0.024886953993943434,0.08215124494670317,-0.02106354990086917,-0.02935528336530723,-0.0003983076649594166,0.09287470852350012,-0.013347729479676232,0.0017999306201843374,0.054115254257333004,-0.002704668776987769,-0.10753661531796144,-0.06628858411671447,-0.09115026273414842,0.08323951250511097,0.10110918261701071,-0.032084198169268094,-0.11177157313641561,-0.006776950980936795,-0.019197454063965776,-0.06897817498211778,-0.033859091281567076,-0.05737573568158171,0.12287782558549425,-0.144296144658278,0.07661652625355983,0.10778617908633355,-0.09285143021291033,-0.12255410177253886,-0.05512021192051716,0.06312906353731997,-0.06764289642881137,-0.04268590988324541,0.13999947993103962,-0.09183008799450632,-0.08000895143952222,0.016805396366000785,-0.020119877772171457,0.06348214756278323,-0.056121650705994286,-0.03653087847500959,-0.007588438525133648,0.19089529948788359,0.029820084462441835,-0.01912452858210955,0.010674998016425996,0.012568786742880204,-0.026017066037495977,-0.006624003268243449,0.0031549365182012225,-0.009018416996737699,-0.06332513514545968,-0.09234936411890116,-0.059193175311109236,0.12148080536386428,0.04391069130871323,0.016860696835007054,-0.0654792746559163,0.015510301912264204,-0.19324124410856933,0.062008794627234895,0.014781925387868647,0.11187464954165677,-0.06448962870071635,-0.03817261046640337,0.0310987151725665,0.019249241904123762,-0.05741994939057698,-0.032971571033420195,-0.05232945550626455,0.13618519153592193,0.03491279889900338,0.1259130172449926,-0.03995307791724134,0.03968796044689922,0.01960234429348733,0.07383342876855438,-0.1014950908125706,-0.0007835829439100488,-0.014203736376132143,0.026843871360894393,0.044559481497505944,-0.10026640445909127,-0.05803523999674054,-0.0558180271092092,-0.035962123562406745,0.07993133138519931,0.06335624751866309,0.10419361657192856,0.056916508363759326,0.06255972723381596,-0.039921749271830155,-0.07393286672021246,0.07310194821979081,0.04233183877180972,-0.03939865662224245,-0.004775395870991211,-0.04379878031414928,-0.015196932895894954,0.0603922454274742,-0.09344310405450265,-0.07871082724436665,-0.03937083220527059,-0.07069212777724226,-0.018090392976459282,-0.07185490534224526,0.036935664090836644,-0.04055173760302837,-0.00917076528384722,0.028707269855635802,-0.11398977753466596,-0.15532979554695434,-0.011681957902249428,-0.05062632517718664,0.05963097369519643,0.0077029631611517,0.05752229379413675,-0.10472426144788743,0.05469952223577274,-0.05406135249736592,-0.03508362826638598,0.02621502006189887,-0.03951012302746292,-0.017084884234672235,0.02037876468263815,0.00387195697520111,-0.010074941491820118,-0.0035640367371763755,-0.018625208193811024,0.01677990268644823,-0.07048279449028592,-0.022844723670934073
"Jaga Imun Tubuh, Ini Cara Aman Konsumsi Vitamin C bagi Penderita Maag",health,-0.06278621111207988,-0.06350513519914652,-0.09145606673764878,-0.03924811142014871,-0.04913222650076224,0.0339234492201076,-0.037473787858768294,0.0201533388832674,0.12616257510978865,-0.08239992005261768,0.015175919108222342,0.053390226476986845,-0.10431056267809188,0.004063460504633888,0.06088296988265472,-0.10436604872406113,-0.011407512389223875,0.05162630437450643,-0.06495412111268033,-0.00306894399161116,-0.005014622430361497,0.3216385642931669,0.01503072872043087,0.005379497712091571,-0.10120266836759886,0.11255775932105264,0.015601426633288602,0.06203278578875606,-0.06111214001143425,0.03899615016022456,-0.05205663920431927,0.024824704152331456,0.04274786935049454,0.06503053890376559,-0.04433804451509397,0.010396255707784944,0.07142733735755553,-0.04713107927636737,-0.15397938841381267,-0.05715191479404133,0.08967430591595403,0.05303549018981591,0.0895540180389953,-0.05279600645122848,0.011765762988872636,0.006392530593141882,0.0455940079441994,-0.05675858901134382,0.08447325762431973,0.06010398152140835,-0.05562184776006885,-0.17442483336070735,0.07445872538479843,-0.055932923149021374,-0.23233366970249392,-0.01575816949970394,-0.09637762759783436,-0.004704159715873946,0.08699302778898449,0.03593003364516432,-0.014217359584426525,-0.09478921266832538,-0.1168993903736688,-0.06081460701787042,-0.030203763180276053,0.09151378338735913,0.001721442060227247,0.10459211857540487,-0.1515869520702079,-0.061580721003719766,0.22558695290554953,0.18208780879135694,-0.11225529938685033,0.07910622339349935,0.05886438658646853,0.014246858604870122,0.09808397708248223,0.03335341635903945,0.026869735234449594,0.005663266003501885,-0.03768375534764869,0.03491359423846902,0.05286439851009947,-0.06565916675172792,-0.054122059810649714,-0.07969065700390844,-0.008750979390193847,0.03842332043125482,-0.0285033797423985,0.03252496938793468,-0.006450529194262311,0.04692084721720015,0.10495880867643015,0.07798173837448057,-0.06741210355315728,-0.07644824586625128,-0.10579740436769554,-0.09317128619780689,0.07690973101065085,-0.08928608677424345,0.018137762977682444,-0.007861264187116619,0.05747312237558389,-0.06745576795334739,-0.037899519357833665,0.17451099956664567,-0.06077987702906854,-0.00979269699678651,-0.012100526547002312,-0.08360904558607382,0.10953329157068498,0.043798261209982634,-0.004937626618172947,0.021140805633009095,0.013097684078513252,-0.016255561111776996,-0.10517416536256748,-0.10753518604981295,-0.06508450389585767,-0.13967319579761076,-0.007789703175607671,-0.08521345889968147,-0.007141085181988978,0.06962420752480841,0.027094204916925723,0.019510699946885632,0.07968813748738401,-0.16915028901390913,0.05040076036356629,0.042505988352399326,0.061310505897667275,0.043492991260614504,-0.03140005912226942,0.07797366112242253,0.001588067230761071,0.025583401653583762,0.015584222109399967,0.05051903573322034,-0.05521145278361979,-0.047922169047609646,-0.012396777096065641,0.036941275441371074,-0.11098875790353256,-0.045758035760262404,0.0049305735964368606,-0.06542951301194685,-0.019132890734210727,-0.07738504336201074,-0.051357956041218546,-0.05150496347828262,-0.038838970555819266,0.05307880732627841,-0.016904034653429812,0.024372783318469423,-0.06748015496866018,0.14531620716223698,0.017191849735313583,0.014684829980749062,0.08878641878096338,-0.023201294971418335,0.04426138162337015,0.03835738957070312,-0.03177148566568669,-0.06810351688834601,-0.035927584172304926,-0.006327872909106991,0.07808998737757399,-0.022315356261971585,-0.09346870631573467,0.028134015895375727,0.02345148749951574,0.006544235714732121,0.05786093997999561,-0.030093398446566697,0.041539199559696836
"Manfaat Jeruk yang Kaya Vitamin C, Bisa Tangkal Virus Corona",health,0.14486898190742312,-0.09158099451266596,-0.022809655520756835,-0.12284858682016334,-0.0970128285855207,-0.013798561033989847,-0.0029061105259400254,0.013288189862459873,-0.026081701257359733,-0.03958794347776193,0.026571279071172748,0.01056663241344659,0.02887381945629211,0.012284161024917964,-0.038026975352429,-0.006539837960161762,-0.00038956257842730766,0.0812840676421846,-0.019559195383509788,0.03179598964596529,0.009851844275523528,0.03275685288121343,-0.007432896367519125,-0.03281494917207194,0.00600801145724147,-0.003058133785288507,-0.05266599385622887,0.14016478918005496,-0.08326770920974685,-0.11822820968174465,-0.031914627168109555,-0.06553421405415993,0.09937558038780475,0.02833447811482983,0.04052108646444893,0.021499098351116564,0.09904071130051971,-0.07420164264767506,-0.08483454330068081,-0.05859480839556034,-0.045380036205620616,0.06093332564267783,0.12888853348644091,-0.034385979004509536,-0.04161274079972524,0.028067690856886904,0.10385338857794485,-0.07645187059375305,0.044100115920851855,-0.014568758734948964,-0.11587418212141581,-0.031781082260585646,0.02718364780270189,-0.08799178469551562,-0.0683920941251768,0.017627497727751948,-0.01168453111466756,0.043435685724477244,0.024924807930518236,-0.024154051817095384,0.0017790443821832918,-0.03211387242827811,-0.028218881246946607,-0.08392967196974449,-0.07576463408322637,0.08473935865861126,-0.04723543730420849,0.1460565728068111,-0.10395714843138297,-0.11307975488091136,0.3131228495731682,0.12414026869757375,0.005676654650120097,0.15744284771957198,0.10414127724516979,-0.08983772423358198,0.22918477004838722,-0.02748284723258162,-0.08590507317366812,0.006543251905229949,0.001755038502574482,-0.1581723553106676,-0.02261130390251034,-0.14860610242018063,-0.203712863226178,0.23052948979348928,0.049979872811115184,0.0037080357746736756,-0.04747950028551269,-0.07340740591135976,-0.08224759575665547,-0.03513830535590657,0.09033345982556033,0.07481227435129109,0.027728610186948235,0.07477911351892598,0.09706692339796998,0.0845883821811048,-0.07670797336841657,0.010647838914698927,0.035869923270119494,-0.007725299911677627,-0.1262490486552396,0.11473063974174802,0.017734582091129762,-0.16119341014232622,0.06131527639273968,-0.04504377130689988,-0.020319169856562975,0.029822034590894702,0.032855616206966726,-0.04116945949782915,-0.0649913972701763,-0.02716348612583832,0.07947393988992137,-0.0367487232492445,0.08055396264938768,0.04188781406835537,-0.04836634089608398,-0.015274018092757186,-0.09761249023909092,0.0723420898005855,-0.013341253067458859,-0.030511864023294824,0.02432088401330614,-0.045379478664033905,0.001569257550918258,0.09462941921931024,-0.0010235551740755634,0.02461216044373262,-0.016097701823164338,-0.053548328715696696,0.018678540867832136,-0.05202782728579296,-0.02878993864952121,-0.07430688670987919,-0.007654781753416789,0.06147456832097637,-0.007204304045167951,-0.025946391378083498,0.045819454803810625,-0.007491965285495608,0.05727785257339676,0.01956825115798895,-0.006708249599892293,0.03986136020319831,-0.012734710178092088,-0.027424728369918674,0.023776155363490273,0.06093096069361068,-0.06833960037345703,-0.0919760688878473,-0.01833375417927411,0.021897100438194435,0.08595370972352336,-0.15680419536200693,-0.08631203893590356,-0.04185576554945938,-0.1243308258146486,-0.03197652150367378,-0.014065279801361937,-0.03198131189708821,0.0629381995879327,0.024608816240887135,0.0448511144248076,0.010704228735635632,-0.07989863004809762,0.04179506327910069,0.0838683954311258,-0.019234807578118913,0.012257637034465148,-0.006046257390525654,-0.029759011288800877,0.006415704078194408,-0.03405422087984525
"Kekurangan Ventilator, AS Tetapkan Prioritas Pemakaian pada Pasien Corona",health,0.13108881891678129,-0.14194320825966586,0.047131562684745276,0.1674563072318953,0.13678370699147513,0.2322714362368665,0.13695454239007923,0.2817563697531014,0.02983939702062469,0.0744672530097029,-0.08325711954305882,-0.016971147895993827,-0.1365195386988105,0.1340293842957501,-0.010449957884763252,0.1674811254215907,0.0015712245990146289,-0.030739991413925267,0.03748631883475285,-0.02976124407912241,0.061555857062148736,-0.04998695232647723,-0.11602059785407276,-0.09824841605163051,-0.11329666065151613,0.054178408483334106,0.01978985111255112,-0.06564479823016052,-0.002436178736011967,-0.04668557930993442,0.1682027391850888,0.005646469470335739,-0.050457074347125305,-0.15418077354411783,0.17273511852689966,-0.09994802965088044,0.09149762014179826,-0.05557034734092365,0.006181438352352422,-0.0689957497572414,-0.052262209877405943,0.12203209326248497,0.045111980167074295,0.01117069449883326,-0.013534876174455507,-0.0027395187502627857,-0.014205636754529483,-0.06690423136013987,-0.015562598532723548,0.02416448846786651,-0.01188360556983828,-0.08213907110995546,-0.10341920955065984,0.13555466707394126,-0.03920173084694451,0.029466246170757108,0.06257572627218329,-0.08529041272683772,0.0620046871718711,-0.0839514181957144,-0.06997454114826886,0.008590200660308677,-0.06833492325470307,0.017154228675994743,-0.004349330604760106,-0.023229967052221193,0.10060327390205458,-0.024066563219006482,0.03879316005441851,0.038672141044619496,0.0016134076723457664,0.08527033303482513,-0.025252487869842667,-0.006082824431286192,-0.01884915334241948,0.03749107288049462,-0.032621207265892585,0.04450401570468283,-0.05745365776746747,-0.006305106496588335,-0.002385168528034449,-0.041858820229057375,0.05576194186151895,-0.008332929517615276,0.047946714452302114,-0.028646882458323152,-0.053054714047574836,-0.037211504539988775,0.013716495954886514,-0.0032986502844068915,-0.07707030529320973,-0.019190271840657833,-0.10634772905812703,0.06116641579503517,0.015223811508587579,-0.018372868073863326,-0.04375576392136832,-0.03278424440277587,-0.008966224282801749,0.0493380039364425,-0.03618715262996458,0.06507097484241253,-0.015936097896693577,-0.009150704825977221,0.02476851466172335,-0.09617057881639685,0.014987190208587133,-0.022236487194162272,0.008359753471203569,0.014242604715030617,0.04234097152819185,0.02690834505058277,0.016483272381919267,-0.07159394697490967,-0.015142848797219699,0.04597448853232075,0.003865273101824103,-0.08059605797781544,-0.03928355556942124,-0.01717911159335319,-0.05497667223266662,0.04104412305717086,0.012299051742482477,-0.005331924348009078,0.07741908006426118,0.013222749227537798,-0.05116404524861626,-0.037846772789446856,-0.07906794313841223,-0.014294096737178713,0.011453781661652035,-0.07083996590208566,0.013942988527819203,-0.06726015103219198,0.07628668895824119,-0.02912138740620238,-0.0319494795325666,0.01679125259463254,-0.046626872447429815,0.011457819010805063,0.09029456645845323,0.04229796006316642,-0.06128119513972979,-0.059074716310646216,-0.04582414225509546,0.05729020515453862,-0.02891542956766477,0.025751341887401167,-0.08557037641188,-0.01949239499668571,-0.0946605622519431,-0.04991340816951002,-0.02416479955796301,0.004764884549907165,0.06527881370080224,0.046491980337630794,0.034936768994180495,-0.011902317477203939,0.03554019400403601,0.05540148225874382,0.021659989178935742,-0.09146747083282196,0.010798314222312793,-0.059572827094238744,0.04766153786371634,0.07250859653593023,0.07418258649274068,-0.02407322529653843,-0.00010567236271669601,0.05517840401254186,-0.06443585425279455,0.13780683269183813,-0.006129187340994171,-0.029279669983428902,-0.02126051297772348
WHO Imbau Kurangi Pemakaian Uang Kertas untuk Cegah Virus Corona,health,0.1861012557437674,-0.2279123960691536,-0.015208429041494918,-0.043630877860877944,-0.04526337419942595,0.20570002393456718,0.08224187831889983,0.20487295314144344,-0.09669614448490252,-0.003657783395990154,-0.04068733185194349,0.09220396649447987,-0.008440924612153625,0.052415732943946525,-0.0011697250824123915,0.106841442864091,0.005361978083218652,0.0007875848471857325,-0.0917869576890556,-0.006757867803156276,0.025380178368846137,-0.008469264624885864,-0.14827273839322236,0.12085252762637438,-0.012532856754778112,-0.09957729856223943,-0.14293989266455365,0.04986668054480757,0.15203158829902563,0.04824859961297119,0.0072148254645358805,0.074542401959222,-0.008326113161986835,-0.13613362314332716,0.08783708892363637,-0.13755541124711973,0.020034334538041473,-0.009328863255133938,0.029384372044225275,-0.056532845186896274,0.039052561830920096,0.08856149860116402,0.035415297646498235,-0.05388375843463423,0.02139646310742786,0.1729587621458274,-0.1333561453867141,-0.03213544611049134,0.08318515713025748,-0.01628755606607116,0.02740287195669814,0.0005104894677935874,-0.15105700199552652,-0.06408517613063854,0.0650793951402291,-0.03566620088190343,0.15218458036064167,-0.06092679188582321,0.03945779847472759,0.04280315339339806,-0.06474188874699771,-0.02427372002260452,0.023260464885831243,0.009062368324623349,0.06682004037022148,-0.07673735390555904,0.08365757448237092,0.02287698738728022,0.027585068817547798,-0.08323489085739269,-0.058405596289219805,0.061151107681027765,-0.04678994708819635,-0.11385774142414906,-0.07865264855801209,-0.00039662920674116066,0.05965506830006929,0.021334044978101104,-0.04448644952948919,-0.021853044615266454,-0.08685830366126758,-0.02337142092413454,0.07186237790128194,-0.020165279065829177,-0.06304904087045128,-0.016922866059252525,-0.05988503649443942,-0.007568347773418443,-0.03624679002616911,-0.039739752343422086,0.0663301926387673,-0.05875968997361277,-0.004255835037076646,0.027204329449391555,-0.010000726750505217,0.017611752524360848,0.011027646550777936,-0.019957298867257518,0.0016203127334896972,-0.057742223430981184,0.005896389107725402,0.05821617674034827,0.06876387329632537,0.06082611063902654,-0.007922262446532668,-0.030876304675000764,-0.055231097547334185,0.0059670018288781185,-0.04098166484299973,0.06442662559566442,-0.019502722725845648,0.020472614079346804,-0.10667148245874063,-0.035322196794221675,0.08138521539784722,0.012556580445008104,0.004904305124381924,-0.03297758219774053,0.014487477662896087,0.030732825222741768,0.03525177609912099,0.0714914308798089,0.1074649019198398,-0.0042934716711868605,0.13182715935627773,-0.029534176081990993,-0.10295712476359156,0.029177252954697003,-0.033666762527897486,0.05886824360382025,0.006436462691659148,0.07047277006335952,-0.10299869541588261,0.03814278669160877,-0.037912903943147384,0.009501247871623505,-0.016616273079678348,0.057567198669838775,-0.04329240927168997,0.047036821715421985,0.0737007107340682,0.07446361918271228,-0.054032436629145274,-0.06630275730197051,0.11128114815448069,-0.05126434124420231,-0.03490001175248818,-0.011773779684093988,-0.0707600374712274,0.021621555520530234,0.007576346858646656,0.09981141202603558,-0.05250862021893803,0.002820767549085037,-0.06234972375034203,0.04809969576647705,-0.04859422572042346,-0.0443031290002014,-0.018795787269860413,-0.06257326866163987,0.037531833021962904,0.10601625787129886,-0.01137610125563472,0.07563060128172473,-0.0028604795274600188,-0.11643506242868225,-0.05178627210627666,-0.036943532853670566,-0.10415635470412223,-0.027822740812003133,0.1301074009121546,-0.15895826505589275,-0.014703734148073475,-0.020863449764942945,-0.01777803447665286
"Lucinta Luna Positif Amphetamin, Obat Apakah Itu?",health,-0.044067050578597916,-0.048067908837332314,0.006220267421403225,0.0382861028491975,0.0822323880903567,-0.04645980641111629,-0.03263894509328398,-0.033740212939535566,0.009261937087535135,-0.02124591440171777,-0.04019428679306629,0.034913979584986064,-0.059156372587858025,-0.09246332460331759,0.12461665572175523,-0.0239612103193947,0.06143615503791378,0.10458404945183922,0.07551047721243709,-0.06445198508165019,-0.08288825064548666,-0.07356155064574998,-0.04327991570615846,0.023573729973322594,-0.1427814386255804,0.011677196423702149,-0.031148291883543715,-0.09829809270611324,-0.07873039366471124,-0.06257813364654163,0.05198394922989352,-0.12718327397277474,-0.0147770136736829,0.02668990539113385,-0.09699984178642738,-0.02825308921433542,-0.10923852420785421,0.09258910638403031,-0.13609383153651713,-0.015280167495379235,0.04518959253381075,0.027621802714297133,0.04489398480267881,-0.12266716381391182,0.04899218029110322,-0.024084935639391927,0.15365161986297424,0.12032360969403345,0.1337603373349795,0.14978816468321457,-0.07734218890588157,-0.04634110792997981,0.05703003341768697,0.05970840737944417,0.04035288435643654,-0.12080323445265535,0.014571368710791524,0.11211282177027256,-0.06432529874232235,0.1480596237048519,-0.019576459473347813,0.0853363386096409,0.23994081465599668,-0.031329085495201796,0.005960714498383278,-0.012901344453009791,0.027816796167281516,0.1141801840004629,-0.052587516996114185,-0.10801937983458523,-0.04103754336622568,-0.04916140510075473,-0.07977304448693716,-0.040977420030288585,-0.07499488098064852,-0.04479955875400889,-0.0845754119184519,-0.03882475371317603,-0.012412288310341585,-0.020685635378773888,-0.05984627172042679,0.08447539035933008,-0.04723998658418268,-0.04648106359907045,0.0914635743183288,0.05155983558930809,0.1493623816874784,0.050724395237380974,-0.18934086099859843,-0.00013335972873048708,-0.013280590203447011,0.017928809828105158,-0.07196578247684844,0.00813256242127773,0.052774332087310374,-0.03723225367421687,-0.03430059656083996,-0.04584194098616612,0.06387144419644489,-0.053855514527749435,-0.23301459253027965,0.3155517157867544,0.08609049986387712,0.08279872373764717,-0.15864340806996607,-0.10312606204556637,0.0830876158189736,-0.16218100636013788,-0.029412079076211947,0.012528175347648092,-0.05487606290526719,0.08113938544408816,-0.21103886916903986,0.07584956533189852,-0.06340207481016863,0.01651341742474931,0.09483065046415269,-0.09014142135772195,0.05262459011840037,0.11216564133954161,-0.09371388929963743,-0.023589200450514974,-0.03383702866965461,-0.019070693675555625,-0.0017916038421058448,-0.004055526807258715,0.0035359200130045516,0.03397458137114236,-0.008739210402752301,-0.0031300511637066325,-0.025163484827365995,-0.027260586197664412,0.020689124316351636,-0.006781499830272225,0.02459533634929369,-0.020866822215638153,-0.03618844281767738,-0.023861468096130767,0.04885396103114102,0.04731922938715952,-0.015016316405763515,0.005179472025490909,0.008883618692246915,0.003908604373282155,0.05947841366633852,0.020093693627301814,-0.008528732305002514,-0.0035745517419870916,-0.0010176438721577266,0.016686164325177524,-0.09734774930012871,-0.01843165624921028,-0.05147708015591526,-0.011843707021843914,0.036060164651220854,0.02327803863432634,-0.028902713542111484,-0.023030220885262662,0.03230570065193365,-0.028193073688960332,0.0020967388264576388,0.0054179444561022515,0.008733377550633307,0.0013403571537698442,-0.03230242492989441,-0.0005145541211987821,0.01951638702334067,-0.0034083975174024404,-0.03044586293236962,0.029683084316619136,0.034342028399393355,0.03236185041811601,0.03488813059336479,-0.003971351443953266,-0.0017876972345839365
"Di RI Hanya 13% Manula yang Masih Bugar, Ini Sebabnya",health,-0.045965369513611916,0.04321848720449609,-0.09933372597619917,0.07800622538788135,-0.03803750103816329,-0.027719490204663636,-0.0667754623035506,-0.05585926814783241,0.13386288801214494,0.13238527881925166,-0.027690472630945515,0.06676276873464106,0.09397235848123829,-0.06621351136374526,0.07116320497840564,0.04841778763629588,0.17360176040927677,-0.05998205439763275,-0.20412261155941425,0.22207458430863533,0.0722698599269047,-0.047993308757054126,-0.005634909018163327,0.10919592569953575,0.1504980013723219,0.040825272711711526,-0.08534922049244316,-0.15765779659649107,-0.09863015683241493,-0.08241743126308118,0.17589645243537816,-0.03112673186025511,0.04878307903236232,0.03212391082575804,0.004248147917622955,0.033400683297205046,0.018039324851943508,0.061900647938006446,0.06966317103166583,0.091032616652342,0.07018669337042012,0.004724514444664587,0.24839022397302862,0.08980277127436499,-0.06093227794229514,0.0017373356390769947,-0.015597029365350066,-0.1022470661341335,0.015218411328512876,0.0576864298560266,-0.019902360029033783,-0.04291393126350378,0.07895504343257964,0.05976407319440267,-0.020407135917538774,0.03535259879160241,0.1313029179119936,-0.02198118796728683,0.026817715464723252,0.06879888503355797,-0.02258875762050072,-0.07745598306536118,-0.009289573665247188,0.10489410127530474,0.017783608355316196,-0.07352304300066582,-0.07405223550939644,-0.12350738793686289,-0.13510786375529035,0.05333041839494822,-0.008335668143465931,-0.04114844327226321,-0.05336862326174796,-0.0477206628676084,-0.07327972453161881,0.051188006355479536,0.046605565777128176,-0.03720200756052666,0.08848117413618486,0.06483539666504735,-0.014489622658975467,0.009202943710968458,-0.1007256323153691,0.06707855908857598,-0.0661007228112415,0.03802206885511724,0.08650356566828746,0.09810097024109475,-0.01832430104627061,-0.07011197930036937,-0.010679343444383038,0.014959997860050787,0.04283934094310623,0.1340400808316115,0.029684699121697647,-0.08398755027523573,0.06289292845879403,-0.010402175755182408,-0.0024155842114412375,0.02789959921339956,0.04903411093317862,0.045603876143332965,0.09188388185683372,0.00302403510997439,0.12290775240946913,-0.0903342694532912,-0.03167992085915688,-0.06993186307461415,0.061561487441766705,-0.03764312984881122,-0.02693007751380924,-0.04500812177003197,0.07844663103293738,0.10928720418451696,-0.020007704842666865,0.02403787339877037,-0.06905950007463658,-0.07932933531091574,-0.05479704589884688,-0.029419768932524428,0.12777164196957386,0.02539845631594987,0.029403217472930024,0.008044207907938793,0.03717773685644028,-0.02470702451523321,-0.0723412963536266,0.02487625846351712,-0.03155970276022271,0.08649586342160963,0.036972291086875136,0.08315361238810416,0.02621465309267559,-0.08509789902374497,0.021625265655037015,0.0004303785417659266,0.08189497942244361,0.11447875565279714,-0.11279716619148167,-0.012224867954710271,-0.1348802735106604,0.050220436438709735,-0.057736462357107075,0.14676064152267138,0.05452167576091458,0.02829109969784249,0.15175806964526703,0.06806907425206286,-0.07066576001727964,-0.01521772760734916,-0.08890604064878198,0.011309548070554794,-0.021576669124861978,-0.10967416929411501,0.10699790494295032,0.0007307058097177784,0.0389405841555001,0.029341425743573676,0.010259199040199224,0.04916893963982668,0.023801541460916675,0.005646254894058737,0.010395599885081456,0.02504625532241693,-0.011308514660867292,0.04182877303505458,-0.06757989006814136,-0.004328335899305737,-0.025437251103611502,0.023688491323167592,-0.04021588362535409,0.006756834107611879,-0.020614379728504256,0.07611362529858196,-0.04786118948003776
"Sebaran Pasien Virus Corona di Indonesia, 252 Sembuh, 280 Meninggal",health,0.6476144924709422,0.3099155032376912,0.08763519463731374,0.15677314031369466,0.08351807483977858,0.01187049604571497,0.054299699986281945,0.018272386217852574,0.030727819460312864,0.039440315569905765,-0.10579765559276058,-0.02602209065376318,-0.00606760636680625,0.033737666735296004,-0.028377588196174825,-0.07873978668649174,-0.024498940220111384,-0.02418013275927781,-0.03342510614930235,-0.014498062476052781,0.007051017545174532,0.05351567139358635,0.07951152585159293,-0.022958411605821016,0.0015352445206094107,0.026734154824539887,0.049076768251733176,-0.000685397538651577,0.03034083655332458,-0.0359031943939188,-0.04609517026899869,0.05045849163820292,-0.04487549252067472,-0.013449609581855945,-0.014463591821130502,0.052289769413580614,0.03410410461703219,-0.008238848771308253,-0.025852899258042593,0.04384031420685481,0.030063366877935344,-0.041746419544218795,0.052641947579953795,0.0029368469080572916,-0.031438981977363424,0.0175253753704636,-0.044691500037744955,0.02662126349968645,0.024553235284048253,-0.047570483858000556,-0.014822699461409336,0.06395339656929815,-0.10592769515368615,-0.006741489864832992,0.0014461583252086106,-0.016164728199045006,-0.026377641408312117,-0.01663661485693244,-0.03543278317417254,0.026131101201558034,-0.05203781387288038,-0.011239325871109403,0.042484045916193425,-0.022904044755518743,-0.034953798367471256,-0.008506325984757826,0.006223107220773266,0.042967066537741835,-0.026886455572528146,0.006454168852881639,0.018847827271580655,0.02946422813334816,-0.02334694211318528,-0.01626922484054763,-0.032033666739452245,-0.005571500954177227,0.014568937564756718,-0.052084391003758404,-0.03503359677345556,-0.003066735505277508,0.0033649335275598986,-0.008729479981335693,-0.028091019079917495,-0.03743320458609947,0.03703086743823233,-0.022114011998860966,0.021213782680585828,0.012406241498784377,0.015507778203290221,0.039617519558795784,-0.05971203642958654,-0.0164097526707584,-0.016858995624578488,0.009339252294129727,0.04423430779107304,-0.016162958297792917,-0.013819519222437487,-0.026393502184408647,-0.07009442765173944,0.03666008974076465,-0.00495264798738268,-0.05038924263468303,0.004813803529501843,-0.03398761679588517,-0.03578968594200468,0.016264408213965638,-0.026039012907365634,-0.01366990548645638,-0.005581410041945901,0.02734401553503935,-0.027834045902437057,-0.026329245199453562,-0.011540367569987619,-0.011518024328248829,-0.0035567124775992918,-0.00965899189429446,-0.012124630612903704,0.01909406742728702,0.012437308171051875,-0.02543984147094956,-0.00047064800880188153,0.013187675054737622,-0.052287713567133284,0.07592846529144336,-0.04576050234075992,0.03712380158842199,-0.0289907436828928,-0.014824746095047919,-0.031231406081209796,0.04658749016870871,0.032950325018736744,0.020936741114665102,-0.000556021241109213,0.02605506512272314,-0.004678434084556498,-0.04403199078899272,0.0030113793461005547,-0.03155826864710835,0.032306888154124004,-0.07814789420656958,0.0388694329857557,0.0006951165261461053,0.03642820195535303,-0.057145049249414354,0.033990636819023,0.08850892490007721,0.021911521771968263,0.037922405545384744,0.059756154640687946,-0.0302087642079487,0.003024664341705615,-0.007244583782177731,0.000952366749222988,-0.05846972174090844,-0.014772195592661836,-0.005054949967753336,-0.035267150753607895,-0.023027176259111118,0.09287713906121325,-0.011460364549781367,-0.039197898039727376,-0.06934317667942598,0.031207320863458555,0.00299079984927594,-0.02873286318523213,-0.03210812057934456,0.00214467852567254,-0.005155537747247015,0.026402153436969018,-0.07130551987222061,0.03609794330559753,0.07550956851672246,0.042795434312962295,-0.01740752205607804,-0.004746601887099862
"Masker Kain Boleh Dipakai Ulang, Bagaimana Cara Mencucinya Agar Steril?",health,-0.10175493837591698,-0.14630882639310863,-0.10576927035540054,0.04323635116908618,-0.03886130211095423,0.39815950867780936,0.1420137094500902,0.277900805570775,0.03057459382308335,-0.025262824187357962,-0.1864599116283954,0.03869215052914653,-0.04781960388237764,0.006167570727848379,0.11889086527162715,-0.06291837655484729,-0.05736311282040424,-0.06856492356144227,-0.037344201319814294,0.03556987146533632,-0.04900710039433985,0.11326632315342289,0.1098783540596797,0.020610804270075563,0.045869799575875385,0.03526516844608686,0.05481451019104968,-0.06309228493206641,-0.053795733475432206,-0.039054633275076425,-0.10969549182504587,0.035491421691896265,0.0022064317448862326,0.10457868558121579,-0.07244647976815045,0.07825773433920652,-0.025678645678601363,0.09420724463381291,-0.07076944583311288,-0.021118659175516804,0.03094965569424368,-0.00558443682332887,-0.025389630801750097,-0.014161444898648666,-0.0005138954379875984,-0.07393652858528858,-0.09198640101027589,-0.03339158979157185,0.06728337547247941,-0.037483391375917774,-0.08628804386309229,-0.04617059421173729,0.09706108430326503,-0.06715953101826377,0.009754317767360432,-0.04749646029281144,-0.02445447751825702,0.05608293261914886,-0.0097774857552857,0.0010594934755460096,0.04376072915932457,-0.04612156938579534,-0.022570042092812187,-0.001896848197432592,0.03575099390651255,-0.051171800825844826,-0.013421897638860304,0.045910126412884424,0.016187383359741306,0.08604847572103155,-0.005192974378955871,-0.04549882948066744,0.06307201327341676,0.037919101652942176,0.042063834471968896,-0.058191218798436944,-0.028576884366926295,0.004978496633494944,0.1798671641779001,0.014904812997803081,-0.013278299013837397,0.011240751115308057,-0.017756935372444063,-0.024010298431823587,0.035360338916354046,-0.04493894823958876,0.041904808394838615,0.010690031256098869,0.004100405087970061,0.020206426407808127,0.00022991685398032934,-0.0005934798787820981,-0.07263172300186323,0.0161302823638831,0.0821963857452393,0.08356647569674748,0.06175742389875161,0.005036062121426225,-0.005092650461757971,-0.0016316134705382573,0.03182918469596591,-0.007396780902162608,-0.008940779158746822,-0.049554239168763364,0.0586556549871911,-0.04676554400888059,-0.05694759674275171,0.13017270530153127,0.0039487909340189115,0.042176948282811225,0.10514695653983369,0.004721598515419105,-0.08039145601772547,-0.027509886380047404,-0.06426811594224488,-0.004924836014082459,0.009526144684846282,0.04646589175467278,0.11627071487524658,0.026215899341686767,-0.061119698037126226,-0.03893252498886263,-0.02682626421879375,-0.12326105898379171,0.025498742971573896,-0.03461344905651934,-0.021079898532074953,-0.08087422264410153,-0.00756610283517812,0.05400713927213326,-0.11960319687353989,0.15651681486380256,0.0689956117292967,-0.031549632141762776,-0.031058483337392542,-0.04111261267053825,0.1529878373804077,0.05124127308787295,0.03930299436198323,0.013175370270604775,-0.05023128119849941,-0.03558603999049933,0.1310371990666718,-0.003196274234722377,-0.005095322062305654,0.007115369651312645,-0.06312491126769249,-0.000975610787917915,0.022030678537673702,-0.057982299378992005,0.06983306045994046,0.08295030447281737,-0.04515987245451714,-0.015708975124045226,0.036004245027864555,0.049197274531073254,-0.10270714638148491,-0.06346660997194588,-0.04662832406402002,0.006548097923570481,-0.04376332657723309,-0.0573440543515664,0.007633827327405984,0.07922848019605326,-0.041870809983393584,0.01648524598234858,-0.024075462196404804,-0.07627597077325164,0.09316567262058269,0.1268821956386854,0.03622659934709186,0.07377904103552854,-0.023374897382094053,0.0561300014181223,0.13725318306392736
"Lina Mantan Istri Sule Meninggal, Kenali Pertolongan Pertama Serangan Jantung",health,0.01948332616599016,0.11304476371419937,-0.11019181639434186,0.08479095949194793,-0.01728414557924315,-0.023873622694447788,-0.05932044776770815,-0.046003139914506476,0.2265445079512622,0.12238694395650375,-0.06724306635406138,0.13892950874069449,-0.058550350695280105,0.05438678463234832,-0.09310747212004909,-0.036123579081952586,-0.01699371129129793,-0.029974480479063786,0.024737869345916062,-0.03219889034440049,-0.014373095037108121,-0.06852930565296965,0.0695452006589849,-0.0938112644377629,-0.02277944515963792,-0.19560535959328212,0.12936782361657576,-0.023561905109097996,0.048893480370412766,0.051643046230395985,-0.11865385745532223,-0.0033531663934239153,0.1863340446290122,-0.045438530273164676,-0.0212311238594764,-0.11978101632824727,0.01204327492497472,-0.061688357251405666,0.02200926203371202,-0.030873482750564837,0.10967292039955223,0.02650599433239026,-0.1238797654056776,-0.0036333514504421315,0.12172924691556344,-0.002250528029018853,0.05236579597638692,-0.19920651169518871,0.08021927009448492,-0.029376790413766656,-0.06508562418136302,-0.01448452473374008,-0.02944020304877711,-0.015745821754657618,0.1471507910915084,0.11426691786716871,0.004670862142400187,0.039517997446834194,-0.1419263434673215,0.16376567154718724,0.07860774513704218,-0.014666062441162116,-0.10182711701907848,0.02525789898144409,-0.09488996702678726,0.029525574803666625,-0.03993550452099591,0.02351382250062203,-0.046849392758823175,0.06669648870348514,-0.015370574476417912,-0.015590146879905857,-0.07635134281672769,-0.04981312346056495,0.00562646483934814,-0.07909203412925307,-0.08120419329118705,0.0872892105345603,-0.13443511669854352,0.03169598856367845,-0.1321004516441838,0.09936165310762263,-0.05100068678977358,-0.015226368000189961,0.06441289248380423,0.04171156054781161,-0.05466187022872498,0.10113821997592153,-0.02839225561588018,0.07531660704135688,0.02071057492626194,0.024295765227827264,0.09108407677303608,0.052343831772321964,-0.12806400294313042,0.09208575271518074,0.07866251604710874,0.1442235913185452,0.10344581852277551,-0.08917732375620971,-0.07786490535897789,-0.06296357998582196,0.025630340051697932,0.07662063199394732,0.09232177378417565,-0.06778979461887728,-0.057359522905795025,0.03668471210643296,0.06971611509727577,-0.010985681753592078,-0.0398324139835537,-0.004963291923820345,0.03748448717468233,-0.016481505645996104,-0.030922340713333166,0.05988488541194255,0.04367997276141003,-0.03524598191390148,0.1107253246180518,-0.07655266078286313,-0.09213628597843518,0.0460306157552728,0.0879557656850509,0.024828366996951862,-0.0796859682556538,-0.04463541392688228,-0.08960347087902794,-0.10372576050742842,-0.05176261867804917,0.012921838346962599,-0.0917465042677487,-0.08108424022059676,0.02194329490042846,-0.010387467759625738,-0.04094974417554439,-0.016698150193981926,-0.11691140146837387,-0.014809026177060404,0.08645964971977144,0.018367617427762238,0.054610237996281494,-0.028498178736239298,-0.034426241732013044,0.041737228942290684,-0.07305171060527577,-0.06972617335446533,0.07040942538055076,-0.14686605168617353,-0.04303096235838655,0.03875416165472099,0.0648101780155311,0.04929048240734005,-0.018451550225976436,-0.04651322544062666,0.004183607433459311,-0.029241161784218792,-0.01655005911096982,-0.044180094672482795,-0.010745038198623734,-0.005999735399164349,0.008008004989474722,-0.03635066361746336,0.022399490108775958,-0.04927197841685686,0.02947410213406274,-0.021592696217289088,0.06183198337477138,-0.0009319769598946428,-0.0051241771726748,0.03746009069497103,0.03236816893268414,0.024860128372987973,0.012728659309462353,0.019216614761939803,-0.023946346262926972
New York Lakukan Uji Klinis Obat Maag untuk Tangani Pasien Corona,health,0.14274524037471312,-0.15399303872549824,0.07848077937059446,0.055155537351142196,0.2770484739746213,-0.06453650383940368,-0.0673260109909673,0.015046513184458503,-0.020898725097765827,0.09254657776614704,-0.00846727026191505,0.1568269790445619,-0.25960040743303203,-0.08219942227531359,0.0386669458448265,-0.04861829721321696,0.1411461933778138,0.011454724808135657,0.031543935489197976,-0.07321884019108695,-0.12292130922008028,0.06570895253065351,-0.13802091189402355,0.06753857823443649,-0.23050076085658702,-0.01127503364512796,0.061796483466798356,-0.015608402366974234,0.002937841528887888,-0.01979127401044074,0.06313413176518021,-0.09428237561231725,-0.07151090437989958,0.062202919762396114,-0.06970787227374878,0.0825663717957115,0.036334221875270876,0.02237099181143402,-0.011711360667557494,-0.049848225802146706,0.055819649133396126,-0.068529263676676,0.06613305011975593,0.022979670995388807,-0.08162701181225814,-0.06576388980882833,0.08248838626883838,-0.005816789982094551,0.05790426987982684,0.02337796242908752,0.014583577722487376,-0.03903841840581319,0.037771199932311046,0.0029133176463864516,-0.09732447595946539,-0.01377809765338909,-0.06457629507841645,-0.025523120538378005,0.0946851657506289,-0.006672985733035441,0.03968284772834498,-0.08384468506852072,-0.009949286602401079,-0.05958559241648593,-0.08604476421338773,0.036502588216123476,0.05138383192966748,0.07493543666490401,-0.12381499073736901,-0.06556570972224302,0.060406874830056155,-0.024070272326177446,-0.024206007130621304,-0.027095280122339187,0.05620926183972039,0.08568106329541254,-0.05895908919206146,0.10213264867264249,0.049652929958059915,-0.0067723426456483835,-0.03778544280420396,0.01804614352175818,-0.02798184153890562,0.046210256991738224,0.006643755678277279,-0.12248426993089333,0.1567121870409407,0.045954084900678024,0.05118794211282246,0.011604848528897739,0.010971288144148083,0.0022965598699075363,-0.06550725098277944,-0.054640778380618274,-0.03745310988404547,-0.09895764688972002,-0.017647156746127546,0.03758170475558166,0.017694004762075156,-0.05749724693692594,-0.04921585544607113,0.021906699489363895,-0.012354716487438397,0.04371265498944988,-0.09489472355067413,-0.04055608723674038,0.020319936905985315,-0.09174426516225413,-0.039115745919877536,0.029706712030007763,-0.02752965356325384,0.02265801527278227,0.04363505056575467,0.024879034568820412,-0.06169758945257947,0.003993568424200655,-0.07784224474170057,0.046437706713014726,0.0793724627308194,0.046111852910061965,0.058472772368686254,0.08882948126277386,0.02142439037223019,0.037889923733265427,-0.09958185259464264,0.023070657679064528,-0.07531034058752173,-0.038354908912948224,0.00883525172292387,0.01204211271305379,-0.03684666627330391,-0.011063636890140472,-0.04517512447161261,0.08897242437626215,-0.06743659432799409,0.011381922543710322,0.08343250178935693,-0.004967249855243463,-0.04301710645812196,-0.06843328742377629,-0.05423076768050358,-0.0379862120856587,-0.03098961783290392,0.031306753757640526,-0.07006390653201756,0.002265869658181434,0.014252810508999554,0.013773482814321003,0.025856423969719527,-0.050187374084287834,0.26066544622841165,0.033086975149228905,0.10958081870052591,0.01966935041897262,-0.03819632712573222,-0.10142352402366898,0.0802176443204226,0.028785450575412427,-0.09661737087397788,0.05617978821224859,-0.014335382105544517,-0.0024018079555334845,-0.01082560663519101,0.013601038116498109,0.0537207831900424,-0.005242929643459541,-0.08348523494269401,0.023136578416238427,0.06990336861853069,-0.06029949778296111,-0.0780406855112943,-0.06037370075200678,-0.06898909895824082,-0.001699293520824934,-0.022305970741237274
Nenek 95 Tahun Jadi Wanita Tertua yang Sembuh dari Corona di Italia,health,0.13435909107500457,0.04160714206045917,0.04423277027099633,0.24955041144291926,0.02578891979938935,-0.010712476942234896,0.15336812543301082,0.0008669008425933366,0.033423945822463774,-0.05981936629661925,0.29290133257410556,-0.22727876124187754,0.1499073772993716,-0.0432140544769879,0.05083980730887016,-0.03392408528628556,0.22079142383611078,-0.10608155181009984,0.0713180792022616,0.06235503287505165,0.00042042535360280414,0.06322781516765257,-0.05114111402857394,-0.10337819924237075,-0.03266931684379573,0.08584182248221234,-0.024716712151068725,0.2005524862553858,-0.05217479419539345,0.06783133365115304,-0.10159932402409175,0.027362979783826458,-0.050035255889838266,0.016596079618473984,0.008585869720267284,-0.04776166740107998,-0.022396440003572583,0.10152334660271956,0.07639844485074994,-0.0048894023687836,0.04649594450827619,-0.05707330492033794,-0.1737986706414193,-0.05266740912160069,0.10872660295881602,-0.04988061483450088,-0.004396948804869861,0.021526053857507388,-0.0956759804746321,0.013752997784653914,-0.08601302357207226,-0.06075842838713769,0.06553295331587145,0.01601497612685681,0.08328987821924516,-0.013611765549463669,-0.004167848896286605,0.015867155093810502,-0.0604871941157537,0.06154493833134737,0.00847280966873818,-0.05171175443442339,0.00021757161414667436,-0.011634863363026982,0.04808768629861801,-0.04032644904386864,0.02423225247841277,-0.03773525622337298,-0.0346804161732206,-0.049381642757996946,-0.03480028886369706,-0.00036248761674441166,0.023533109197664936,-0.06539640290502177,0.10100132391319132,-0.020359526358137557,0.13123533262035983,0.0682212674947592,0.13167880152222325,-0.010180345163464758,-0.021533375531090613,-0.04716530471627136,-0.01095126674275572,-0.0627106526490175,-0.06500184899566193,0.007549537513330323,0.05581933929111493,0.06118554764669549,0.042916318523719764,0.0192842553193839,-0.022254387073778515,-0.08847110276981518,0.005246580164615644,0.05873105663147341,-0.031127284792141413,0.008392555025032411,0.03637714601830697,0.002252230772988572,0.0041689215255903585,-0.010894097216109129,-0.056980330753774566,0.023335999667300603,-0.03079757745439983,0.012151181396340463,-0.02831514836761432,-0.03485414066518382,-0.010363016571416504,-0.00018420829540607904,0.07076212858545222,-0.010291277852048602,0.01658118899288038,0.04930103211867348,0.06176841734452796,0.03741778544084542,0.03853008184291385,0.01803845667501273,-0.06476198971884735,0.004132781709453331,-0.021565421630761035,0.010753230689530413,0.03201480661058139,-0.05465068206169786,-0.047415977799119303,-0.05986215253854658,0.00920603378072178,0.034174461718367855,-0.10593244887792554,0.029250712834798055,0.03384912777303703,0.09346665481150576,0.00646734896615301,0.022650228803074095,-0.0619741644005011,0.004022490608024218,0.052004414177892505,-0.012289164282163208,-0.0030208304898840764,-0.09502439875861668,0.04239714114521767,0.10935160512844802,0.04892051934377773,-0.016199436047511534,-0.06329587152642548,0.030928652637393084,-0.0024817733709360055,-0.041818862994961674,0.04977087390089814,0.0815777898308428,-0.039664771186101164,-0.067087848837943,0.04273191392222916,0.038501992948502095,-0.042841956791707526,0.06019630172065248,-0.06629515517924986,0.07575400889022656,-0.0317249257873146,-0.017959328324735502,-0.04415509994400611,-0.02250947970329703,0.03318850098886768,-0.04090582736127644,0.07362034129583132,-0.07486800613191673,0.027981577461540747,0.0426361835780863,-0.05367923760852606,0.025710305081546675,0.038532724544624045,-0.17278287697022615,0.08174386957522939,-0.10896077550996588,-0.05744115192191406,-0.023415185296950032,-0.07713811386125315
"Pandemi Corona di Indonesia, Lawan dengan Daya Tahan Tubuh Kuat",health,0.1122215703599584,0.1401320189292502,-0.09637625460303444,-0.2497109257538389,-0.15104033829006613,-0.04928586430499815,-0.07717946584042566,0.07011376781940046,0.1785156526685618,-0.22872821224399265,0.10780610284806998,0.07654323669555363,-0.09984858226213313,0.09788193096514354,0.1313813182739159,-0.05203959401667019,0.005070285388854581,0.012714088712228172,-0.009014975702217869,-0.20744388936940453,0.03499695433486916,0.20475503414191756,0.08220151687705071,-0.1217257880208183,-0.13337544728404843,0.11543963620202415,-0.01708270607352992,-0.0019067208001376165,0.010120306819761893,0.18780974846807433,0.22596331104426645,0.07895417838560398,-0.07685174239732608,0.09396861201637498,0.07680207709517836,0.03417680989013395,0.05786356623120126,0.0961397784109094,0.010557650376238778,0.07913955928582694,0.044744848251543796,0.027783236608419387,0.006098805564760339,0.05769372396593513,-0.017059731950783787,0.017590827422142286,0.03784030232448746,-0.0034562217883317005,0.053734950889104946,-0.03763064516311226,0.10415057352650152,-0.10469145621639114,-0.07061691858277817,0.007377949563797786,-0.06330624966775922,0.04344761356063592,0.03326406910651856,0.017230529814561253,-0.02684441410782967,-0.025847651095362557,-0.07833203818489923,0.02283402706636934,0.05090004681404236,-0.005838802792520784,-0.03162807955911577,-0.0045074125366997,-0.027942377166175165,-0.0872861276989915,0.1177776774240203,0.08021732135887241,-0.07400167147515431,-0.00797518338281947,-0.03168533770410062,-0.011542406546558514,-0.008229655637572475,0.009444530172758564,0.03064658590320739,-0.020972074631959468,0.014830442249008336,-0.01979777324245784,0.05612073266688855,0.029372847291824728,-0.0292304246497596,0.028843655364826578,0.03607586842718222,-0.04164023462783957,-0.016898724606189137,0.020619275894566046,-0.052901974967666236,-0.07071280591989929,-0.033990341497323225,-0.09265291443023477,-0.01661780626529021,-0.006953992986285922,0.044070692971480634,0.04676049211953399,0.010454172913019867,-0.006454335404166984,-0.0424480134886053,0.02032581382130926,-0.06672449836394555,0.037336424508302886,-0.04021084040670893,0.00853297031055058,0.003910674268752188,-0.03043892301022978,0.04115410089908969,0.027346684122637983,-0.0017393966163554513,-0.01110198474103809,-0.03736859979426506,-0.04128755694761527,0.10630668408942756,0.01485336577440667,-0.021253838452835225,-0.07730953544615542,0.010160961292544254,-0.052989941114165245,-0.029018468348708738,0.0059760869894070505,0.03427068176985781,-0.014135243877403234,0.027101382714529568,0.004614259042819131,0.03075125852447796,-0.07840895454838216,-0.02461771029573939,0.041086361720606715,0.02645583855535444,0.032517734602354825,-0.00277462185648416,-0.008428237198185166,-0.0023009849738177524,-0.012042976384743812,-0.0731887596633964,-0.03856159595953902,0.07178507234797758,-0.053607667362432346,0.05114557844121524,0.06772491097799446,-0.01842704166318512,-0.014434635655744975,0.026060176525054286,-0.005664982663857236,-0.0221212832906325,-0.032538054965551934,0.03934837906393894,-0.029389615651965465,0.026048304015552932,0.010141639332625138,0.05436464401742355,0.03343064043676027,-0.04055594699810322,-0.07678054880260211,0.005625372849010817,-0.055028797322474475,-0.008486140153699702,-0.04571633724978022,-0.07794415429459664,-0.022503565645541946,0.07252975105400779,0.03912201006914211,0.07743561445331362,-0.03175848269353846,0.017713203425337075,0.03454035537562074,-0.0671376631170076,-0.03029541085170157,-0.004144359452098623,-0.02015254537798403,0.03499594719441769,0.019051981443054856,-0.07760981959216583,-0.05143886544116682,-0.035557575656315094
"Soal Rumor Virus Corona Sengaja Diciptakan, Ini Komentar Ahli Mikrobiologi",health,0.10253965391683884,-0.10187293446501357,-0.009092960224136542,-0.08185002286636586,-0.10148748108877254,0.06000674657964602,-0.004852379897540148,0.0054565658187911365,-0.05667493648714988,-0.040610910017647106,-0.012036939737732573,0.011164838642082578,0.019441209029017765,-0.03454767622291891,-0.06264856650885785,-0.11292693970087632,-0.011080558186745715,0.053423269413465535,-0.09426244726417933,0.02826758139220827,0.07508160906021379,-0.09317944721173917,0.002916479396405694,0.01390941304768651,0.011835360864051668,0.06218029955305336,0.09459647381704425,0.18968570423308076,0.10097813769464867,-0.01663895165810414,0.04156481014095843,-0.03865839599136114,0.07011119103164451,-0.039426117905856706,-0.07873754785109376,0.023159944907581623,-0.0980562135791908,0.01564422171572802,-0.008699118836897201,0.04669972892094395,0.042438515687000244,-0.05405963029808117,0.05550136733396813,-0.01074903070958615,-0.022090779028595135,0.028044466808212307,0.1990535986548927,0.0024825145677374073,-0.09559584577627651,0.0149935151757836,0.10194583465919639,0.05391691043379227,0.01330066531840444,0.0680001926097531,0.07080887433109878,-0.10719631436252064,0.060760928869744435,-0.08045413288650727,-0.06118960189387474,-0.09298369004569401,-0.00045905418186678647,-0.03270791757606252,-0.04220405332067831,0.029683154930596475,-0.018774212293244108,0.06945035475687009,0.041120950124856614,0.021207671535634336,-0.07153777014167809,0.033281684942344965,0.01663114597626329,0.06180671127833194,-0.015868410622327342,-0.02972831001450025,-0.009417545286000327,0.1007469903617968,-0.08841041371609926,-0.019097301244451446,-0.035637124795386235,0.05884368952878533,-0.02254154730601125,-0.014388721592383082,-0.043873972641322354,-0.01367441255460331,0.0507580635279564,0.10498437708476895,0.027639707816605165,-0.12925792705451516,0.213495911942786,0.1267502632015903,-0.17678945226405482,0.02350874400948023,-0.17179518811706856,0.06467888482431883,-0.0055620107632339145,0.27981254496906477,0.2625601549245042,-0.08885148631306097,0.15747480847290204,0.13091979456693528,0.022833510584860457,-0.007080883009765386,0.13858101788515928,0.0783847580205495,-0.08772712331736343,0.1262989227674961,0.041319556485427525,-0.06620700338891598,-0.07779622693759389,-0.22233341206583793,-0.1413441229121315,0.04313429688147204,-0.026320627382592453,0.02588386947587104,0.013894028668972798,0.029005014728865047,-0.038995003025732396,-0.08588418825240164,-0.05657937064479445,-0.021584130836781637,0.005243521991008674,0.006677708598209045,0.041581710265771045,-0.07987976372291228,0.05209988721274276,0.04313658003199778,-0.0076322397198104654,-0.04957840631013696,0.10371922734786523,-0.002098885337915745,0.056703888792452674,-0.043063177593949786,0.06085834460187969,0.10251591902928532,-0.12510292895679306,0.001368932833953812,0.1344451161628463,-0.016474156040000288,-0.01860244048545143,0.050500484215159805,0.07441455316026431,-0.04653245661761809,0.030760823683744228,0.029209036357103393,-0.04545331536284611,-0.03037211912514081,0.060816366419917875,0.025620089296252094,-0.05325755626278395,-0.004501373932340393,-0.05430144670502752,0.01724984179078958,-0.014853094972720129,0.032389776121276165,-0.042410304219238415,0.011057669978507479,-0.0005998190562663761,0.033200295937185806,0.006625002610321715,0.017376310275491896,-0.03247890741473983,-0.03413794904474698,0.029012726149984874,-0.011955092997564474,-0.04594686165669318,-0.028433022864740885,-0.008993376866484099,0.025946628147534068,0.012947185716400574,0.029474852985320748,0.018491323355537683,0.024900285440876264,-0.037111419841176344,-0.009356457765906386,0.020513006529780425
"Hal yang Harus Kamu Hindari saat Makan Siang, Termasuk Makan di Meja Kerja",health,-0.07356040050109064,-0.008795870803945446,-0.03803517373948552,0.018206601840054546,0.01897692920852933,-0.01518200629312305,-0.019283430976521323,-0.02436547510315352,0.004639190725028584,-0.018002425986882776,-0.004371397670272445,-0.0349755157558326,-0.008014525342035261,0.0049365544582118835,0.014615538499787464,0.019058786392197907,0.00019074561820857266,-0.03352957466904382,-0.03385041460178286,-0.009727151597497399,0.0028885711444972136,-0.03310003788649701,0.03617205068868036,0.010485196955246124,-0.0012476258136514737,-0.02834496869047212,-0.02183368248427986,0.0022946987609447863,-0.021111380134341804,0.004846147595703821,-0.001189712312442551,0.003921902800066443,0.04129295285641469,-0.0057476799597696365,-0.0566207817888054,-0.04006785867144074,0.041176228989475025,0.01250341225970482,0.022172418478055952,0.015480070688180192,0.01714734198926278,-0.0437500577802206,0.038071405710174276,-0.02238504149785041,-0.05503787896358004,-0.011446217278393284,-0.032293066688044526,0.025717097221856458,0.043837931792630756,-0.1025959883650112,0.08045577508477693,0.03797948152699351,-0.06646131981086298,0.020077593122168957,-0.17311503965011907,0.008095806913444371,0.0017987553098966064,0.2419117841678246,-0.03685666998076425,0.02669149150746028,0.019185331371585665,0.2776184136304034,-0.034466080896008666,0.07194324268136379,-0.021946969066301093,0.343242608453197,0.23738775859206504,0.08567150113670678,-0.10112802374253824,-0.056594852990423966,-0.1087892733947744,0.17756541155922612,0.22432580275195385,-0.10223171816426564,-0.06591384904374245,-0.18713372257926597,-0.0011944860752973916,0.15773300247836136,0.2710576210538566,-0.023604149102926145,-0.11445344171123523,-0.090681105699745,-0.05901880016269669,0.22068801671348257,-0.06987243933362992,0.11811237522978874,-0.15461097329630188,-0.020069800865350824,0.0046856202336333945,0.10730774103940047,-0.042032441541432625,0.06294354387864627,-0.006272324693472341,-0.032437155931097174,0.033954947804788874,0.012290076352916384,-0.13218727109892045,-0.08608413642864339,0.03013917094020235,0.09656164210610235,-0.011434467829573434,0.009963376918380453,0.06950730791903248,0.06842264239486957,0.19724854150193766,-0.08238045731483111,0.09985526493541502,-0.04054553677984986,0.10100882011584035,-0.08133700062372616,0.01926790767282322,-0.01921838257548787,0.005538701617171546,0.09912238552370557,0.07528763266621122,-0.05162407418898339,-0.03627633618420038,0.01762108114963507,0.02188321439651112,0.04053252236396062,0.04003836254156825,0.06632624848023422,0.011773985998796336,0.10676539771275735,0.02686701146905828,-0.005646987123925775,-0.028650836747490294,-0.016832594458358476,-0.054160175538299576,-0.010817980779485474,0.028110429296801107,0.03265234037671067,0.021713417479187744,0.02239137049597099,-0.025075830874771294,-0.043358102592683294,-0.009593739797781765,-0.0367435172940359,0.026279858587365278,-0.001947867676420977,0.020089320033570328,0.010305627373746835,-0.014148582517678745,-0.04398063531926794,-0.004939486385326775,0.023938932149652314,-0.027152077472585127,0.011956150582529947,0.025191645006481304,-0.03899901170666775,0.04848680848489393,-0.0640485222362273,-0.008685403026721005,-0.007125300236638717,-0.026527918369636125,0.01937774914598226,-0.03872404784343341,-0.027509592896606972,-0.024950557819865167,0.024112505386992382,-0.02436808939894666,0.02069401450622336,-0.02231648737018322,-0.002876581010037012,-0.0047296460860338915,-0.007951844228881035,-0.0027002572680362904,0.04528066236685079,-0.017990191443138574,0.006851597917728965,-0.002134550407087538,0.018365814582586616,0.007394584639964799,-0.02076146868410271,0.0025211912811448924
"Heboh Karena Virus Corona, Memangnya Siapa Sih yang Wajib Pakai Masker?",health,0.10447457767451172,-0.17078335832909491,-0.05281513702448388,-0.037777433174253715,-0.09864721269708664,0.29825842928633833,0.12162690935186503,0.28122529062209844,-0.03676730419816449,-0.031073629227230178,-0.132891147293037,0.06276517097773864,0.01038797599079828,0.07226949456633079,0.03408870205073297,0.0020524235630705405,0.015003193995031701,-0.047672657379877706,-0.030466731816786195,-0.01277810171449697,-0.007093513306071414,-0.11762510048172635,0.07955110535115922,-0.07447818410287255,0.09350733031997914,-0.032534581110785846,0.004494084946759641,-0.015233154705797157,-0.06921961129118391,-0.0921184049565498,0.007439415857120488,-0.013015485514028693,0.006861567624227189,0.07770149553071526,0.01857875134440653,0.11299439019737768,-0.00536653905041793,0.12627262146059287,-0.02011164963250937,-0.001949167540164081,0.020046467843894807,-0.03368911032698733,-0.06429893130339755,0.03415130307494045,0.006672875504281449,0.01283231314707295,-0.010608604515284408,0.03187219366219153,-0.03352612706282923,0.006882460415602351,-0.02644993854623796,0.01907413401062162,0.0212454828562269,-0.08415367963023977,0.027040615046125847,-0.02572378984396592,0.05806155385220152,0.044644769688951404,0.004380211538537734,0.008314239868421216,0.07943477529806624,-0.01408443083757356,0.11436420162796991,0.03216706160880269,-0.028066470279458248,0.03107574772670216,-0.019497546690818948,0.06075054784384503,-0.003688457771782577,0.005703057174201987,0.02366177316371826,-0.043620045498112076,0.06362341576386467,0.03384202322112256,0.036111649397501874,-0.02936986981541927,0.00915670730036877,-0.017235700750402694,-0.04426670364258405,0.0016641093701926578,0.0009666551140491734,-0.04387449577874943,-0.034556613209183636,-0.0017394945949305604,-0.023510068371599694,-0.05259231290422699,-0.05864686099828981,0.03534527629006653,0.005966000535105886,-0.02362753566680284,0.07180796320294021,-0.00928178989035818,0.09232183382635593,-0.0915767805792021,-0.1489750334874587,-0.11379257232678114,-0.0035697383379319297,0.07508237287861608,0.0830789520408848,0.10357935820899176,-0.06693521293104807,-0.06045402070488612,-0.06628961608270517,0.03859237512317269,-0.06499625797277274,0.08713951956400577,0.06987307659153615,-0.08092071318487037,-0.03562216180325955,-0.07678529632348952,-0.034981746773062886,-0.021336151921161776,0.0003137102367798852,0.18365867522377463,-0.02935511500575497,-0.039838746067129525,0.06939124271185403,0.053659610467595334,-0.07848167429018589,-0.10614172754938228,0.13502652615188793,-0.01778082689824509,-0.04430015059628219,0.06996732366795319,-0.12828503240514044,-0.027535663795850644,-0.1492102922117171,0.17010902178550324,-0.005270980510850423,-0.002384689639673544,0.08096238355629574,-0.06995499780365816,-0.17097100147046806,0.05498247450886769,-0.005123960072315381,0.22451595095331608,-0.0626681663615534,-0.11702930473936302,0.021053308484415226,-0.0663322048664514,-0.048791549300108504,-0.013267586605725225,-0.17639866428027964,-0.10714322690143992,-0.07419827492767563,-0.12438864334091586,0.03870918979413987,0.01063654313429368,-0.033915333448209,0.07290858172677844,-0.1287361841575603,0.016376922971100008,-0.010206473508081442,-0.005196158566485153,-0.03175748087169186,0.014519646964633995,0.008515437986340945,-0.047075131295590086,-0.0014578927886130777,-0.008259236561282614,-0.04826354454344415,0.009896000994435725,-0.036040352381875085,0.0100506521451959,-0.004633067849442875,0.00955539833985756,-0.016834167875890295,0.006132429228098578,0.08851950695433015,0.029458381257317545,-0.05217495972683631,0.08922718406828713,-0.022098766924793713,0.06313393904189753,0.01555348935450414
Kronologi 2 Pasien Pertama Virus Corona COVID-19 di Indonesia,health,0.38900243483475466,0.08479367241870482,0.14036723706511056,-0.00515012674338525,0.05565449838879317,-0.10172050778946642,0.0899100401988519,0.09248640334161187,0.09436553820145509,-0.13434487005588103,-0.07894248425000489,-0.008453141134781924,-0.1314177293698187,0.0392923165657295,-0.003559196374421027,-0.08894945811705984,-0.09122127733117491,-0.01493437652091674,-0.07180092654005527,-0.15475335538055937,-0.046778260867090415,-0.1312425613083855,0.03298160708932895,0.047839310216399034,-0.02734969165638661,-0.015078243668714754,0.13894559970257053,-0.1078742334665428,0.01979919836544133,-0.09973568211298543,-0.05753009340006124,-0.09527177276321853,0.11472292436922064,-0.011365980425012504,-0.010315934462528435,-0.08680515911808923,0.04695699845702287,-0.10480069917836057,0.03375268296311517,0.027761831862436363,-0.004757130634221798,0.09108618718933652,0.027435319182998137,0.039568496595457296,0.06972408787820428,-0.018962058880796506,-7.83379136082213e-05,-0.11855203364242328,-0.06815677892316943,-0.11959977000948775,-0.04656768480703606,-0.07186446844721822,-0.01581884944838353,-0.018619966944336354,0.051772077629898716,0.06351396113719439,0.06886688557197905,-0.07508245434638393,-0.044804482803645684,-0.05991902274209884,0.035913783023034794,0.02254268446912499,-0.10868127456966899,-0.10385934905501508,-0.06155331631234152,0.04419944914933848,0.05928569993633186,-0.07221407994259048,-0.008699103537348579,-0.05339252393798392,0.07051902394767823,-0.09014240173563655,-0.016731140024259517,-0.09128494001578709,-0.02248402175520624,-0.014464769634478934,-0.09534183596439377,-0.058719030286685035,0.015385849760282224,0.023699550303301065,0.02235441988806061,0.014799442362874346,-0.057053662534145316,0.0013497388575782888,-0.0506991704580123,-0.05969332727031656,-0.014996087371530692,0.09618112566287843,-0.006557682003343517,-0.06171591557508996,0.024906490377797134,0.0016481491260009911,0.05653942915681121,0.0005681474844839869,0.014109623063210945,0.007094169937050193,0.005526513803144161,-0.08211350724338048,-0.020418122265344146,0.015344986685913052,-0.006696814682962454,0.014455992873668338,0.0202991622588613,-0.05897030127205993,0.0015645567174913915,-0.036347924684925835,0.013941395811329577,-0.05362650677195598,0.019361277280445406,-0.05527249760919069,-0.05573383665113159,-0.08488583371719391,0.04607375570638723,-0.0019135568668947282,0.026123572871022054,-0.04041412057085554,0.03444389800787086,-0.020317102566101086,0.015569902132089851,-0.06160529461768345,-0.020556113083956527,-0.10002536820142406,-0.055937411518546434,0.009102243717933885,-0.011765696199191785,-0.07664450002971962,-0.046999918026866074,-0.012963414062024082,-0.006276589353227485,0.041772379948422075,-0.021222599321008825,0.010183149079709701,0.06469915400571555,0.03941087219152275,-0.008221183681701827,-0.02154058312277033,0.03460040674415287,0.035012507461043126,0.04811950276356191,-0.05577210350637674,-0.007479394520036487,0.009242175237552245,0.0693387348751895,0.0367345952759093,-0.06414990077622883,-0.03432009109274068,0.04337432086157722,0.10767206067975316,0.05421039189552436,0.03937417341972448,-0.036901575728861186,0.010115776990926606,-0.07492363555889968,0.005654688875381286,0.02633907490727883,0.06445367145306771,0.014311954845486008,0.03207972451801862,-0.06739745584594109,-0.08221334656224578,-0.09381013542833776,0.16573624757092031,-0.09902962488834394,0.06672296749549343,-0.02894985832656985,0.08700473404313187,0.02547507259466333,0.05692446675095189,-0.055389874335402434,0.007390027445366827,-0.0076263340907721565,-0.07368617558769322,-0.011820842149041864,-0.04704591679348833,-0.005044444038388303
BNPB Jamin Tempat Observasi WNI di Pulau Sebaru Lebih Baik dari Natuna,health,-0.09799770165035765,-0.013237053846978394,-0.01461352617086506,0.013916755433751591,-0.012076082992831826,-0.02782208867994092,-0.02303687180783824,-0.02486511196942709,0.002773167924604137,0.017698612970217933,-0.01731640637141966,-0.0526472637695945,-0.01069677256397112,0.0011150731142154653,-0.028248570159262017,-0.01785002929580394,0.019806499831888768,-0.04596494278200673,-0.05720021079454216,0.03297066937290103,-0.020066893794426898,0.02381044550488366,0.14501314561124162,0.016904815396151435,-0.10458848621896677,-0.1964711736002358,-0.1085239435987595,0.031918221813586806,-0.07646059884373527,-0.1021390345789094,-0.04180258321455346,-0.06007491444400408,-0.19791454292793945,-0.15389555806879726,-0.06854836754787004,-0.07007656975315045,-0.07485075829173135,0.02126750044923854,-0.15400784455795977,0.031079954457983575,-0.0671300711357598,0.06028696486675368,-0.03364121486957455,0.2970628020090228,0.019072442380873533,0.04711220018859426,0.022024203128539727,0.023015826951032773,-0.017212579399409737,-0.06534525554698112,0.1353403183318548,-0.11478280321073986,-0.023113400765271568,0.0604411006561434,-0.013169263161865338,-0.09357887431303388,-0.06923014841252643,-0.008758712299075995,-0.061096572570698005,0.06266268607789294,-0.005178939994950655,-0.028241190937432225,-0.060842336230817105,-0.059589983274218154,-0.06963653791670127,-0.05465270392151851,0.03896004972131603,-0.055424433154991,0.04161128381706509,-0.0008993928483473367,0.043471651341968516,0.057924427634832264,0.11263102712904215,0.02241081243303744,0.02975801042455813,-0.046553666849727525,0.10713148428922693,-0.18023861128050084,-0.09210076958833525,-0.020206316100292606,-0.04598090555134258,0.04378902534081596,0.04291252384906375,0.17911836614858226,0.0645101913379165,-0.014996560454418025,0.03752806862587009,-0.0438419010292343,-0.004203106342678326,-0.1240595952672397,-0.01580873978054504,0.011694264168645307,0.05855665070418687,0.03295194753253729,-0.07865563560296938,-0.09425082830805426,0.14072324685313128,-0.25085119087339225,0.1399508088050048,0.055250034336373134,-0.009548158653206478,-0.12252905876830274,-0.010026359673608182,0.03543616441675835,-0.24160382046293719,-0.18780980381901857,0.04955884736087376,0.22890982101742327,0.06615861978626644,0.0230966535228792,0.02829495975215084,-0.011035066795905352,-0.006690667474348159,0.16049161616706267,0.09206112204809452,0.0329992466428386,-0.12189003682217057,0.018608519370236644,0.12377627305527567,-0.010215042158716315,-0.053968375411910546,0.035639340226451065,0.060518973344439335,0.014058202141709919,0.0054139319016123936,0.006173637396309092,6.242948217269307e-05,0.06302803582667094,-0.08671134333453034,0.025235892520462485,-0.006555190807991707,0.023872882019252063,0.06566452030965172,0.018408393387074104,0.03279823157856793,0.015979497350676677,0.006374718746944847,-0.002204174662665511,0.05078822544107379,-0.01775901656782642,0.0029818478329280977,-0.004767136365113519,0.018415318456260817,0.030431593121805534,-0.013370318079077053,-0.007174026559032028,-0.006594419668635916,-0.014287255983869523,0.04190613635059566,-0.08602248596544632,-0.05499096387516363,0.06612213696777305,0.002630572559506848,0.07768667152329277,0.0061465665239063836,-0.014171835433960035,0.0028088866045784897,-0.00750655019188074,0.050333813256182705,0.012488166043548951,0.10097945962943011,0.02975843050159416,-0.03575147087035285,-0.008246770440967314,0.06957064067200458,-0.024336026856054363,0.004654024220021855,0.012872326391934696,0.03900255384487324,0.014857143851268306,-0.018242343080278004,0.025171494822703987,-0.0023124474060573948,-0.03756607945409894,-0.0035037029535743853
"Haru, Bayi Prematur Asal Skotlandia Ini Berhasil Sembuh dari Virus Corona",health,0.2361580038093063,-0.039654075890708164,0.09700784480039978,-0.011476095939917727,-0.08416703662216397,-0.02687353576793363,0.11087438233761569,-0.03235134591342431,0.00965203602346494,-0.0535338344300945,0.020264202773960488,-0.08515990204970332,0.10649543885204267,0.007873234261912235,-0.12500681922457332,-0.10516353773888608,0.031184048776061603,0.06359229624792098,-0.015172498090615043,0.07257006375340122,-0.0014899061818536856,0.03597622434453427,0.10174910343135576,0.03611696593525641,0.05491438635891084,-0.08729718615081936,0.030623787547968045,-0.07991291196169696,-0.06151495564096156,0.02056132091432387,0.04035567863322612,-0.10228352338553616,-0.005378126272124904,0.05271231955194078,0.06498460225259141,-0.0428514284428164,-0.017506283022050123,-0.0777078287504884,0.07625788598456018,0.0395424850442199,-0.01287691785641051,-0.09665757270831035,-0.06263017151764427,-0.09902687638181355,-0.03725278960417394,0.11104115874857037,-0.04193337106860107,0.11631420297464679,0.03295402368793114,0.12361210183146552,-0.05243506601098514,0.07986318448116725,-0.08197881554147812,0.035401426434487876,-0.08881444387437123,-0.11243094330020222,-0.009689343254856191,0.05172447017744721,-0.006268735512949369,0.005405179845067324,0.04672598727670156,-0.16704785408163392,0.03538936622701823,0.0752916915610097,0.08523229706227903,0.005694485576006653,-0.18924203185844982,0.1067275393537015,-0.016886184382456943,0.02990701866467157,-0.05560751969015906,0.11734802171248862,0.14108707461241912,0.06462088852174691,0.08887060176000898,-0.029906778864993155,0.11061194306224434,0.06579650212676365,0.060062912465194906,0.011850347755973,-0.07662158214049397,-0.13415062204852649,0.04098861194971345,0.05668619053948937,0.16042770949414087,-0.09781448471330363,0.07812855807237404,-0.03666599488787898,-0.0811061084235942,-0.03819595373646639,0.05656949390440649,-0.02642417840886529,-0.12754741203149889,-0.029122323313170516,-0.008281864360676074,0.03564441217542486,-0.04366313847389719,0.03647303574607811,0.10400833207260192,-0.11546766452218674,-0.0023824772711542484,-0.0003219255978429772,0.06650521884696955,0.06546848517800756,-0.0021860169862223397,-0.057793187147917986,0.02800163775219065,0.058868851493418355,-0.035465867486579344,-0.042421924110317505,0.007533858344234621,-0.0036816412866786633,0.14770227778787223,-0.051692612197125766,0.00744185058813472,0.048045791323871906,-0.030253956782878517,-0.10650614472377641,-0.003249093734329722,-0.06420162930042833,0.010589988537372285,-0.13290300232828245,0.05269172017018151,-0.094548685304909,-0.010099813295984195,0.11924747621780171,-0.016892917046065024,-0.03505843824429446,-0.14266577602235256,0.07191120472734744,-0.10324167330399385,-0.1291553575726482,0.084658310936082,0.03967274399553763,0.046882469957267935,-0.037492286008226225,-0.07497181152697267,0.01423873938767126,-0.03876282954539129,-0.08624497802742144,0.004815241388920604,0.04644002806053637,0.09950204983846739,-0.12303435557823628,-0.08246836252319593,0.014065254087510111,0.01184733810232239,0.1274518723403593,-0.07855619490313391,0.12986852743497884,0.00010736463275901317,-0.012145081643339052,0.09698740193378827,-0.11183228079651497,-0.014942328624149546,-0.03942898122912885,0.03917789837461507,0.07472827924434473,-0.04184526960363953,-0.07270300913573532,0.04265281618481827,0.15573110465417922,-0.020394752307148857,0.008187321573116392,0.007428396734973548,-0.017610176120004286,-0.05329123598692553,0.03409065532869195,-0.019972705705161853,0.06360037726812877,0.002062996928893623,-0.001735168225685535,0.015913639159691732,-0.0021458124858256184,0.005214948630338666
Trump Klaim Punya Bukti Kuat Virus Corona Berasal dari Laboratorium Wuhan,health,0.13050088006763813,-0.07494653065236224,-0.005513355781209083,-0.1380650106772547,-0.12435828015530075,-0.04467127879113833,0.07013222395743829,0.019912765056296293,0.02886041440190474,-0.07226353288254457,0.02784839102548855,0.02555437769639509,0.039579886071487526,0.05783256209723467,-0.08506448904076307,-0.06333435491476187,0.024426467734141782,0.05214221708287149,-0.12503524449724235,-0.0626352177710762,0.05333065442889248,0.07060677988232557,0.090659386766712,-0.12699283739039757,-0.05873334943446538,-0.1867765121343977,-0.133065110077075,-0.09015633757122976,-0.027126575134500258,0.06948975276175112,0.1392888853729542,-0.08824560437733871,-0.019482787321097737,0.19656067395278637,-0.007100502024221846,-0.17263132014921315,-0.12170055909646234,-0.04965591555445792,0.08235626817586897,0.06064974175351382,-0.011017704912216987,0.006582875315486174,-0.040537629546744655,-0.07246416000705526,-0.13145113187193033,-0.06303576192273867,0.0011673309391390116,0.03351145265265055,-0.0284302355460671,0.03619690187377313,-0.11214269905604152,0.25890498680572743,0.007866872149728504,0.08133335312983479,0.05086276757197765,-0.03136571090473844,-0.07350480396424809,0.027453556049979122,0.12424308581517671,-0.07515457560218503,0.04860136555412265,-0.03454049182378911,-0.027534721794850656,-0.01788285146730511,0.008128209100228642,0.03492322547208614,-0.03657222534889464,-0.030120331573936777,-0.006673364078709124,-0.022382062040398866,-0.06022225692038867,0.050368324161732744,0.01959336415600326,-0.028500249168932058,0.007651631901195594,0.07555547162935823,0.0408077269402491,0.04597308181246837,0.014240225463000866,-0.06990339932307658,0.04964703257839351,0.031220845994392864,0.0018687796276978714,0.017837445448608668,0.1244721474588963,0.02281318641435216,0.05735589131009474,-0.06486870710193479,0.03212247116654951,-0.10738101620817915,0.008423290877569187,-0.023749540033097833,-0.013351440733983918,0.0629658292035817,-0.01122310326535836,0.03827605333170045,-0.02704988360000711,-0.02629180336969494,0.033263747962953755,-0.08378875198604821,0.05136531038635769,0.038043017422375126,-0.14047706267145452,-0.04378238830199505,0.009187570930694323,-0.08027078311916486,0.025537709085342367,-0.03582394773449772,0.13094267087399633,-0.07475810527556292,-0.0014561888346348393,-0.036717089607665086,-0.03085261905532266,-0.09233064256220647,-0.03151318308136289,0.06503511838617888,-0.04120907168463513,-0.003953423453689113,-0.0023424729190586013,0.025437186243982904,-0.042254832262874055,-0.08581753548604187,-0.16517764352055458,0.04810886733855533,-0.04226579749888779,-0.02100737588453125,-0.08742758096607466,0.013024720396063783,-0.12568375259444625,-0.11271441910856168,0.19058132043243411,0.027903946562579784,-0.17400008343277168,-0.05540490145100592,-0.10633469078832983,-0.022152851961397664,0.12436946442612809,0.15847377556337766,0.045717893249585896,0.021618711683342937,0.011955559596711728,0.030120485657637388,-0.020397394598965814,0.07559310620041203,0.02665068985560732,-0.062017065284051966,-0.041020034811951954,-0.12609202708479722,0.050896451406345654,-0.020151884058255253,0.07165944753021695,-0.03878643281147134,-0.1048826463202494,0.08184987052974788,0.01417941972143764,0.05301894013750899,0.08688742278484454,-0.11189407734822465,0.059146588544925334,-0.003635856655546849,-0.004237712746257475,-0.028481917563200485,-0.0030649425533604267,-0.058837498969072706,-0.007065886371633655,-0.08458917475007137,-0.01365084742968069,0.01589025884638259,0.018037544002065812,0.06735839845744569,0.019206714927945637,0.04095163176604442,-0.01804060887920877,0.015192053219797077,-0.03414569739758802
"Sempat Sepelekan Corona, Pria di AS Terinfeksi hingga Meninggal Dunia",health,0.08526783906312113,0.11085148022605112,-0.1565303755530663,0.06202878909873821,0.013660635357932344,0.1678381980028779,0.006614987533118196,0.0013335899277318285,-0.0007042031973686263,0.19867285357152448,-0.054185913474570364,0.012158480898275767,-0.011255139024856642,0.024608375843732322,-0.043751205209989256,0.09352716979836233,0.026438364115112023,-0.03579250096886957,0.22328643956656383,0.03675096076396914,-0.02724798129825276,0.0033921371177082446,-0.06252395884431108,-0.07254324304261558,-0.10063563996797813,-0.030234625261436172,0.01999631384862077,0.06642849785695791,-0.020933725996555685,0.014591710373639275,0.075409604597115,0.12922812262859765,0.04766346737458811,0.07013728135611028,0.02745801902061386,-0.1535176036250024,-0.04593155977567581,-0.20386728577172789,-0.06071461770692371,0.08645866886485457,-0.14435844359744746,-0.006515830239309484,0.0337506084128903,-0.046566452497309584,0.14555015805186594,0.10072790960580377,0.06682377640058974,0.06600365263376658,-0.09917278828317849,-0.013273364134251432,0.07198707900702002,-0.01585412267397782,0.020555984915638606,0.22002475917707306,-0.11552011948762975,0.07232372968519389,-0.0025381578927875935,-0.05039950555890922,0.05193225342448927,-0.09283667286233357,0.044285029096925714,0.11263963613357479,0.07842323250197396,-0.004432948279405942,-0.10072315537319108,0.057120710229640555,-0.16652697534534386,-0.0432944932478586,-0.011523756555763492,0.09781843540687811,0.023827820851641573,0.04273743702546357,0.059129408674481694,0.031452347007582454,0.013323508422336353,0.0060486141514512655,-0.06540801305972298,-0.04218744145670873,-0.04654487030528427,2.6490555202698857e-05,0.05175685573690153,-0.0023310909924206718,-0.01593986643837846,-0.024548757504184622,0.030786392746710158,0.061984973894108675,0.1113497726957136,0.05740825681992091,0.003132575940016843,0.004652753275906528,-0.036245223380911296,-0.04684542299486617,-0.014214700265636529,-0.038487800332022364,0.04433232676427205,0.0038414599810567304,-0.014254378000131365,-0.034932851513700215,-0.038166899973004535,-0.009856334568503839,0.04685192902330016,0.02787995904849421,0.04953463159482505,-0.04926335132265061,0.07378212048824222,0.014824282717583912,-0.10393390032357377,-0.056407108965281116,0.03512044926033939,-0.00996536215622402,0.09590660247029219,0.1094836519280554,-0.02398845386001182,0.05365916588937951,0.049075572362777466,-0.02692164389420494,-0.025077215692324704,-0.001715131414981597,0.06392195115581877,-0.050562082079491186,-0.07862479657212673,-0.01431779765769646,0.10411970002622545,0.12154012979319581,-0.07910470226721379,0.043836504143825214,0.04656444723118922,0.07531262638105249,-0.02309456870423354,-0.009162836905071347,0.0018508605715113625,0.0821859321121582,0.007136884854349892,0.06096595317620067,-0.07843599630899681,-0.02947452325622064,-0.05414484651165208,0.03229672856498033,-0.022507136511645025,0.06286651771484862,-0.07798710621122054,-0.06627431001180209,-0.0731635177866008,-0.01010396646576937,0.02974839383623703,-0.14871040987373887,-0.08078751405621915,0.12486326661280737,0.1960486964858749,0.1893527703069986,-0.029988653979747103,0.058414702326570346,-0.03206579455968,-0.03915701629052552,0.08278733453305295,0.08890761426853694,0.03038646939386044,0.1070251921467415,-0.07028532202665151,0.11067917393561524,0.05688230721352956,0.011647328509160344,0.03131930257977298,-0.02162400786337571,-0.06196657930323156,-0.09290963978285811,-0.034693174596593664,-0.009591045808990362,0.10712313102769967,-0.024072390858590052,0.04532879404717128,-0.05651298538685745,0.006340618078644671,-0.019108430363470368,0.028276487274919864
"Viral, Ade Rai Bagikan Video Transformasi Mantan Bocah Tergemuk di Dunia",health,-0.08371395563534313,0.012633572459784748,-0.12828413326128618,-0.000127638286543839,0.030490937236251865,-0.022786856615736033,0.02823796627215629,-0.06490883244708036,0.15887595887392844,0.027273432539123812,-0.06548362529499631,0.03130505562489455,-0.048851932307228084,0.0005898470086979298,0.04852066885433978,-0.03396422712474712,-0.0743020162365604,0.08354956816818554,0.2301789827461391,0.06946838334933526,0.02687128182047704,-0.10371482245298429,-0.11329056585812777,-0.12407758467568605,0.08328737772573036,-0.18205836413963028,0.09751942169337689,0.050275242864290505,0.09539572853363786,0.05943091859681542,-0.06007556765528414,0.10720585977802244,-0.1254250092109382,-0.003302902634313264,0.01214021682626083,-0.04115685320904987,-0.05501526623029686,-0.13859062241698808,-0.039653616905952795,0.07085044186289563,0.1294028485426344,-0.0731151616316508,0.07653814349707488,0.04540933543341314,0.07445196563425743,0.08593907866227908,0.006240698190684467,-0.02521942985002577,-0.02895357589964801,-0.05870528476991152,-0.10186852807637542,-0.02621914020233216,0.06455593461445489,0.001518829939096501,-0.07346184951344656,-0.037002259401281566,-0.04646865355703837,0.05063902065828385,0.06045086397628182,-0.05220497640971185,-0.05916160955293069,-0.040642766577064,-0.052698997159732135,0.05800242000074502,-0.0008133320222837973,0.023506826594040648,-0.007341679180741784,-0.03795170181700511,0.017990513503995373,0.03262471087369666,0.03557908823525804,-0.025306726059981986,0.06413787878509786,-0.10752106674707759,-0.07721416010607621,0.01922609237552243,-0.06864414587597309,-0.0042405298846148656,0.06462739518272663,-0.09339655444893898,0.11092709064563964,-0.17378164983504527,0.04368451543972978,-0.07050015465958939,0.13369211633173067,0.04934174072357052,0.0013911608616827672,0.12453687263561773,-0.1477357605842573,0.026087865901325284,0.10184415387336626,0.052102952493374995,0.07502054089041423,0.08932786400943846,-0.06079564916098115,0.1624273693617348,0.10794949531451013,0.06685628456753957,0.15542024723350992,-0.12799010842459424,-0.04308209162063109,-0.02797427506281095,-0.1415561893025613,0.002258273484981174,-0.023936377717761692,-0.01423976654201216,0.060482335241183946,-0.08042631952316974,-0.05868454587321048,0.16338642276140247,-0.0436846954785019,-0.05045524646647428,0.012851581353188046,0.17515105230429806,0.13421849937454633,0.07620360462015678,0.059732862230893795,0.05188233507390646,-0.1682835283073386,0.019351615116779828,0.15439481968210134,0.0010398091741867647,0.019367999574808708,0.04154354162631412,0.032797886945079575,0.06779974692698676,-0.08575437165648638,-0.10263320257531816,-0.017241828790008913,-0.13769591602030687,-0.06247878900610766,0.07608423019883574,0.03180886470401456,0.03909286458323219,0.052868773536430706,0.02638684477651674,0.1229382300401761,0.025865221690337503,-0.028472817056906984,0.013868195002634602,0.014669429498406971,0.041027814317842304,-0.004364428149963427,-0.057128849586399674,0.09983412914025849,0.1102206285985784,0.04073898779475136,0.012418856890652223,0.044973312456298375,-0.06255856968799228,-0.017864117793175625,-0.006400556543118112,0.02972320578003252,0.019548078497377608,0.0009409323203856182,-0.04157438228273242,0.0475322549527169,-0.009621299124000646,0.014899195307665383,-0.016581119137318977,0.03644217255011312,-0.033755996544407425,0.022408969467141826,-0.047038765490675635,-0.004363833248242541,0.02171680099400671,-0.016345371372065518,-0.03658032910417409,-0.008602692535382185,0.018968112797875126,-0.02234170757276762,-0.026181715289939244,0.0068666674229132816,-0.04568999656520248,0.06840763031151753
"Jika Sudah Dinyatakan Sembuh, Apa Pasien Bisa Jadi Kebal Corona?",health,0.3154544404042733,-0.028408184005476803,0.15548446714116165,0.35139379333149756,0.1493972199814598,-0.05941790838083268,0.24275829998928994,-0.02846919697155519,0.07703045184638303,-0.053379693369635245,0.09797635666767236,-0.09886170994727149,0.038496857758697114,-0.007055845156543466,-0.038147403629775097,-0.07631328993224733,-0.010426333465201243,-0.026237435052911595,0.001888266659032061,0.06117995881337141,0.009075517515285406,0.1327673289476149,-0.01812527911374554,-0.03370930797655625,-0.02133367052531719,0.05250656639275765,0.042228207981731825,0.08155226836843445,0.023148508080021026,0.04249683147245045,0.013393632156968451,0.041589451848409925,-0.12161983468652708,-0.03405626780345437,0.03214491960419261,0.035314747889851145,0.1087767379379701,0.08124238021557181,-0.012896688230955137,0.07722719167909571,0.012112613738028515,0.06693902344770963,0.008987887737038399,0.09051666035585801,0.005936765112378698,-0.025570698060790667,-0.020892529127256792,0.020395584241963534,0.07133050167488866,-0.03987492072751364,0.07878027480715818,0.11863622915657235,0.10187352943000087,0.0042308669366457625,-0.014256982747567455,0.041004043010371735,-0.002593779816316982,0.07916500943330496,-0.037415895920497565,-0.02503957755518429,-0.11426583804517072,-0.00435053753908306,0.050689238286009256,0.007891855995943182,-0.0033557151116900166,-0.040840201113152945,-0.03578194144130456,0.0925386630157021,0.02764545047989208,-0.06579451605910536,0.01256765812725358,-0.12881697029214978,-0.030898301639048952,0.02568935042046278,0.0098652072424402,-0.0512342003905816,-0.004670353083672265,0.016027031393505444,0.036019817996712604,-0.061546415023277866,0.0844411224284972,0.05208255977609678,-0.001528648628179769,0.04297110853905456,0.0016230287876087424,0.11182656067736786,0.025778277381633616,0.035098565440033556,0.02402152299496658,-0.02191189824333753,0.04533562773083229,0.07920126188507211,-0.01174964660736405,0.02656166954228298,-0.03627381468244691,0.035804386514198316,-0.012617989840092747,0.008981204026784324,0.03843804970009776,0.0056587411094257455,0.03018525901745728,0.0009922115401107237,-0.037805496932240355,0.019138214822567473,0.035256655936029224,0.09167380532100748,0.028656377353713486,0.0037204331453008473,-0.04514698861103279,-0.12142127750605351,0.060093012425791736,-0.012930162869215238,0.08624290326640383,0.0837973684798789,-0.05164598292312045,0.008571333255286693,-0.013679793064038494,-0.04231163227304904,0.06780444974701301,-0.0008909000103365475,-0.030214004663772043,0.0652559847039079,-0.004172111172457495,-0.033721255523818786,3.818608803771656e-05,-0.01596787044236799,0.0798224943144081,0.011688403478508934,-0.015109449835539211,-0.14326579874221654,-0.09279480832082913,0.0572485853328273,0.02607086899719647,-0.07113113161629928,0.008305909080529469,-0.00604753182050346,-0.053247417908878304,-0.0047438204987935335,-0.062057813059937905,0.10914389061931129,-0.03645452112493103,0.02849050824758384,-0.09630406910298221,0.05578341586412631,-0.04637399922754761,-0.009330952272625734,-0.058842037943545526,-0.0713662076432492,-0.1492116209960952,0.07325894019671612,0.0036237278062428487,-0.04624458152440304,-0.04133906159511727,0.0468830257882858,0.030214600570748682,0.006204725299505595,0.04819381295100265,-0.023552599123558355,-0.08059384626263913,0.03754626242660299,0.07119344727250417,0.001693509218757693,-0.009779414386776502,0.016272154089980038,0.04010145188258997,0.03282066120454668,0.04538594609507736,0.04199718964525364,0.05548419472272834,0.10072136237822725,-0.03667680283238512,-0.05497932161117713,-0.021291599247255325,0.012724521122642173,0.06376503507733118
"Bintang Film James Bond, Honor Blackman Meninggal di Usia 94 Tahun",health,-0.006743722714099148,0.1726489584211927,-0.08872166507374138,0.09763972766629603,0.014213594360603562,0.08114369159217696,-0.06345281928974186,-0.01289539882864318,0.04108146138565994,0.10947865566591893,0.12290189953492997,-0.09611758927245379,0.015265527136051893,0.03701950987178464,-0.03657393947509024,0.029331122895870813,0.23655200719040959,-0.11132265788101445,0.062478294399438764,-0.027526736289581886,-0.021610740476639315,-0.010477252762385888,0.02871986728831855,-0.032874000564952204,-0.010912245043355017,0.008206215196163958,-0.07777803089291982,0.02051782672539371,0.09746552759112105,-0.06512929361885265,-0.1244718968730743,-0.00624120711998152,0.14572897863086917,0.06800698370205696,-0.11404020267849131,-0.04977439371988858,-0.18222310818527707,0.0478528682233149,-0.013515048150630605,-0.057255690393793905,0.05329018183977288,-0.10072449366855081,0.05491631988354103,-0.05606086560748037,-0.045917805928066435,0.08320104973451067,0.014345735213733212,-0.10189082814449762,0.05209162069232081,0.03612343216892221,-0.05983926737192933,-0.00019141653094850245,-0.001135277894768779,-0.11572228510976536,-0.009492624352491187,-0.010649931891445655,0.04163865803593777,-0.053362547609710306,0.039579144667932525,-0.07881441376819615,-0.10861339652913102,-0.12170103964070815,0.044461887478444095,-0.1744362814337841,-0.12263266481031071,-0.08109743348460906,0.053705123861189474,0.051731071922209076,0.12495995775537573,0.02321114065489218,-0.037704509364066614,0.05779310840921015,0.1226591188261064,0.020824075299986537,0.05236658389344877,0.04797766793465122,-0.025865434070377603,0.05645768526730379,-0.1007028983520787,-0.04720040755200169,0.013174384517572609,0.00022393898923576803,0.06711972024773914,0.024788975340836673,-0.03580825391715793,-0.06263091626717407,-0.12096931542946045,-0.04455729966121065,-0.04097166479036448,0.12380253193450626,0.016499589905632137,0.028511609561884085,0.03269482935360958,-0.09907465223471826,0.08140066720787872,0.1220701679390718,-0.19834604455845836,-0.1543069252682271,0.07759388606115789,0.057880192983803286,-0.09853803408979918,-0.03304610270415825,-0.03408970349078423,0.0012828453954518337,0.05486582258975667,-0.0021827605373649756,0.06965309501302631,0.0267918210417214,-0.017552012049089582,0.006423229222669887,-0.06450953749571453,0.0057996280438162105,-0.0024269412755667332,-0.07583282340586572,0.022410547058801217,0.03563086962242007,-0.007196042475896807,-0.024528060711075057,-0.08673930809783717,0.02858648356766205,-0.19610537152174543,-0.017993266592545173,0.012359461117393316,0.11450105149910389,-0.0944103788720331,-0.02137698825323259,0.07480204067255498,0.2263393990509562,0.01009099510096349,-0.07652389909580612,-0.14708467194100294,0.04949064589483652,0.06499462165292297,-0.1296637904797181,-0.05294440834441387,0.08656693612027597,0.16586446887546097,0.03272013627878284,-0.07865193244551465,-0.06695421424444974,-0.07684257863767639,0.014261633151999574,-0.02772530713451901,0.03481429357014154,-0.011371853132809662,-0.02455023270123758,0.1179298758483834,-0.029733577090609385,-0.12152564062001518,-0.04348283689508926,-0.009757257483458619,-0.0031937949886446638,-0.06473088439988789,-0.09507969393006939,-0.026605413194158694,-0.02154549430079441,0.032978719635024384,0.02656725249979399,0.0254418740728151,-0.0184368872885478,0.025171162023349833,0.043884254304998135,0.03887291400427705,0.0014462963179151535,0.005449446158056175,-5.884936888243276e-05,-0.03839322224638734,0.007562475277231834,-0.009330123343788672,-0.025609264808220032,0.004054721305878257,-0.009847498694049252,0.022757368416555127,-0.0232186066625257,0.04576674944048407
"Andrea Dian Sembuh dari Corona, Ini Artinya",health,0.180873320615007,0.012411588151188679,0.04303340334324602,0.1620941259209846,0.05099545183308465,-0.03737269928219337,0.08228154663702936,-0.06890644427684438,0.06140249311117791,-0.015330489149409826,-0.010703083253723364,-0.1351123582518234,0.10075635951231289,-0.06035586615464429,0.07776674324958162,-0.091818797016223,0.022385773091744113,0.045471300046439,0.043209704985635644,0.08422828546700133,0.02933440532551347,0.17336225630461138,0.0636217472629179,-0.10947986274745079,0.07556217545421684,-0.024770876425396382,0.04023939721433651,0.1473354479524047,-0.11533821551821043,0.030238723237878382,-0.00538859197641626,-0.08775881906721768,-0.07541294231307019,0.0621615029647862,0.03390633152352905,0.051729388235288276,0.02072465594134396,0.03027063649966407,0.054337419332199606,-0.036641381249321404,0.014160050957846337,-0.059291112130623914,-0.09287473294031828,-0.07855953491215462,-0.05875865364315137,0.06277567633628628,-0.11457063330528049,0.06120586319271065,0.007373861557016401,0.11821671213029217,0.15235391669316728,-0.06867545733135708,-0.06794580706802608,0.006568400019763786,-0.02125458311731924,-0.09867243750903007,0.1566468747695779,-0.05612998394876593,0.08587498220418677,0.11391389259614448,0.16968253217144763,0.12280552005465246,-0.051185839117059345,0.09571695726468174,0.11172427748836469,0.03913694169973011,-0.04898108383096762,-0.003720458657197116,0.00796123494773469,0.09537527499644119,0.02417578782281017,-0.016889992728486528,-0.0007131768452291234,0.037691967237050546,-0.07318519208329748,0.02877687320022881,-0.03854229862325175,-0.06958320836061771,-0.0656362192922603,0.031426389367503034,-0.07624538929567382,-0.0028243872604321626,0.053555188802563734,-0.06538145351109949,0.053022698730035525,-0.04209417290671524,-0.030434550449587407,-0.09779547443238674,0.014573371153075564,0.002395063675471343,-0.061656117705376816,-0.021653901027175338,0.028250366935081934,-0.04922183112925788,-0.01926609982025239,0.023108794760516412,-0.04615092507639036,0.0204789534977226,-0.05691566865693555,-0.0637130230788244,-0.026708432591541462,-0.07286393501822239,0.013951781841974136,0.09514684234509048,0.020781848100845605,-0.07853679487657332,0.07526124643236162,0.018576615410433404,0.0217454231968612,0.06888646867996742,0.0022567999653199757,-0.07336996517013192,-0.12308625152244225,0.028804856864251376,-0.01851528287108991,-0.059728484497521425,0.10957101229197012,0.005679944821047055,-0.08114334955929046,0.11149450954140233,-0.06984141564494033,0.15369215782942947,0.13212683212110804,0.022711377463761968,0.06483862882236219,-0.12165600940771314,-0.010041403544243892,-0.0063032847608600175,0.17354218840798102,-0.15733429679258812,-0.02761649982739372,-0.04536402312031519,-0.036965325955387006,0.09291811091863028,0.09398516714758225,0.0012550354884735332,0.06931283313271092,0.20624558405577295,-0.0884360272808276,-0.14653844648903705,0.015291783221779863,0.045464596464086536,-0.06861191099380576,0.12706552603621207,-0.16425716791722342,-0.08483460324704657,0.03737077948582312,0.052817241025688966,0.10230115034793874,0.0007825524932387068,0.0675672366443252,0.10188886400678636,0.013347815356350915,0.016516703126841503,0.02693846769064557,0.05600526504267368,-0.0007264177523842952,-0.04572779277993728,-0.010777497028658035,0.03464180116038723,-0.023440068088091962,-0.018433240463849983,-0.03990183498303596,0.03470828842026534,0.011233357542116091,0.02646752314787069,0.035521899397772824,0.0025837973606401693,-0.051276512449593074,0.02164305222552422,0.002654494765391028,0.02152894746935271,-0.006262148034294814,-0.024106757650655442,-0.016157792584963294
"Viral Tips Cuci Kasur Bekas Banjir Pakai Kaporit, Hati-hati Ini Risikonya",health,-0.08287726787246093,-0.06639890351529013,-0.08159792206938166,0.04182666890359806,0.008683323297691555,0.1485640668764268,0.04152240548689576,0.1473545751235315,0.03452310044714784,-0.020802625191923056,-0.042159865875492274,-0.029266405811764082,-0.03586107362778545,0.05790040056709751,0.1214247644465901,0.02804295656270833,-0.09889511516580246,0.0926112741759018,0.10770403553861617,0.08211698559021088,0.03073799786384919,-0.07091478360832368,-0.0055163826230568425,-0.046543249601582425,0.05124441885273101,-0.04381944361799458,0.010027254718422002,-0.1137608668497287,-0.0924012277030574,0.034643667976111174,-0.0075655318985068595,-0.053594078833734675,-0.09678885510779023,0.01284329926990949,-0.06711282530055472,0.041221276944438584,-0.021501521058367484,-0.0032658635571421327,-0.0392104376890488,-0.014509634645634562,0.03004970613877038,-0.10588936440966343,0.01948250640023261,0.0016760063352204632,-0.015098701547406265,0.048222080421610136,-0.11477090924876254,-0.09329873990370847,0.114785759228752,-0.06034037249170131,0.05371058589782801,0.005308159437912838,-0.08939805210069965,-0.15974665433620344,0.09756561433744206,-0.01977379970094769,-0.11270695060143111,-0.13393138739511812,0.0015338228419837204,-0.030305991790647163,-0.12194215842903772,-0.07375232015984434,-0.19433674540469806,0.014499404084154139,0.15897310748829058,-0.0011450869956701611,0.06571100573906222,0.1121495084478812,-0.07435464019325565,-0.006779562921027769,-0.17981159794406815,-0.11064735868598259,0.07017112986714581,0.01341217186599924,0.08827324739006381,-0.00026917917353250345,-0.019288408067843224,0.0456262341662505,0.061889237855924005,0.05505665492630332,-0.04211540967242575,0.128292085794588,-0.13891690037033746,0.004641392474151787,-0.18438884987920878,0.120642512452846,0.1660245495347215,-0.04985977607734546,-0.16091549092196286,-0.04704172932154706,-0.20819778677869874,-0.07930018952560154,-0.05902333294727236,0.023639103791143926,0.15255990330051633,0.12417263028943855,0.021960301194130033,-0.14501514671667137,-0.02731638557696548,-0.1998709489495795,0.021016003965403443,-0.002606813152654642,-0.1236501724153153,-0.016102124358661107,0.00865973073272191,0.009382530198230812,-0.12595731150544276,0.009359789726926849,-0.06819015392033871,-0.02219686619468495,0.05207571608365123,-0.038223251702079804,0.08261640885330891,0.060119068139567335,-0.009340050036487503,0.0405703022119987,0.029777512376428266,0.06797410143820393,0.018909289160553924,0.0026064670444866877,-0.06182656837093236,-0.05982467164592782,0.08424232037146248,0.04237126904755937,-0.014652519232367293,0.11557380288468921,0.04492949488877779,0.04857515090694308,0.03722438864395588,-0.11622795067974813,0.08264546403766711,-0.04358408128656215,-0.012450589282239402,0.07812614315965791,-0.08128463235303897,0.005368793546068251,-0.08881522322603737,-0.07353784324858045,0.03529893563385371,-0.011628341536283641,-0.08001964166138224,-0.017722262671651744,-0.05123791864718049,0.03037279641530093,-0.023203155637628207,-0.0374392137033583,0.006379441980832946,0.06021786742648066,0.02603389688975718,0.03277011863015981,-0.024575022369198646,0.022011299312347164,-0.004877749453977366,0.014076459645181179,-0.034234243997412234,-0.011488480860514003,-0.011908975988951674,-0.02923765612067759,0.021395807201933913,-0.040354529094694745,0.00787833773701002,-0.01488819849419399,-0.011766039833303751,-0.030545119114042295,0.0040708445672644426,0.051018359829493605,0.0015335151248909796,0.04032298920568314,-0.09493134095511191,-0.06149524221410957,-0.046204320487161644,0.00768382220572123,0.03594228544038466,0.035314413880401664,-0.061741968328897105
"48 Meninggal dari 514 Kasus, Tingkat Kematian Corona RI 9,3 Persen",health,0.17817629143854283,0.21705766051754777,-0.16498572610954929,0.0849810360064685,-0.06547402897925957,0.07518467089708429,-0.15996110015639337,-0.0744849479289129,-0.022705758083177655,0.2680998193606521,-0.10932842618520659,0.045839511221141854,0.13726513781930305,-0.10858531532120785,0.08663636647925199,0.10856381728002591,0.09838437399088716,-0.017486132329231848,-0.12130629695430484,0.15163206049893949,0.06442897842619796,0.07499708755421669,-0.032329167310893345,0.10688838305528488,0.08906891070912006,-0.013664081666829846,-0.007643294928343361,-0.10990593023027634,-0.04081630100918239,0.12061349355247904,0.16041005254381818,-0.04490124360778297,-0.062123535346888734,0.042035619933315026,0.0281386569193779,0.052670283827226626,0.039669872793283205,0.023322703177789585,-0.0686817697010969,-0.023528881717938054,0.012758060584297065,-0.023508535079845714,0.03981346762334102,0.034005628464135525,0.07891160330687436,-0.018497793242173325,0.07705869973505441,-0.03221251964553254,-0.06350856488936356,0.02172951693900665,-0.06308533681833658,-0.04874004093515284,0.0011223550592127597,-0.03954107073280544,0.06822219441646674,0.03204539702582283,-0.08542989405828712,-0.018692352522555935,-0.0028001464681786967,0.028666280467808856,-0.002924292386506435,-0.02360716572119659,0.004135271424177511,-0.02255788263677572,-0.06421394459122885,0.02605644215359239,0.07055178053129155,-0.07995203036619507,0.04393605832643952,0.04305536961177562,0.052425970102395,0.10604007384833707,-0.03186404982086775,0.0023429572028551924,-0.023580345732349437,-0.020977010264455833,-0.09381287949713947,0.16429650184374306,-0.023294315217031934,0.028295299985309365,-0.026698655389973902,-0.021951293026230275,-0.08267695457278934,0.001670215234779968,-0.017361320786433317,0.006886630764769715,-0.13009192410133164,0.01831856061855548,-0.007951006281152131,-0.0006824082083594013,0.01587617246073201,-0.03250544453169002,-0.0017138375202603536,-0.06461401154662502,0.06802487899564438,-0.016664121907687245,0.04470681922204593,0.0031063264549961293,0.026498990390363027,0.017162447433007922,0.09779776631468655,0.11118723681414638,-0.08156894319918186,0.026070101977755368,-0.11473654604572091,0.02625558428423462,0.09258928685404487,0.054036241226636424,-0.0015561972033528476,-0.060719518550095955,0.031421404284631874,-0.020565308578816915,-0.03971950577034209,-0.04071659730327363,0.07703183999952647,0.08305183147618762,0.03488369587681754,0.06474280867201652,0.02080974012242605,0.04268483088531088,0.02176835746535208,-0.10193087881231136,-0.05516023634867991,-0.07290674914513176,0.04338896795437441,0.04417416386489291,0.06023563466715654,-0.01088006632583746,-0.06106796424585039,-0.040441244798942476,-0.03571021694555904,0.009113289147330167,-0.057237563437457895,-0.0004756237481862052,-0.00727590597338084,0.0810356295818736,-0.03815605091447541,0.05034388251612607,0.0902737378861022,0.07867760255053828,-0.0244443967765584,0.027216129359201823,-0.01579058872660686,0.023126638125687188,-0.12668968427919117,-0.10973468447442483,-0.004042117677146192,0.002002350874266745,-0.020240403343472175,0.07056063137872978,0.05405503108302252,-0.04262221052584093,-0.0022366764430435753,0.12219326763543675,0.035999175139712014,-0.058362230397208816,0.004509337049183908,0.0416692435017876,-0.14730930560526975,-0.05100087037240399,-0.003608977572652373,0.01899590970129108,-0.0861738209727419,0.06364377482382284,0.006532738272475776,0.04239957483882501,0.15908791424841223,-0.03345695043793448,-0.09726614590725755,0.05368508925211158,-0.007808256144522299,-0.10290506091075219,-0.07868261755198412,-0.12621678449934573,0.06968304256089856
"Kurang dari 7 Jam, 98 Orang Pasien Virus Corona Meninggal di New York",health,0.387054490533245,-0.07816358460357321,0.000778801002335045,0.04824528392188082,0.24485975608727636,0.12994887898657212,-0.10042039917594871,-0.1065050665840588,-0.10771835732772826,0.03547363211243745,-0.0830196124316448,0.13012877549976787,-0.23257042799033925,0.0590800134861583,-0.18681821910174629,0.19797446982607042,0.10710091595940308,-0.05781017474339156,-0.007971816850376793,-0.07087839818419399,-0.050089006071622304,-0.025950965250322255,-0.0905367574617219,-0.0034054300175428106,-0.2211254694008214,-0.024611829394307335,0.04896208750130997,0.00857722486290565,0.0017337028039892586,-0.04050512581986271,0.030836684781074156,-0.04111077390342046,-0.08496519461557567,-0.022747375810423163,0.037733680095754146,-0.01535252623947926,0.07791876374502556,0.012109524141780625,0.0448337729693646,-0.019526316628279652,0.07859713826492584,-0.05488274914516516,0.05276393905897188,-0.0074336886468316914,-0.07069816406632133,-0.006188347666636803,-0.0009552378842527619,-0.05077363810138786,0.06297946412207962,0.017895174137915488,-0.03931846092256232,-0.03247960940084651,-0.0048532026354222305,-0.04724903809079167,0.004750434076533775,0.043407959714526566,0.0255989115680463,0.0007351483810134971,0.09080502271633016,-0.02457904301681885,0.019529794084331746,-0.07210002338411789,-0.05028886112336881,-0.020448220724025058,-0.06348375449394247,-0.044439206104063884,0.04836723860106306,-0.035454448462780966,-0.037342159540475615,-0.027023025230657555,-0.024215242031598652,0.025663810528574485,0.06390526418764787,-0.062084766572339724,-0.007131585895325875,0.09499422570713702,-0.01590725043938427,0.04024438880840168,0.0139288250160821,0.038785686676828524,-0.09341035435245178,-0.023069139339543816,0.036434199245765936,0.007779273139478491,-0.019509518463662615,-0.06915077470108211,-0.009507920252850764,-0.014294660902364824,0.06839781978417168,0.0020257597131258247,-0.006625623583719727,-0.051624588718587994,0.00673727243377326,-0.001263488047433014,0.02597591518709602,0.031170350500067508,0.05040655208431183,0.012616509104809407,0.00025418711768378065,0.018099671918823015,0.092921271018999,-0.07118353346523786,-0.031810241734146594,-0.0451283361347053,0.0005091846432196487,0.0028672464864587955,-0.016097373108887283,0.004530506593655595,-0.0020815910542570457,0.020373673882005523,-0.032688272667706096,0.007592674364534296,-0.024467957443354685,-0.05186865204929684,-0.006032234108558353,0.022486852482088437,0.003524889091982361,0.005928942806924725,0.03270757457412339,0.0013104201152446672,0.02237930955743915,-0.0168039749535402,0.0001197562931746511,0.006115282624607715,0.04032165147439379,0.008861156434477834,-0.0415058736033027,0.025775523382083554,-0.0470461957662463,-0.011489722274704172,-0.029971227171047412,-0.040902332627213024,-0.017421321312777547,0.0093389911708473,0.005287866198750001,0.0030606686484766017,-0.0089493588280199,-0.024760683139359918,0.00013026892376330305,-0.03459879927176419,0.01032792357949085,-0.020790476605582937,-0.0007697054324487055,-0.04501598433762076,0.0380075719911491,0.058044412302867665,-0.011678871394517176,0.01299779710100059,0.01633509997851017,0.04681003461641413,0.001629510668200947,0.03629386074839761,0.0067713498295371155,0.02002081516923147,0.038265118015306535,-0.05957166194219176,0.003016083201549958,-0.011890128893763093,0.07250620781070714,0.07915026218345826,-0.014254676916487727,-0.10860700586875907,0.018892141540997776,0.10501237669870093,0.03190304447759376,0.002602973854998554,-0.017531440343463288,-0.01249405450294995,-0.026222922960678536,-0.02516626843398076,0.01760187882727402,0.04296358652803486,-0.042144364664897314,-0.025547298382481286,0.042528836925874225
"Anak dan Remaja Mudah Stres Saat Pandemi Corona, Berikut Cara Mengatasinya",health,0.014268305559845273,-0.05818414711936482,-0.140585193250105,-0.058791212680247916,-0.07537617229028809,0.1317522876377053,-0.01912206358814148,-0.025292718573934468,0.0009953065422563191,-0.13360707449745424,0.17545335642892818,-0.013138934401170381,-0.0707328077027742,0.003031834194292215,0.006901617648713646,-0.056984444318676455,-0.09282457545831029,0.09219606779268608,0.14027894179562952,0.17115931658695985,-0.036380172614751835,0.24552870919649813,0.029865524406276767,0.08904945467378787,-0.016494116213884254,0.17554554851163642,0.062212713348591166,-0.21481473935508047,0.045963215037187435,0.07745233650382419,-0.02831378367004375,0.00809123513225851,0.004582560737179454,-0.0771359550128804,-0.15525771302711816,-0.007611186568938158,0.0786624433503705,-0.035280189207407005,-0.03551656285292255,-0.029107200780406673,-0.03151255292145796,-0.0018861493453699893,0.008950366059637815,0.07139248568960367,-0.10105724848688238,-0.18815545250872287,0.02866265084069794,-0.08404814506144102,-0.01729347291130062,-0.025989053456817193,0.0006483052547006504,-0.0024299280243214624,0.045860385951750765,0.05649707147336393,0.04318022808734935,0.02550465278896139,0.0783104507868845,-0.05502806504362584,-0.01180466890133359,0.06271969550633806,0.08804790008129144,0.1256169630940058,-0.0031987950708320277,-0.00849728760802135,-0.020951942899669874,-0.10631660899789583,-0.0160336791590094,-0.050823565113138035,0.14238005391998856,-0.015607386322208467,0.08020509943954658,0.08939606717547595,-0.05679453843507712,-0.05464968814054678,-0.014240163993213066,-0.007300035258522638,0.061190015815350524,-0.04489007429641914,0.0647070169914766,-0.009860405105068736,-0.02059450800002195,0.08346851793105625,0.00765626185815286,0.06374156732944958,0.06342553962294094,-0.07401213808835058,-0.014600599536877245,-0.00600721258656964,-4.6127830719872205e-05,0.012297164121535819,0.05770360451044272,-0.11001916082193336,-0.062391390650433025,-0.07736860760846095,0.043090611937854024,0.027322892184464057,-0.03659386239888978,0.1351249376430763,0.06091669527365105,0.06479955725531768,-0.036415357533153045,-0.09450130867943793,0.011460911414191532,-0.007697003484743894,0.057303952757618064,-0.07113647887492797,0.164063473885409,-0.04453612078961465,-0.011577637306992013,0.02906778092003198,-0.004985007835550869,-0.08340588200140187,-0.056222811097454715,0.04550459678497747,0.039468860520771,0.013161386083629826,0.021414226852730246,0.006512723412953452,-0.04422519768388518,-0.06145369426799722,-0.03451619085768935,-0.002003248191037794,-0.0030205970567377845,0.0670422031948205,-0.11196423989252326,0.14519354065425158,-0.09783810477010864,0.04227177197425166,-0.0026720321133168285,0.005543484784773026,-0.01661386071658609,-0.017408518862943336,0.0029817672591422022,0.03387842087739615,-0.15696800016960644,-0.07525510008023269,-0.046547405511830744,0.10719401020776849,-0.10025887462782228,0.13985008390520143,0.025397669310885555,-0.00693358295317726,0.07316519094202463,-0.037036972431885286,0.05746980837233452,0.023050823675825748,-0.04936496012288317,0.07116382791487369,-0.05743974193695179,0.042667258155677686,-0.06361460844103166,0.17729621290765438,-0.021705709091501723,0.01708531573579562,-0.04561028225193639,-0.03205126295048946,0.008847568374718211,-0.018965418046130274,0.016364714815456583,-0.06336004294318053,-0.005155196101183103,-0.10505966073203396,0.005345959683511058,0.0019242612846565893,-0.0028145307035366226,0.05421357426415393,0.10814396082563628,0.16997052081058558,0.0010342933115204385,-0.04490198465534767,-0.06613535932944854,-0.03952259385510957,0.06954224109092584,0.06781061182674653,-0.03192531092363869
10 Wilayah Indonesia dengan Penambahan Kasus Corona Terbanyak 27 Mei,health,0.1474761832636312,0.2548424303734942,-0.0718826915543656,-0.056301207166230285,-0.049617004368840825,0.011119994591041581,-0.12190760622150507,0.0475088886032803,-0.03378575637255675,0.018450586487865333,-0.05313097184545108,-0.023472508006466802,0.01728144192991199,-0.05345957275483981,0.22552701521515442,0.049370713100465854,-0.024047310566229843,-0.045567435407619386,-0.13964140322043397,-0.032361048667983006,0.02969777105496672,-0.013996653973785793,-0.0678650321484769,0.12316759672872898,0.11674732115817824,-0.013886653062872904,-0.0007662597438469916,-0.025221069628557188,-0.0058134712212723995,0.07546383320965884,0.025514431421252454,-0.0687519951791542,-0.0755196211107893,-0.02430719333076237,-0.010946822837110412,-0.011193553931565873,0.11046855310563324,0.00015938883298890948,0.002050634574257203,-0.04939743952068116,-0.02210272591761729,0.040102578737919885,-0.0361181377878548,-0.003163497981599079,0.09418844882314013,-0.11512013581980622,0.09927137810485012,0.11040409190347499,-0.06787788927300385,-0.0032898716679291818,-0.006631053598062923,-0.050854131013828865,-0.0833588460934299,-0.003848944636645221,0.04001514472071954,-0.06511829168419518,-0.12122752829818902,0.00474925344954105,-0.024953753713730664,-0.18527804232518547,0.06360203813178206,0.09982971754610957,-0.07070588890366694,0.006339533464481918,0.012268042616616251,0.02593081292415295,0.1275347760809156,0.011283925766953458,0.12541382520830266,-0.14596325920970382,0.08589024859995033,-0.14222057690002277,-0.059130572340153016,0.07928329124345299,0.1427334528737711,0.05039721712320455,-0.04563697653419532,-0.011040161677463677,0.06760540714076248,-0.01603758504699458,0.018537434441327397,-0.0073304503795304475,0.24815541624513848,-0.013297722561099111,-0.013946232107061963,-0.07649334945094136,0.06521853760610559,-0.01284003216592137,-0.0740970405255544,-0.06042194990034211,0.02498746967867791,0.15388526056746932,-0.06004359048783213,-0.1270784123283334,-0.14397714544981538,0.07361205234326859,0.06852212346898022,0.08665227136547711,0.04841929317603203,-0.06538206309713165,-0.08481624232037449,0.006452716806521281,-0.09323535802899494,0.0672758179031763,0.15437815270801925,-0.07929258008398392,-0.10312493566131092,0.06109794144293123,0.0339351701112237,-0.1416258049495281,0.04939339526449132,0.055083458397116807,-0.06485209935344341,-0.006623247847762335,0.0018996122880999848,-0.09958421276743937,-0.11745837554332843,-0.10312234750322212,-0.09005320003587258,0.09882776835516302,0.04906206410479116,-0.030838900113235063,0.03529387257802644,0.0067083268829226965,0.014617626787693249,0.01274015946701798,-0.01161849574396086,0.07415876389837373,-0.08289442465755933,-0.08228856897199613,-0.0012479799056904085,-0.057930650465764844,0.07565745877257887,0.06200072693284658,-0.026523462193632753,-0.04338598266622058,-0.02116990059236978,-0.01866278234298751,-0.006443863500197736,-0.06915288778650996,0.007974096705837366,0.01631117009807949,-0.021033905118590678,0.03594843982274519,0.050650140453772516,-0.004689333623831909,0.0030082003751982097,-0.04241145837394677,-0.051694936640929195,-0.012605261912002817,-0.012872496560309138,0.05076548017724638,-0.02963657213259664,-0.07537518417425636,0.009960718432673982,0.03734748598933972,-0.011297644921019302,0.012599980300097373,-0.004106192441481371,0.059213758128549294,-0.0157708444230023,-0.01910154185070271,0.013583663859566929,0.02520157576476969,0.005802666499318658,0.01543843187860844,0.0022105480220922804,-0.015761520475608644,0.03368935654430296,-0.01628030581987463,-0.004119781810974183,-0.04053352374345623,-0.009556230917812067,0.0236805126046403,-0.029102375258264326
Kenali Penyebab Penyakit Antraks dan Gejalanya,health,-0.07225610509830405,-0.03342841838251643,-0.08302839405046068,0.07199846358041086,-0.07256774456568811,-0.1343012046209658,-0.045096223776391844,-0.0482035575542146,0.4852574830201233,0.03786686883494176,0.000660857878851381,0.250602124657962,-0.10584246717694565,0.07634638862200357,-0.04263727351120669,0.08182374387419149,0.06353522885915557,-0.1346356322479088,-0.09185853645283885,0.12637943707053184,0.03979260168995286,-0.11179882275984887,-0.06429621884953027,0.06977152677943026,0.15947355883428946,0.07298850106775168,0.007808187992854439,0.024773986943151655,-0.05277438505780278,-0.09565149356101886,-0.020792093236578678,-0.02799618603318132,0.06401414961125865,-0.030615079753051336,0.01925608929347459,-0.028298293419988067,-0.1074896887177026,0.05715207724874336,0.06204741482344019,0.07002593598062411,-0.009781647737923877,0.06459413846723476,0.06941079883415407,0.031216637524575475,-0.12079459417607098,0.009176160706554996,-0.1511237862035708,0.03163692815604713,-0.08691678396667084,0.05803327542526715,0.001999648080781517,-0.023621643256034063,0.017104676461696618,0.05326493713248313,0.071898400052567,-0.010200013225192043,0.0348631512220463,0.010807453980802014,-0.06709565302852921,0.0630736370667203,0.05252758351710232,0.0031584997399035065,0.03563978468102989,0.05282153422844944,0.046310449236054686,-0.10997264237014928,-0.0597330961223119,0.016943263340521538,-0.06800921863247719,-0.05443343571452071,0.01567374669014995,-0.045548737842171116,0.016369456589528954,0.019069224927883155,0.024521782500706114,0.04115820386131525,0.06158015594421778,-0.007313624274572897,0.05699465371538853,0.01927233491116537,-0.05584305958066508,0.03970248944677535,0.046589786510809104,0.015487170675145538,-0.007376769312530067,0.06387378351945887,0.0955185894100992,-0.024300657619054686,0.020836010823394664,-0.011331682947546183,-0.04188436332190867,0.01927898068363553,-0.08788223585582668,-0.004136369732088055,-0.019400694319757158,-0.05839592216464545,-0.04059760412980362,0.03200755569185958,-0.043518346733624425,0.04554810715530021,0.08019236708525464,0.011505487766270535,0.05930522705975457,0.017949800172647197,0.08260511945746786,0.03133760996572471,0.0025258227639479666,-0.010548522868549506,0.043376241584721024,0.0080140839656276,0.02678093302609315,0.029542141112491375,-0.08101410738157025,-0.002903769874533447,0.06900309043040974,-0.018739567161068428,-0.014863597162658285,0.04522344839900091,-0.0031571688188701415,-0.01845286873443708,-0.036845955782044415,0.0692454317595241,-0.001969359575151168,-0.03176606337651443,-0.036336391619836955,0.0791905910220339,0.003761011081032728,0.042120966725873385,-0.03979164171535366,0.024077310822885254,-0.02972018968447616,-0.07249055295075867,0.006015162939701396,0.019357368318993724,-0.055243683884032994,-0.06904013250716762,-0.06163728145430409,-0.05914689918041475,0.04745836875295223,-0.06630044404377601,0.011456415426817114,-0.029044162308059496,-0.04273675325879893,0.040128286226742596,-0.04000729422144485,-0.06700746688260285,-0.0516178314318574,-0.12387334619611896,-0.005768162035228881,-0.002524781512415152,0.02282898092222138,0.09161656272670284,0.002923676496485982,-0.05456409945559102,-0.056732403771785296,-0.02718833252228353,-0.003434551243517143,-0.01748536955411128,0.021962561289107823,-0.025521149317453053,0.014984397747201622,-0.040078660541586424,0.07006600123403033,-0.10648933538288893,0.052424677411822405,-0.047317557874400194,-0.03266296186774786,-0.022595771987933024,-0.053065949919911745,-0.025121479646695578,-7.66080239681777e-05,0.025931170833519236,-0.005937457757303391,-0.11282133223026286,0.18381231603154977
"Hoax Virus Corona Merajalela, Kenapa Orang Mudah Percaya Berita Bohong?",health,0.14267747692485547,-0.1309927403980325,-0.07963554939771716,-0.11109148459268589,-0.006226917965772058,0.026368254553843194,-0.07381975746043495,-0.15430301089026982,-0.10435174259144629,-0.1576443961410664,-0.023739763677524322,-0.10560505256460871,-0.11248971818881004,0.04304662221108984,-0.0325094611152241,0.18886590303937636,-0.05094460956743738,0.0020817419212446667,-0.011935100980256734,0.06543213303776393,0.000578826709532078,-0.08610203180781699,0.03131799145310215,-0.06857882710711732,0.04911726371578719,0.014723945770512623,-0.016517563826410016,-0.033611867173693764,-0.021020394878227853,0.004703070125201957,-0.013204444869160623,-0.011897257204862545,-0.01123069993146492,-0.06217415785236585,-0.03063348631290351,-0.0027867808729689697,0.03040371297094703,-0.017575538635214903,-0.06255332971816731,0.08396782599783682,0.12460314345196025,-0.16066471051598605,-0.0035122667716828257,-0.00720934785805374,-0.008958537615266242,-0.13214001544158252,-0.11237987714980359,-0.06402502785623873,-0.040833980357173866,0.09937819309112698,-0.04377055532010021,0.1258611759482791,0.10633251331112678,0.044186809767157734,0.004346216533667516,0.1484014429140185,0.10199980764990584,-0.06554422350360593,-0.061460581482120774,0.04826419897072639,0.0534979088330504,0.03491463217785213,0.058276163189000585,-0.04985355966578446,-0.06270219086213308,-0.0003161251050479006,-0.0708333342111035,0.04523281198951635,0.15571880967511106,-0.027654250777378476,0.10921142451291165,0.07629289020977946,0.00033704445151767974,-0.03478123739596131,0.12296780707261398,-0.013702471975802957,0.09812610750294036,-0.10374043666270838,0.024889814574933285,0.0887640711477215,-0.08624213322627575,0.009663805596033683,0.030436806166077402,-0.021789271198256636,-0.021731900135236466,-0.1029844848484252,-0.10914749019153157,0.05475630469401712,0.12505133476357655,-0.0689353294717683,-0.022348993125923627,0.012395402848566727,-0.08231204807182396,-0.025094223337691582,-0.010925603393808134,-0.0007135564699811915,-0.00012295130403055054,-0.024008346484060663,0.01315113001295489,-0.040613695611460714,0.027528400262438094,0.008328781680662489,0.019474331140648966,0.03740891919751062,-0.029013377031351952,-0.039764298670166384,-0.023999408212425667,-0.06744441383703084,-0.03828919702877574,-0.03790316756872391,-0.04504160899570828,-0.042175820303264215,-0.045219192858834516,-0.02844106758312448,-0.03381698793498552,0.027772922973264818,0.03557933601466257,-0.0471046643935645,0.08866714171727165,0.08995031926165309,0.022416255024813987,-0.1110413797610579,0.13967147381312073,0.06755994552242749,0.04927717236319406,0.23201426033189868,-0.06593617877111634,-0.04011026407300165,0.15893961448332675,-0.14036456031471825,-0.011620630777141714,0.27187960041501885,-0.016999178010519894,-0.025763402775889017,0.03186147990085371,-0.03962193994124688,-0.14557465816317824,-0.07643699973901653,0.06940765434324557,-0.0888121961262529,-0.036252060180281265,0.00348154141781718,-0.0456421127159145,0.08026775754015161,-0.044523620167693165,0.07256657077296981,0.009405147398860834,-0.07306510323077968,0.05810281824597762,-0.10901149839225067,-0.026973595332880893,-0.15261202829208265,-0.001509442337123932,-0.06495945173214811,0.008515179254947935,0.07797582079108027,0.013389002995041024,0.0011399841382748247,-0.047724124938123974,-0.028052039545563102,0.03369084666068643,0.07639138572567199,0.0005167884948135746,-0.008221774899769168,0.006431746133018277,0.008806521615188969,-0.037553644988627705,-0.050834461600436386,0.0384862192352071,0.03078453994588939,0.04046440147876259,0.0058389011880822725,-0.053637160729746634,0.0058186726512313176,-0.003932421534937406
Corona Bikin Orang Malas Bercinta,health,0.05166471823959931,-0.13550801749008698,-0.1651217315259084,-0.02236764386429252,0.06259175963868736,0.08882678295754343,-0.13067232698031928,-0.2580221871419022,-0.07064499316891297,-0.12541762525004904,-0.035421416755124654,-0.259254909531543,-0.1984774745534166,-0.028381197757750463,-0.10518715308144776,0.196802758959406,0.0038730781772125674,-0.11956060855852962,-0.1373563784831802,-0.02969838514377908,-0.05412242346221844,0.0724788196288848,-0.08176467243398762,-0.11278932805810907,0.05624112088781593,0.031027808882501503,0.06592373430631127,-0.09599753587793805,0.07753986794489748,-0.07508243950097304,-0.09458874792294673,0.07683403521177411,-0.11153919637401874,0.1770104678818823,0.11557618873053095,0.07827653564307813,0.0036826970974923935,-0.02845356793681543,0.09982803452743304,0.037395868042836886,-0.14357300202607512,0.0796960289138,0.020399167428089338,-0.05140386474044663,0.060813296894225974,-0.04089541443770506,0.010433712417697727,-0.015806804827007893,-0.0034729180191081224,0.103739022690852,0.05868721482144863,0.013613517269179767,-0.05087873753669101,-0.08677770592260269,0.052324153614218605,0.06173725695237426,-0.04338161603776089,0.03260617893379363,-0.1058543862510783,0.025111144429549204,0.10090015860821783,1.9598573404782265e-05,0.005234522573498083,0.06051105254765212,0.05129562385998846,-0.01049743613529091,-0.02878598935436208,-0.017233933644360776,-0.0658632957752744,0.009398905981836821,-0.04022537400126941,-0.018418253421867058,0.0587615400043777,-0.012584315070488418,0.01890561646979758,-0.02565308167739273,-0.07544356092110825,-0.0405707549299866,-0.0909078284098353,-0.006884639967743989,0.04476008520703558,-0.05747287621898722,0.06652534142133121,-0.012967550520073054,-0.0249944836625825,0.0074441233928635815,0.0025124509194240636,0.013464050643930131,-0.04182204603721776,-0.05210852255254759,-0.048988522775911654,-0.008001398089185948,0.027030803421196025,0.01699548256644428,-0.020051319543441144,0.04147752923826858,0.031019884920981722,-0.028870834891094016,-0.03135437679699335,0.0365294844665106,-0.04445638644609039,0.04337291127581005,0.024423371810130472,0.054082457858990185,-0.05590315268843024,0.04431879681498525,0.029676574933487167,-0.005210079162535201,-0.08574270582864345,-0.04158609465083096,-0.024946788645190794,-0.0031793733415301237,0.050709675546603696,0.01217724779193992,-0.02258260213670213,0.029938968902687144,-0.026960759416157415,0.006820883845759684,0.019658172273437205,-0.03901899024402813,0.012880393752387264,0.016406109709810598,-0.005595334658583759,-0.08379526512149187,0.05174967250006713,-0.005356750789838225,-0.015178119832467977,-0.021382622768786108,-0.03602774775175975,0.013929135648502462,0.050925619027459866,-0.03226694618088559,-0.050089738671800166,-0.04581135662853466,0.041862347614932724,-0.029005694347013958,0.005326684902373112,0.02157533960726557,0.016083100532537052,-0.06217542940377851,-0.02078418860960608,-0.003528928506163224,-0.007761095978853243,0.03667941191290996,0.057233149788010834,0.012694072718197886,0.024160985113690754,-0.04389841476750541,0.0038797302807679636,-0.040129297291930065,0.04338742511916812,0.042518101635296346,-0.11478456234096976,0.037480489705971606,-0.008655507330411741,-0.05734049040370531,0.029860673836496723,-0.05750263502101333,-0.08350975109378377,0.03285493462480162,0.058542062211362954,0.07137156318244578,-0.008967028918364412,-0.08683953957801913,-0.047952298209540944,-0.052364271970503654,0.04584547847404794,0.1759286853674692,-0.017950683657182498,-0.03934203355750982,-0.005121849869242121,0.03489224979707177,0.1522662786911701,0.007805315348901351,0.07373343294943607
"Jahe dan Temulawak Langka Imbas Corona, Ilmuwan UI Kembangkan Propolis",health,0.024167844027771532,-0.08045877888329503,-0.044067508232414676,-0.05428529064470122,-0.050007612695566195,-0.0552396330307845,-0.03554067533797378,5.186820078341116e-05,-0.026347847537114156,0.04755483358411459,0.04328743870363723,-0.05395761102968122,0.011619801116413288,-0.058265031869044914,0.10251231157626303,0.019194662626856165,-0.002382617730308046,0.02761422037575129,0.06502268950621215,0.04381823116029039,-0.021148907959389878,0.07261875359143441,-0.07570818368981108,-0.07368309389143018,0.0598521925063371,-0.07244085356288642,0.010401193202285499,0.2797270577290826,-0.16709661487845745,-0.14229045727778386,0.008147392829977708,-0.13584514364210357,0.14689166119077113,0.05755805633141261,0.11483352923847405,0.045167936520601776,0.16424085591574383,-0.11132818259303127,-0.07734145664607779,-0.1531174096451659,-0.17145698089680794,0.03500627635627328,0.06915898393161035,0.04314786546543833,-0.1973060685331589,-0.012497455676924564,0.04887928200598955,-0.08003699469814525,-0.010977032628344078,-0.14771406380411625,-0.12188895650433405,0.06473898710132167,-0.056915680975918786,-0.025113594178135478,0.07953730598860538,0.03473020137902617,-0.07816784066759293,0.10235137757385228,-0.14497596693458248,0.010672018037073412,-0.06457166669131963,0.01069633247130281,0.10192390116762817,0.017259083162369515,-0.010696295124401456,-0.11505529078667125,-0.014741208140728854,-0.07849267689639221,0.11865789559471397,0.04138599244943248,-0.22307073319095314,-0.06323340143709094,0.0015400131519235432,-0.11873505694725851,-0.0168468048694484,0.022799990005853428,-0.08324462333776286,-0.01684124380761717,0.08527935125102068,0.009382436332440593,-0.0071259105328376725,0.07596139995515516,-0.017879736364215415,0.07418562371166633,0.08782596306360935,-0.13903853458408696,-0.03187895971006166,0.06319586529953686,0.03963735200575425,0.029840701841254494,0.0249100060361451,0.004526155764484678,-0.07312519546138574,-0.004280916281324886,0.0076761306143098215,-0.04453232427417415,-0.0318515032496541,-0.02715300331671363,0.06703280490397477,-0.008588636371294965,-0.008919540164881702,0.02632553408504147,0.0375801588795886,-0.01682617527741291,-0.02726003357934051,0.040644314287014476,-0.05764123750339821,0.0353020559842788,-0.06298929132226366,0.035646042818361534,0.028755430099668067,0.08083586043802422,0.02584966375356891,0.013346574871397622,0.01907366372514559,-0.03306208379380568,-0.052189076909551935,-0.06306200366395212,0.004140174508447277,-0.06028870884092697,0.02617660015746362,-0.049166751736648626,0.02255260442334761,0.12703672644484432,0.029773305465132946,0.0012694220200818273,0.11965308147273059,-0.13645333151367584,0.03175178591672204,-0.019051086473996785,0.047634278912133204,-0.008870441793959932,0.0007252812243144205,0.09578382125520003,-0.017564428069219984,0.010124816332668356,0.021142565322131074,0.12424898679631041,-0.05831027607635292,-0.13711808092339803,-0.0019882251103894816,0.06216376842177816,-0.06833396071813132,-0.03178237882608637,-0.017396848344258312,-0.03523186566350036,-0.029537160895927887,-0.09506952703832962,-0.016448675048620937,0.018373358787562268,-0.1249715376965852,-0.06360122794180602,-0.03708249373130947,0.0735445518813845,0.0681033400606647,-0.12728399799060613,-0.15851548322868897,-0.04226311359356893,-0.08316348145787568,-0.07848094447002313,-0.019627082123387377,-0.06379184391226633,0.08071815261562394,0.006978869887836723,0.04881907490068502,0.015557103496731546,-0.10570574465124771,0.0533872983505194,0.04799355031402052,-0.024231572692548636,0.010343230201073557,-0.03491024613392037,0.0032250613102862515,-0.03408238314901428,-0.03523017956805968
Menanti Bukti 'Antivirus' Eucalyptus Lenyapkan Corona dari Muka Bumi,health,0.0074006236296552015,-0.031849840869282164,-0.026752615382854318,-0.03368651993557603,-0.029009189495162853,-0.012781503581111886,0.013313373530057376,-0.02802827195111268,-0.0024874029075165663,-0.0006581474787165226,-0.00033945054878701294,-0.0061149620860739985,-0.0015348187428962346,-0.01465726206977193,0.020939388726843523,-0.00026624214856124244,0.0161604206411062,0.028712844324347026,-0.02319499166339953,0.004291799433056435,0.028609989910015832,0.046638715086950173,-0.013077880997221064,-0.05887718435185053,-0.013318661715424295,-0.0659972374423441,-0.05418839784661477,0.006954013142108477,-0.01836540290935288,0.016949476662263624,0.08882033078144162,-0.0613952386127238,0.013705401302050304,0.06117990269832761,0.0094774053599711,-0.10287198404071486,-0.04855767395818163,0.004428978824475014,0.05439576353170859,0.0063535443978070295,-0.09169813276179808,-0.002426635238424449,-0.02796423716623586,-0.011512347632388833,-0.03841010766571634,-0.07727553256145304,-0.008545993320361394,0.06416760183421182,-0.0032559991376593985,0.010759273765173806,-0.034284714214686714,0.2514188449427679,0.05912200261445217,0.03811966154322477,0.10301515432929953,-0.08724411230559798,-0.026377279606164514,-0.015126502446502437,0.14420039959339492,-0.0815015610791205,0.02639613285858782,0.08087817370960584,-0.0651421594273873,0.02708908458780026,0.021551501083309818,-0.0625616252289188,0.11003054094492092,-0.03172446140294113,-0.12253706414865131,0.05578066824514459,0.22122789900068884,-0.02768970521818942,0.21195709371715826,0.017944719228624464,-0.08437179272423775,-0.11503302057176532,0.08817123002571087,0.2548321153914667,-0.07314801992015059,-0.2279353967509883,0.15289290331817104,0.43383275736736865,0.013270712318416443,-0.10440060008919978,0.021473944839265107,-0.2102992170986917,-0.11098244660094524,0.11465936503386791,-0.03223778800229912,-0.0651372458568539,-0.15964536733576623,0.002241530790598514,0.031717448954494014,0.16125598980897743,-0.11307823720981904,0.04598054344462982,0.03518480986179221,-0.03404384803658883,-0.046684195029838456,0.08470336749270958,-0.016082214882235896,0.08075362070676438,0.03309340532581951,-0.036486093758362946,0.0596650941431024,-0.016431198746838706,-0.013017647463685913,0.05088942831691426,-0.06987584272136733,0.03475339573417673,-0.08907813585806637,-0.009642377108356576,-0.002878288726179733,0.0780612015349876,0.002189762607850113,0.007371149093257458,0.04230354417361186,0.06737530303022513,-0.01966979044704413,0.01052921286715798,0.04808927474318207,0.04280615615758817,0.04883910764689718,-0.009560324844165009,0.018153683000360365,0.027159057879173908,0.04104553904754257,0.041217177202064074,0.09013503352688386,0.13141889406219726,-0.08396147341219928,0.0337743134456858,0.1016737138309886,0.07304147492374857,0.022328037315203664,0.0060381831747159335,-0.07396372882499908,-0.03323978344411246,-0.025749079547159458,-0.061347606168062965,-0.0066001871743128215,0.01039742687048889,0.04542630220859396,-0.05231485066104665,0.012159567220001263,0.0029073506597569044,0.0031275242757444165,0.024622776855629643,-0.04476805861067944,0.034972474614637435,0.008163798286419484,-0.026632171421382245,0.004747777384690517,-0.0018582529294955494,0.020930933471297403,0.01152817668078151,-0.008987855622017087,0.010839279779403816,-0.0015599235323317945,0.008945929449410254,-0.003595055792548013,-0.010270015181919728,0.0002066583060321552,-0.011688740488508237,0.01043576760651586,0.006720656708812617,0.012611285946185397,-0.02199846864831878,-0.009955827224070965,-0.02416689877824633,-0.00032315489751211934,0.00425272804622059,-0.01320536296664145,-0.002682937464831459,0.00921221097452599
"Indonesia Terdampak Virus Corona, Davis Cup 2020 di Jakarta Jalan Terus",sport,0.16127474284781304,0.09278266494354408,0.005612124853289031,-0.13609411230990412,-0.0067617768954119205,-0.06172420355001722,-0.025050674693171043,0.17605008147885884,-0.045497201636523814,-0.02240399580066508,0.06033728862980663,-0.11388767009166975,-0.06477908566160796,0.12479760854375205,0.0298895643121726,0.0393969291496631,-0.10796860826343528,0.15138099556259144,-0.10487252356023292,-0.06093749429559067,0.08803842253580776,-0.1279659626423122,-0.03943464089959148,0.06827541866550861,-0.01575223459697727,0.09315746869352629,-0.04867582493479009,0.07259414895682312,-0.14864561417688107,0.05636827493099713,-0.14429495544176826,-0.057025507606764246,-0.05073544256421993,-0.05978813566291248,-0.005270585069619819,0.02692818368435695,-0.08554947194280467,0.08425194655887279,0.27392811409275214,-0.0031343755929328708,0.038204303150231475,0.04393432622900134,0.12462447855223226,-0.01238401076930791,0.12443451436010972,0.017875365733074435,0.02100498849798138,-0.11844224840935555,0.0034558451831935215,-0.03247801537996922,-0.023842262623753552,0.06026098321554442,-0.03903161737509445,0.034356015383324175,0.00930230437202188,-0.04406534351899891,-0.10212945505614075,0.020569477367671334,-0.013387855543184895,-0.06668027478725867,0.07040342061409989,0.0425784720094926,0.02665313533801838,-0.0034459228292155423,-0.12680518506356198,-0.06474869122779085,-0.15948710189746293,-0.015916395325486214,-0.1016010458072211,0.09072507203643215,0.04121817362258461,0.08267129784625553,0.022880594913314484,0.034494732330068154,-0.12056565156748841,-0.06193522204006351,0.01342619500572311,-0.1434649407729922,0.039565127568722526,0.04264867219278602,-0.05503425900596617,-0.015181148159031838,0.06653955610263523,-0.012371973687085216,0.04596153343069856,-0.10864897761166127,0.055949879491064454,-0.043304483627517286,-0.07679959589800152,0.036026998575443996,-0.012301122447508485,0.08024731494201631,0.04411041166088845,-0.07981193286267012,-0.010841695702032934,0.02340088463066305,-0.001241137635992709,0.04713463387991053,-0.061462169055656844,-0.02646902548095644,-0.024698018960751224,-0.006931816826713868,0.030655421024517408,-0.06925901380803699,-0.0020405031856487905,0.02582418200268514,0.04927193943181064,-0.027020457773064645,0.030895438598179628,-0.04138679436361227,0.0028299395509224457,-0.03010643946354052,-0.034086196692364706,0.1160580325118424,0.0403569518378128,0.05387601730586067,-0.048309704936181384,0.14104614307441415,0.12837786301824924,0.057631102403474035,0.08667040757151151,0.011907050905227376,-0.09632392350492436,0.13619009273676694,0.04628025768032135,-0.009652870705096885,0.14838616615364175,-0.0806286619934359,0.05521396995325561,-0.018526789122461182,-0.1095652414788494,0.006428567765767616,-0.060259434727654555,-0.04286703943316063,-0.06295184525859823,0.04993597376971771,0.03936815044350583,0.034086417129634485,0.04874496398150294,0.06504562989023019,-0.04176493090686104,-0.08079844183068742,-0.0017861040837163368,0.050291916078971606,-0.06567866800192455,0.02617699834361292,-0.0015912540656681713,0.07034085185779794,-0.11408872829308195,0.0765357498968754,0.010117103227843316,-0.009775317759870708,0.08245470839626678,0.009224993781035851,0.05141832347669349,-0.011630035627045001,-0.015709964989496547,-0.09815923204098422,0.02918306586897896,-0.043183124698862665,0.026846096863805,0.004860541099767785,-0.005722945652725521,0.03122743303040984,-0.0038217177643605723,-0.09607399019856244,-0.017443710336097047,0.00641510924477442,-0.08314728067135665,-0.0354492412890199,0.10318985910334479,0.0008546481115687236,0.09524444048911726,0.04169165043210773,-0.007716118303047764
"ONE Championship Hadir di Jakarta Bulan Depan, Ini Deretan Duelnya",sport,-0.0698796589788153,0.021649845969486433,-0.050686729987174564,0.010448231458472094,0.005967427974520211,0.0019682186465252182,-0.058003763187877436,0.010841326890337464,-0.0006266031875062386,0.08807004970142507,-0.00864164979366937,-0.06572518850135924,0.025083415167195373,0.1019622450507082,-0.06439626152028045,-0.05885395300295125,-0.07179398747307793,0.09065516498246246,-0.0020500764433446957,-0.07112039688368059,-0.009132183853445826,-0.06076613105135457,-0.060691797050594506,0.019191215290819283,-0.037662895179133016,0.06783275906360031,-0.10700023476520824,0.014877787494056475,-0.14533447284208867,0.06366041041638738,-0.03981487476703622,-0.10866637989919958,0.01727980987716004,-0.09347432261190375,0.005597031771246233,0.029426683636725594,-0.08450160955840452,0.08687490814205646,0.18277918522934555,-0.08107251794641232,-0.006681651801246855,0.08445048061926648,0.004297226355567157,0.04026314890677622,0.012389620614474253,-0.0006821041996508175,-0.10570390902645704,-0.0923234657040854,0.1034195558217502,-0.029111072159035103,0.10415335843913445,0.0949492920790289,0.20399927599170167,0.0019078498025941696,-0.15595598749427086,-0.09168417624588024,-0.23242085189194445,-0.038529805373860054,-0.0969279643152547,0.011726470846366773,0.05456659578998274,0.03022986726831334,0.09977959565249331,-0.09954477071953814,0.20819693384367538,0.09189837779202707,-0.1568710556727963,0.03367859827706534,-0.02237464146586148,0.15529131798938528,0.11646571619848514,-0.03160918208040302,-0.11566219030014721,-0.14818446412258215,-0.19882600602620107,0.03973639233757765,-0.08802267463366983,0.01995978553083279,-0.008874796026488914,-0.038309319860382,-0.02357119583482633,-0.1363475377164576,0.1114562045056708,0.022064714789386146,-0.1413984480684216,-0.07602887899837181,-0.053113778019183024,0.15133243238564728,0.11965141053644653,0.06494049366965404,0.05527374900741317,-0.11822254876904705,-0.1075130595758596,0.08200018209173535,-0.010240614297880129,0.017270381223924304,-0.018653298572337558,-0.03076106213079066,0.031309030027801145,0.1031097416878982,-0.029766222037785235,-0.0011449358338687966,-0.17753097593269523,0.08760462653771464,-0.02280953282155784,-0.03783604420678007,-0.1071460147864437,0.0300644663735273,-0.04828049639155204,-0.02905568914636556,-0.03407255781252739,-0.13488291047028503,-0.002601362229630714,0.030873718142862265,-0.01424351583911342,-0.017347434772280467,0.010348586048887122,-0.10484523333368453,-0.0005922203300041022,0.009776275896751917,-0.02877237891262592,-0.07748011217779031,0.03402383351817803,-0.028493422037328665,-0.038224633151541246,0.01691768243264977,0.05759696588761466,0.13971548820622245,-0.13072283952614436,0.008117352988760472,-0.02819893718207164,-0.018612895775947543,0.02628690323452629,0.05062204777747875,-0.027928972526625198,-0.06023623662728375,-0.052841886713694886,0.004596707804679601,-0.058495319248879074,-0.0023303765030373382,0.07359998520670878,0.03461507944155885,-0.0099918565941119,0.031182756641694908,0.08674329736515016,-0.04438348702799761,0.01429091714406523,-0.052359270665659444,0.08145269477634547,-0.0049904503251621815,0.02477312375217535,0.016632946754110617,-0.022729724240842093,0.06094501376650689,-0.09891753341578706,0.010692638473526651,-0.03077553447315966,0.08633117917636082,-0.021127139242778707,0.02168710078492124,-0.026760520610550093,-0.011895232123442501,0.00043660187124866306,0.02278981563020771,-0.01311750792375355,0.04886370197538668,-0.03602108202213381,-0.07237377620619163,-0.04984755853058873,-0.00525709532039675,-0.010655761143904216,0.05164290024441056,-0.028786830855760993,0.036884772887632936,-0.004371459210066268
"Hafiz/Gloria Dirugikan Aturan BWF, tapi Tetap Harus Lolos Olimpiade",sport,-0.11491938568980664,-0.04051122961781697,0.07015965922512662,0.014123698427641593,0.03440493134434467,-0.138479358756999,-0.07849717708062662,0.18459366816087275,-0.07079690258581828,0.1984868169493565,-0.03388083816671903,-0.09088957109276692,-0.10387387495440284,0.038871922343848085,-0.0640399446521553,0.03988576348214635,-0.037564844222376666,-0.03832382731212515,0.06344936983664008,0.07316693020105555,0.16087821813206812,0.08313194915745388,0.14046856255481746,-0.14283451261455712,0.0679767192221606,0.15094644385534645,0.005977357100471564,-0.12900739919050358,0.02104734353562927,-0.024087857052669328,0.014038294808280002,-0.00016664707585989692,-0.08735620708980943,-0.1498123066577601,0.19664398690910212,-0.16016232947642328,0.03295569990656842,-0.020285644953199098,-0.036326216814424994,-0.02177708213542258,0.17715372390106024,0.07994945134014411,-0.01733053202790581,-0.23541284045030056,-0.1966688232025836,0.07592266056876962,0.1493714950293945,0.0754058858110096,0.05163938888818365,0.005772468914563684,0.031918347553333254,-0.07470851130061262,0.08757838378436383,0.031210106900680337,0.13137167572531905,0.02641010059764897,0.045115170291182796,0.11426561361068385,-0.1658284822661465,-0.16728418321437438,-0.020721086062172284,-0.020175010993738165,-0.007750309311605435,-0.03954148017939296,0.09326030772897126,0.07983716848782822,0.04691122173366853,-0.06242717445646796,-0.007942089928468203,0.04024818647410815,0.09207640343386185,-0.0474027388135167,0.029348821154231982,-0.03598571545319421,0.03695492889997592,0.0726812859191707,0.02302513224615975,-0.038645321790621516,0.024474921944055174,0.007989295967793018,0.038358594753862704,0.004161336559740202,-0.060662671163635766,-0.04266019545792677,0.024439981806294152,-0.03672411392033129,-0.03981069938187456,-0.01962701612405514,-0.01238545890398906,0.019559248272833816,-0.0017275624596461872,-0.0014284440060036154,0.06748233060945191,-0.027802153515409767,-0.029815716467855892,-0.0640672507139832,-0.033974320145339264,-0.014545200969819937,-0.02077095969342111,0.002964009123544049,-0.0025184015804780736,-0.06464936361137229,0.07258753297809736,0.06579288185741583,-0.04367018593136291,-0.06304721196962142,-0.06984768584749697,0.009090250833662163,-0.03782377017418964,-0.007119589894527917,-0.0048425214201293105,-0.052078114326082635,-0.03476689514666267,0.01887461028600347,0.050561905039352366,0.009282400862925885,-0.07550786315602266,0.04671136145175309,-0.004867590936108278,0.0037893011066584144,-0.04669508196427257,0.02598150008001488,-0.02080708657764778,-0.08716746666986819,-0.14686939200397547,0.027335502056999576,-0.02012908140080168,-0.04023371098941177,-0.035291296883097865,-0.06134081941312343,0.023605393011781144,0.04611806282683526,0.009953350143843956,0.014947480833759123,-0.0017901889396613345,0.05801587688773169,0.051121462080032626,-0.06962549836086726,-0.049277261328695574,0.04933960874494583,-0.05287784456452694,0.10918205812773203,0.05255953163983654,0.03334913790798198,-0.04340980394241366,-0.036333089368122864,-0.04002243291207912,0.009433689985844668,-0.018676832365118582,0.0035190682451172557,0.048900351029282425,-0.05575918870317167,0.01774606607848986,-0.027770068540890005,0.06675241378020563,-0.021978973812012186,-0.03468571882890512,-0.007424015447242094,-0.051195615657376146,0.0031707147695482856,-0.008773032931067114,0.011264720371306415,0.03971008877978828,-0.09164467250988194,-0.0776992992333282,0.004795689825440215,0.008137327818098639,-0.05496366344423209,-0.06599289041184944,-0.07810868001811426,0.0279620337602534,0.04070491588093436,0.10710520393928637,0.07569959062473687,-0.010377038718789356
Greysia/Apriyani Singkirkan Wakil Kanada,sport,-0.09610979853022637,0.018511968577437265,-0.06149886691220574,0.03773192314262572,0.00026191844065826696,-0.0987769504336008,-0.03731289062486341,0.09509196401289886,-0.011151640287416229,-0.09115599051584691,-0.06387546589981208,-0.026627805979055414,0.0709050515172917,-0.02367116033185179,-0.0355915716687431,0.0027059221797702433,0.052710898601465654,-0.12386628108570334,0.0784727653377365,-0.03065302927206853,-0.012141278411780617,0.06514304142426769,0.001263515728028317,0.003078170062448748,-0.1345731636402667,-0.11420061551012421,0.014886561059372937,0.050319181612726215,-0.05842409520751443,0.05033100187776684,0.2022577468508143,0.05090597588969626,0.09063511030953747,-0.275397615976697,-0.0885697197271742,0.274153908092894,-0.06258289798920495,-0.15127676629205614,0.12560432478358713,0.282295679751671,-0.15303804990830563,0.06456980423488255,0.10135641843597275,-0.2076261262408113,0.03907023343318713,-0.12352318110246426,-0.08117591670006476,0.009575244633996893,0.03917778318055905,0.056961968367598814,-0.108477160732917,-0.034840507402606385,0.011499965502004649,-0.1898467514169408,0.03742743152852887,-0.07561342046229894,0.04097286374879376,-0.014430819333072898,-0.046382455707040235,-0.02021457293307593,0.030606340318897373,-0.007066200915792613,-0.05160436347868067,-0.02354935282490294,0.002347273328678941,0.04177437803466201,-0.011034134618667158,0.0570341230508661,0.08791377249392626,0.01844104335889064,-0.043295171685699504,-0.04876826865506032,-0.02286393470378406,0.0426994574385332,-0.06771981058013954,-0.01280319731087428,0.04903962344776884,0.04655095935170864,-0.006889912014679927,-0.01738250209109627,-0.03846259528544825,-0.004796586473348195,-0.06381695072607597,0.030308465878544372,-0.031739038676368354,-0.04177278243278235,0.03630853617845761,-0.05643535141869666,0.029751382625254518,0.03998076843020603,0.058729290073168086,0.10582041124912762,0.05400720876864691,0.012321679194590637,-0.1141776608051705,-0.03202728140992793,0.10680850382603313,-0.06767690711331972,0.008607770545587978,0.04137265469945212,0.019547206159891774,-0.05308156504001437,0.0018499480895058733,-0.0026065685025524225,0.036910245274203966,-0.0008922290493057835,0.07042087533068772,-0.01158809392587169,-0.101901477761046,0.044741486050879575,0.053787429503958435,0.025155891156859095,-0.09152819302433014,0.012257810161629596,0.010404332957060487,0.0769224925537617,-0.026494569090466085,0.007691474674387488,0.009907403439093767,-0.03317028824734939,-0.09499439061651682,0.005621425933464192,-0.03305543152529154,0.050881701471178264,-0.04181231095974034,0.10384556097444611,-0.0004507866515998868,-0.026470265947773738,-0.02424010673812479,-0.06841015381544953,0.0574025529916899,0.014879349378057936,-0.04348503485674297,-0.0045369541122557925,0.09852071660028956,0.09383857933546334,-0.023485200100739425,-0.026809295427260953,-0.04104119661717172,-0.0008337260560580842,-0.008766231264049856,0.11405578839950048,0.15414546631711679,0.03225683457749882,0.06321261007327904,-0.05335860922939837,0.0027076355782961205,-0.009036449482870466,-0.024995998353502816,0.03991852693578328,0.06893118122731942,0.02642241092629649,0.00940821108329644,0.021817700578242658,0.09322346443971413,0.05759543031130175,-0.04323598138424045,0.059648733529573957,-0.02687612805375554,0.015766778007784272,-0.11102330073775833,-0.013576229368721918,-0.014514146512961817,0.00033659776632491493,-0.04785014341786986,-0.046904777685532126,-0.07740820699194187,0.06989028484013732,-0.07000699563707538,-0.023833090480666418,-0.03821705405471853,-0.039474335709695135,-0.08758883946930206,0.024624477950083566,0.010169311069728529
"Jakarta Banjir, Persiapan Formula E Tetap Jalan",sport,-0.11343156617018847,0.027609031739931095,0.02433189854255522,-0.012361110315480987,0.15529215343532343,-0.038707283353173055,-0.02012064766055315,0.2332127143355472,0.028256432747820328,0.15349914824765912,0.054368750679728135,-0.18559488298809357,-0.02944798961621512,0.20824380636023218,-0.07223562716591118,0.1552496650340395,-0.17790528337160705,0.32391971996041147,-0.08496720935962099,0.04471540862321095,0.20877037772692197,-0.05342451245548614,-0.055122402919146586,0.014253656636936186,-0.06826380463576406,0.1207540776767397,0.019763122573034614,-0.06543898548479171,-0.19486828969756864,0.17514551668847192,-0.06975762916111863,-0.07697094043805126,-0.030995630153687104,-0.02895445426111709,0.05537473552230565,0.0938593381388715,-0.19540219002199094,0.026157269215217983,0.1420967884759165,-0.06325717884405749,-0.0369372630918094,-0.041360630994887564,0.14138639100401595,0.01748511818090597,0.028688892235916596,0.04750190357048855,0.04747121093639626,-0.12986447483493074,0.024310874811532487,-0.030067314513091723,0.007955963060134767,0.001977682586252205,0.010097728025236471,0.021705826785591523,-0.0164537921080138,-0.03060298580451018,-0.07601929224848926,-0.025160626030046616,-0.11857319221641435,0.053062816360435056,-0.022173940794205583,0.03955474489716319,-0.013425692220716434,-0.03171489419610751,0.012947351960065696,0.011107471831789329,-0.000306134743354038,-0.03319621190379061,-0.031156557961841427,0.022518311269538745,-0.04216179185718587,-0.014657312350386989,0.055658669322755205,0.08556995210205137,0.0362782385158914,-0.015605454385927225,-0.009032414642923023,0.005185837517689206,-0.03068590730780997,-0.0213627265164087,0.003952387589352407,0.023318792284379743,0.035189987324274453,-0.05919026703866037,0.0491384463027842,-0.012572909342093553,0.02009957337387417,-0.07649603453702455,0.015511099865308376,-0.013530869881646283,-0.022783124472831952,-0.005973003544452165,0.03446400369840139,-0.05961037107363048,-0.04891918403543575,-0.035889435177845354,0.009053796981144079,-0.0023627736744514416,-0.013997220166806299,-0.059064049599828417,0.007484119820527967,0.00858210278909052,0.05087044535604919,-0.038515989337851456,0.02456316195813518,-0.022384597732179237,0.07145043592144917,-0.010603595676096948,0.012490332349989997,0.027043451238920838,0.016466085182130847,0.05661225530392756,0.03374375567134377,-0.061132476304648756,0.0022359800440378223,0.012823294019818797,-0.032305365960511596,0.01432711740340976,0.0008183468877375367,0.027963883406978633,-0.034931358610959716,0.01819120724508733,-0.004113288696666848,0.0815467360649679,-0.011473825792018449,0.004425348321883108,-0.06504842757647973,-0.05235070712339412,0.061327449558304124,0.05667882384904194,0.018966504307861363,-0.009552157429378674,-0.05405660304717556,-0.031718512132467874,0.05665159064956895,-0.056459420359345876,0.06344236543587281,-0.08492801138492227,-0.016476049034860503,-0.018873211523855207,0.08575098497021671,0.045876881575474836,-0.026290187497120504,-0.024094600144557138,-0.0009238420494507583,-0.015112057389099652,0.07629630340931601,-0.01358320482144056,-0.021890584986099432,-0.023827558386011444,-0.02753468970287266,-0.04115887009804303,-0.024933720176412752,-0.04510884517615383,-0.020658032639440164,0.02475450450078457,0.03377691545585301,-0.004541879315838316,-0.09068470119101955,0.04618214408179466,0.036317739468294225,-0.025198401216773067,0.005180600684613237,-0.041269405173340656,0.06902972719381897,0.03262750407780626,0.05803331894086027,-0.008562253913246604,0.11102276027546569,0.06518764179919032,-0.06497965566049332,-0.07111747226206167,-0.05931147880284191,-0.035984708060244654,0.006835575686649202
Quartararo: Aku Belum Siap Bertarung untuk Titel Juara Dunia,sport,-0.13564634539794518,0.10816263967512212,-0.10546427226082124,-0.13871107191385146,0.14907083650360076,-0.040974554927737945,0.2862409230814906,-0.056127777817506344,0.004343113539617587,0.1472736017137591,-0.09089385471482118,-0.018014583442618047,0.046402272285712205,0.09720790431892004,-0.06101813720929164,0.060210754325667026,-0.031714513784599815,0.15002250554226257,0.1061210423135661,0.025102128334160423,0.019748338617829774,-0.01249776633541698,-0.02470152117872375,0.18623061008672367,-0.07633398262925824,-0.008091974059829967,0.11007436918875906,0.0851343116103705,-0.05034364910345661,0.08358407555344156,0.026864082896423527,0.136288696688455,-0.0394206857819921,0.1782384655404572,0.12327354610802489,-0.06942964377033929,-0.14015790964577657,-0.08987115901472678,-0.10151148830997878,0.029512149748057104,-0.019665781162732376,-0.09321791153754544,0.1386385619759318,0.00854769574134032,0.07062761824183347,-0.017188174621443827,0.019236947265732992,0.06045202619613305,-0.13836976251798896,-0.053304412014982365,0.005269482659284771,0.008140106455698891,0.08540494626161883,-0.09291166426684984,-0.07357733501793674,0.04159249647730855,0.1676208114851921,0.12520826148127484,-0.0720568459457283,0.003919769537173012,0.07337192918446175,-0.04950338134875087,-0.006317956256926843,0.06526219185224721,0.045495876963533154,-0.019636882617412893,0.03495607494951834,0.06330478215640997,-0.0020104016906549197,0.007070863900002003,0.023514322840279926,-0.10617280790823702,-0.10537108360885211,-0.08379940695058505,0.0768450561665479,-0.054071724881003154,0.030852808424748655,-0.05298974040408094,-0.070511350482968,-0.040743315912078415,0.02169495503846723,-0.033691863267817534,0.07155530316453634,0.10582976884756097,-0.029040874561374472,-0.10559562858047528,0.012124917998172606,-0.025185950363738746,0.028416083235732904,0.00044782719928173075,-0.07899501377004457,-0.033999429670416796,0.020570919378257644,0.01230563905922082,-0.021323319289097618,0.005522021204147585,-6.885681375587962e-05,-0.031090251496629754,0.058506806297717324,0.018693213208068868,-0.018996203050496402,-0.010779165162716998,-0.02641811032798576,-0.03841634766426681,0.026956204335960812,-0.02971793599100502,0.06121893271767634,0.02260985433195235,-0.011005122778147415,0.02772499447960625,0.04097327486064589,0.008683553712491831,0.006999403934511016,-0.09396496592834426,-0.02993366257298462,-0.02318467895861644,-0.04942034751253863,0.013250356574423925,-0.04775489224071699,0.07949307758321816,-0.018694394342407845,0.03708173288984531,-0.02449416551792875,0.023256649183360657,-0.07276922843976547,-0.055350106877445175,-0.05948283357692895,0.02649002343577609,0.047337201301010684,0.036458266913127424,0.1621244558085476,0.040072181197801815,0.057721500612450724,0.0251186019179872,0.008132292290381603,-0.11696143570216715,-0.05635313405633034,-0.07878054462605752,-0.020330520628843857,0.010177865181926881,-0.06137461128745919,0.024614690845414896,-0.0733378116076617,0.04799254968568742,0.025375182831387233,0.01423435876211138,0.035985543248888495,0.0309989145569018,-0.11857069009527475,0.07143144730367611,0.03516302088797394,0.025603456941718002,-0.004596720151866945,0.10603700777685467,-0.0009878646446381853,-0.06476013910955916,-0.02854488373571033,-0.05473868474059653,0.02971245902489183,-0.1095206719368974,-0.030456794573817118,0.07770478779098433,0.026502904678325542,0.1116836949895475,0.006959073791516871,-0.05002799134697528,0.049388041388156265,0.01157122976123048,-0.08272433044937581,-0.0703447165713895,0.06685192744325787,0.1212505088630192,-0.05570223305998565,0.006415967354881552,0.10606110961146459
KONI Optimistis PON Papua Bakal Ramai Penonton,sport,-0.09054839482766111,0.040701715246748676,0.0878261773699554,-0.011150657181552497,0.09606628023473561,0.03336367150390419,-0.11787306400775086,0.05264821487306619,0.03353916098196179,-0.05378130098490997,0.04852993270940874,0.04722630479232362,0.06507153022439853,-0.025621136934113,0.003967656582525454,0.02545079973852748,-0.179267088215086,0.048617239869738406,-0.10649734970513103,0.08667148359934075,-0.06398745133136742,0.013177771346266166,-0.004456277655838514,-0.0007426398462864438,-0.007291353191828921,-0.11334095056107088,-0.11770283259992065,0.06601572752916618,0.08893861360998535,-0.09963804265863875,0.006966751757757505,0.06666011803280171,0.07080689674637425,0.12312822835863677,-0.036582285528339496,0.049794190043438054,0.023615145072923265,-0.001510807824250478,0.11186191361329123,-0.020278669378508425,-0.13815343402938657,-0.1925964660848442,-0.06651483435571141,0.01901977949688514,0.09597134370713184,0.06332601575618794,-0.0908770632927279,0.17428097938528334,0.16584729289489997,0.016463616355816307,-0.08191199540263337,-0.15654583182720355,0.17559683574721757,0.16335302957595485,0.05992397663679978,0.08967337674419594,0.12556405004045149,0.1747617944209997,-0.08486342709280635,-0.14009877967180412,-0.005663236894638631,-0.09133527550233664,-0.055404200839500116,-0.10820929722201143,0.03560240557646211,-0.022087662909675492,0.06950868054104213,-0.01583816679719067,0.08535097095480491,0.09980578573550881,0.10586646232267842,0.10872444338889568,-0.12885286216853928,-0.0992494933862979,-0.11839613755570656,0.09797104594017456,-0.09401446876554197,0.042706707061993684,0.0004231340424746725,0.006986326953902037,-0.013834418894631124,0.06788832226140414,-0.07051497139928256,0.038910238285324174,-0.06726864411245316,0.0947280762248462,0.024815471185672528,0.008736079916284443,-0.07355796072680379,-0.06529885352360269,-0.16363068746707,-0.04166100682292521,-0.08798080857468218,-0.04197490934811504,-0.10460441120096528,0.02911620708958863,-0.12784603611247816,0.019210641339107194,-0.10246385891394129,-0.04824219904728447,-0.009522496124501373,-0.1521670440859976,0.017573021471381862,0.01450348613240152,-0.11551690667602159,-0.021691942908283766,0.1580316725027774,0.00403086488535707,-0.017920749703394304,-0.045020592503645596,0.05889833546171788,0.06868388957669987,0.08000407723653019,0.022536428181951097,-0.013004302362367564,0.02148795679343706,-0.05034702472359648,0.019548735373346664,-0.026043531774205278,-0.013778602773001053,0.024988980379896063,-0.01907604128680786,-0.02397213009050046,0.046661633480823375,0.05158839620975824,0.08383931347650593,-0.02608976917071722,0.008208712704220952,-0.03054447929966783,-0.04772525284029293,-0.03135676268730037,-0.09292813008628205,0.010878997030377842,-0.02795115807267996,0.024478003409210903,-0.006989672437222752,-0.0761169599818006,0.003615282797216756,-0.028188599029933637,-0.05715337323739765,0.031007428024551007,0.003943452965157144,0.028390641884581465,0.007527895353304664,0.0012894007681774314,0.009988491275090649,0.015328508354557464,-0.02874180997965074,-0.050859760068866736,-0.002258558018877299,-0.028761117489909414,-0.015845791959699,-0.008335796509401954,0.02253283856419671,0.01308594474114942,0.02605992398444365,0.047257479916694795,-0.04236015065536006,0.02042131020662493,0.08596757741923149,-0.06530590976496747,-0.04043896458225079,0.01381886876054334,0.013610237240155655,0.0166063099445384,0.022808505956352025,-0.019406936803593906,-0.09532985023845278,0.031104799945124714,0.010618744814194319,0.09448091328571166,-0.10391702108227067,0.0949041718294431,0.044216585354082974,0.010155645455411392
Marc Marquez Jadi Anak Emas di Honda? Ini Kata Crutchlow,sport,-0.10171421379151117,0.0999243600509702,-0.021758394844140494,0.2820867887461518,-0.1309103370591165,0.04872457016447291,0.10698201238998793,-0.05239864354340469,-0.2064264274958487,-0.06550085717424461,0.4724710750442505,0.18369628550148426,-0.08662154746023115,-0.013528787442625381,-0.020557127301103924,-0.0001247281867336114,-0.26852439006152706,-0.028037712081869982,0.01965127978323187,0.1677140952853423,-0.006142007338994335,-0.07058313944142647,0.04300617383079026,0.08384523512773101,-0.17564508794898062,-0.02964219072117681,0.06120143532235919,-0.00040131362227637446,0.03705802353101378,-0.050657666351492714,0.05158599167857754,-0.04832424395834401,-0.031208433226849828,0.09604453545978243,0.05932056022403562,0.08988018601814624,0.02595740180197334,0.010041534841801024,-0.026761341878547756,0.03555153725126572,0.1161177116820505,0.14928903431359836,-0.03387828242904572,-0.018473846632113475,-0.02762886102815555,-0.00749345631248936,-0.0241915498347785,-0.04856611134024042,-0.07484231218791572,0.07256408663070858,-0.00044386795829144096,0.06272673740419024,0.006467701435432018,-0.058932359158642776,0.032243790802779504,-0.005090950370151216,-0.014185254260402663,-0.006072550607877253,-0.04011772603098479,0.015414472829058739,0.0009660201034854205,0.04752639322914942,0.055356565216864315,0.014349502308771689,0.02050761387042293,0.021874958182700674,0.031160931798014484,-0.050640224791398694,-0.01680665125750985,0.025560687489188334,0.01133910346201228,-0.016622299126867954,-0.014712390244304504,0.07821203866881105,0.024221026478351934,0.007022945329211514,-0.006276446550456341,0.0010917998238872749,0.0023699220267230313,0.00666849086340483,0.03274218728039538,-0.018798339032718193,-0.013388223405220886,0.0010024339430513916,-0.0015218870781408766,0.0035062106329581647,-0.0018016427437999518,0.031469827915488906,-0.006207008425632023,0.0077947348964343905,0.02447674436882142,0.03979675509356501,0.03565578335343629,-0.015221073022701821,-0.033566426550800756,-0.016734014318851548,-0.005646303164827639,0.013918873986925291,0.03234239569362739,0.027386186391256097,0.005174753673710027,0.039844669395987804,-0.0171021425437913,-0.0261604418749409,0.016789880383128765,-0.00537144816290386,-0.001250920155997329,0.01569167580804119,0.01643494240996396,0.02083019349884509,-0.0006902603781866757,-0.007034060557212956,0.03991869303398856,0.04264770511524299,0.03931700139778246,-0.02258241899868842,-0.007921926667975554,-0.001158778830154921,-0.022115476606233607,0.030888149555788943,-0.017465021295525747,-0.04342812236816331,-0.040125930253063546,-0.0038949583896117604,0.06025488317162581,-0.01980007442082206,-0.05055140877361482,0.018359578446136074,-0.025340508965273203,-0.020081781480679194,-0.0005617776883281451,0.0081134668005985,-0.017397247732010884,0.002515901423818894,-0.0020668470673603978,-0.03532827706397759,-0.01184787513050982,0.012102518935098325,-0.028932718729624735,-0.049810836500960326,-0.017981585098427087,0.007542356237262454,0.0069100201951316316,0.0026094052806122504,0.012015049472849166,0.012571872852048548,0.011581302979009474,0.003710014013821768,0.0006024299717832449,-0.03512813471361114,0.01570453949496625,0.048683484488105624,0.003659007363744293,0.0002842092479541618,0.004473578302394095,-0.008778388758636145,0.005025642818744616,0.00858783034930986,-0.04390047681411724,0.024042850722903755,-0.03315581327907701,0.009565030986898447,0.000906042291824501,-0.03202058810382128,-0.023527463957552584,-0.011189879900594368,-0.05393732996237734,-0.04727568003857186,-0.054449368469836446,-0.029032940621153795,0.06741054965123865,-0.010345828205105644,0.0236802680158292,-0.05017012952834141,0.14041814111404988
Panpel PON Tak Boleh Ulangi Keburukan SEA Games 2019,sport,-0.112602574817806,-0.03286980163290318,0.1437643009941466,0.026844975684857518,-0.05218550050183344,0.10447175022036716,-0.04962449133658672,-0.0005473563927874136,0.12081167354470675,0.02844382551098845,-0.08024163341908408,-0.02677019565174208,0.07568908280352206,-0.15952350824543918,0.02707423164122861,0.08405164932091769,-0.14647707561191609,-0.017166173945695962,0.06330026821491817,-0.0017778412137252027,-0.1264607865684288,0.0023002512877158066,0.22140488157311744,0.1425577233554529,-0.10569771797629064,0.0029542036419581467,-0.14828499998926403,0.09223602382448753,0.16506602715396998,-0.029310774015204866,-0.04986379006996639,-0.07171549386526312,-0.07178602997343642,0.12624642979968315,0.08174737946145404,0.02541333489345882,0.01565383960767194,0.0809245155215231,0.04858139673825505,0.03389008158019754,-0.0575850857362794,-0.0934949781429763,0.08301790989861142,-0.049288694042355016,0.06443760243075079,-0.14936874729758673,-0.1431162268638394,-0.07190657046979401,0.19828463488929635,-0.10329155714683738,-0.11454735463448865,-0.09816514558261517,0.03430484677410351,0.10720691710603471,0.02483511568643459,0.058329543305048887,-0.043467901253094965,0.045064272140859694,-0.016462208591979288,-0.08465792596040647,0.07449367012977239,-0.0572725440899479,-0.06081196008669111,-0.08817286955829777,0.04759349953436125,-0.01812539124598054,0.01861629264666357,-0.05425182630417775,-0.011318925289478277,0.13452857915509403,0.06978849538669549,-0.052690350904417406,0.04345196828325531,0.04528551613812051,0.07766845705827877,-0.01258060212772369,0.014505392684654205,-0.028312786356328404,0.10489708501555166,0.024843673404312972,0.027718294176220175,-0.022371057570913337,-0.07261811194219121,-0.04849468380947477,0.22098933307865265,0.023158336172309106,0.003767125701199269,-0.04868357728478464,0.06827397523493069,0.06536925176376868,-0.016077830424804564,0.05887763985212878,-0.03397398660919871,0.009082899723144716,0.13256313332523617,0.09028009062210994,0.03583879748291477,0.043128277222681706,-0.060195912191170015,0.04715159521349227,-0.023324221979485468,0.01373525568693038,-0.052473920919671006,-0.029573941799333467,0.04185315942548149,0.03523409620768278,-0.018235454647558408,-0.044084732496784365,-0.011196466852096531,-0.04693879373692221,-0.019076767982465073,0.021717033682238093,-0.16405482769032514,-0.09439880629301238,0.036891875939485355,-0.04831395952423732,0.002948704512605196,-0.06048683722340797,0.0910212611165178,0.012274745618346093,0.04613086415105087,0.10056355769193906,0.06807585490877817,-0.013548032777669253,0.028755507426095107,-0.06847480612755599,-0.062174563125119875,-0.0010667216919150696,-0.06197186179057578,0.09054590612644811,-0.04847298346052388,0.04725354443128753,0.002157864350289594,-0.0015894618925461756,0.07227035189183763,0.02858811924400466,0.03506101465795426,-0.05677083984065121,-1.9447541661168452e-05,0.0014993569246494537,0.025083427956451614,0.16801988785799224,-0.08792249362157448,-0.010071718210545923,0.05903122663766714,-0.08297091507164235,0.035897673479479454,-0.04141715019680929,0.014843378670332138,0.047056900498762266,-0.05994422868080339,-0.007439981073993323,0.09114660672935103,0.0636130768028005,-0.05485265836752113,-0.006269658431605613,0.06486941107122338,-0.036005975281520594,-0.03658655458807577,-0.044369616215659345,0.0915929901923423,0.10998778261195534,-0.017468081836266976,0.022215534699593337,-0.015733190634916062,-0.05278923200628427,0.012034543727540778,0.06691772400060969,0.03806756939318779,-0.1315345742843444,-0.13581809787581736,0.02391062179259076,0.010041922459439473,-0.02858421686585434,-0.027908367629941505
Kata Vinales Soal Rider Spesialis Tes Pramusim MotoGP,sport,-0.1487811606771917,0.035681410060307624,0.24459677322090417,0.05536050416497032,-0.24367364899306304,0.13168696614893605,-0.003428811015793246,-0.10586580735314474,-0.10335376941355472,0.01939299040103435,-0.038490056190948245,0.0016163435051501963,-0.17071696610940423,-0.0033550383626934667,0.009737569555092808,-0.16474475145217693,0.08469270734857927,0.03888659694902302,-0.07042659813151764,0.07157007204339114,0.2045122142845929,-0.05909834117591892,-0.06522894849601595,0.015842789226076456,-0.04950506975745505,-0.0029433391578351665,0.22638831084537409,0.13853299915689082,0.11615738896142254,0.030428296944744165,0.08743663956391005,-0.02561943503807368,-0.008878918951435815,-0.06071907099403916,-0.117366127113839,0.0401200850831062,-0.09055587239800825,-0.010369944664368304,0.05486270562601086,-0.017476204556050708,-0.023870518341916006,-0.01705756084457593,0.04099974123533414,-0.0012536466028282439,-0.08981092846449984,0.033213999143905444,0.08044730732207984,0.10983573093816969,-0.0038189735384406977,0.0025796455856566566,0.032702842507653915,0.037100322147257433,0.016550963980216,-0.01709664260443124,-0.00828344460588225,0.20920935273263563,-0.018763670349278984,-0.04575906272245338,-0.08257855039132486,-0.014897085253026665,0.04161740457331167,0.03350215970220284,0.01469104194851398,0.03112508505530029,0.014591489537725825,-0.040576882433929234,0.0316094913070717,0.006482791582236044,-0.03403277778282931,0.039420078237157055,-0.02879444747102997,0.005841762235939869,-0.10377071387109756,0.07279997343008208,0.01693255780290947,-0.002667369573103594,-1.5096741336976442e-05,0.019251923369444025,0.0015604053755346227,0.0310892898513067,-0.09016632187249668,0.003308549220232435,0.09980360296107918,0.02559590647359467,0.063968120133435,0.04723764759568029,-0.028629255888724156,0.025564428891120757,-0.02349955078132119,0.0002443772210395163,0.009187864621899147,-0.0639473649801379,0.04404448031294081,0.11107003690267113,0.014173978431274693,0.0340270484774025,-0.04077926898791053,-0.07948486747740403,-0.07174832485050238,-0.007941024450481364,-0.013162476017423052,0.016155118821008837,-0.1150829011280166,-0.0079178475769447,-0.014101368416356836,-0.006582292843458627,-0.014913890689136804,-0.05536103043435931,0.019222110329854134,0.017671611449930874,0.04775058296421811,0.03303649487454888,0.0535708537072508,0.02426924221359736,0.05943556399766308,-0.14070448344558376,0.09178337015177501,0.007796328028080508,0.08870971469668293,-0.0008991643287149238,0.041767202897020204,-0.060960970363548375,0.023870364489140514,0.0845630851148115,0.07354903641284383,-0.01784646410458716,-0.025652255753161227,0.10441372760354893,0.04169889542528751,0.01670378000010912,-0.05469504877722374,0.00569082831624128,-0.02560799850339139,-0.12562078636138788,0.03809776761166803,-0.07021175932736193,0.006354803371675934,0.04155934892667414,0.19311855664515096,-0.11434745859398525,-0.14277301385652127,0.13026354389111622,0.04286876197500863,-0.07010113481261916,0.054716172332981226,0.023556610183406823,0.022835881425017742,-0.027389958916707167,-0.10522976030609078,0.005984437187831008,-0.009059899518613686,0.11758037004528886,0.09148828743694415,0.1438457799310512,0.020888203001557602,0.05331019508662932,0.02171037327716119,0.0864654299644846,-0.020527867233744647,0.05045400385709257,-0.09021003208436001,-0.0410126336218614,-0.059084325306783377,-0.059148280408924454,-0.01782850875661859,-0.045132958893098395,0.006171348857225161,0.017291702784949976,0.005617292627419881,0.0028125747603290965,-0.018227908819412726,0.024409737663980947,0.08031961628619935,0.005915749674824377,-0.06267770394459633
KONI Pusat Gelar Indonesia Marathon 2020,sport,-0.04095522350595323,0.25996731360857234,0.17181539207771093,-0.13743834675062744,0.18439672372466834,0.05684741824772977,-0.15999473140265102,0.15850229745031427,0.06352357615425391,-0.13938074528655842,0.09467607072380654,-0.03465825139548216,0.034828206382923346,-0.02268683147786808,0.03901250998914393,0.018957383963921774,-0.16309078903601223,-0.006389726237243233,-0.13624406384914728,0.00686668794651454,-0.10818678881257868,-0.05732459077348953,-0.05463627271430932,-0.03705667953531919,0.10975127235086769,-0.04178201577291051,0.035671725579048075,-0.010825643322262789,0.007468629449878534,-0.007542292333164589,0.026216489730293748,0.038850797756354236,0.04149258911667565,0.03724870834234777,-0.14736294879115394,-0.034625170103619395,0.12797229154254625,-0.06296973267901468,0.010978938661091607,0.02904473155500124,-0.01072379311349705,0.029614774629981352,-0.05867222637486912,0.006026721036556275,-0.0010237821713294437,0.03275450046832797,-0.0030920688693493624,0.17202203176594966,-0.02079081919922651,-0.025957020004386638,-0.03170920107068931,-0.04944996640532832,-0.10424253475132998,0.03813728756920834,-0.02264209609676794,-0.008732381369087648,0.022179041460944796,0.08444317367016274,-0.00862632153672416,0.039609557937182224,0.08442643081528635,-0.12485467444407786,0.09840253381509864,-0.0035501580616556193,-0.05800944675427849,-0.1177597995771493,-0.016244096571010856,0.07055934373794806,-0.023789198037452844,0.11382185324226135,0.16713273460814013,-0.003772353943658488,0.03565105152835185,-0.17187317804572835,-0.011030975239609922,0.1692619303785865,0.005291692569919801,0.004134322030348771,0.014759131563965475,0.02570015561840249,-0.044476068292286126,0.014618337348570438,0.007299832824418,0.05628455899090053,-0.05039266298867744,0.07223401713342151,-0.029670036788182506,0.012929501536777176,-0.05649720535808447,0.06238801308757806,-0.0880901034921598,0.0312836696673278,-0.028928480380209953,0.09415471869888072,-0.01997551158251185,-0.0313500118949295,-0.0017612604390152109,-0.09377308228359622,-0.028809082933682107,0.07982985143998289,0.013626073872310148,0.021450590495453975,-0.017323551213771424,-0.12264082740474175,0.03140606982010051,0.010590299803023734,-0.07689694061864616,0.026264525952731772,-0.016531835166890163,0.12426639599149557,0.022053862840655036,-0.021284242927558136,0.044125440591060404,0.10110928125014809,-0.050354266848430675,0.00048551405773286166,0.02087532057349116,-0.013195711920324999,0.02500710335239457,0.051574484574395764,-0.08354691523596747,-0.025646581719026614,-0.03614371895494726,-0.03489885603290634,0.0010179512702892036,-0.09362954918583243,-0.042354610006408715,0.01013779330239699,0.07781466606395303,-0.15216036005072472,0.09844284840545785,0.008693621348014411,-0.07734966776084781,0.040087671362800066,-0.051379506591658144,0.023466582200552814,-0.03725177737326655,0.059264977037757044,0.03270604504747494,0.10198120101422405,0.006798086554374507,0.09483336988088027,0.012190858319426151,0.003504147636985113,-0.008222110624150429,0.10001577164772298,0.0008372211437576334,0.03488665919303212,-0.11009869649296637,0.06681614884911614,0.07334413923483553,-0.016456711828467828,0.013161055606769277,-0.057446848399948514,-0.12722007110544958,-0.022879858837601536,-0.09595884121504428,0.05566489460934361,-0.09596395414791387,0.01701679246612426,0.11456528315123933,0.025932598827078924,0.0006404418826415535,0.013937400546090644,0.03185191542859222,-0.07663209303259777,0.03944144451759089,0.05288587316398527,0.049850210474043935,0.05055037640800218,-0.04359735159387994,0.05292514885212955,-0.07301045877400127,-0.02145733784700396,0.045152198812047704
"Waspada Virus Corona, Final Four Proliga Pindah Lokasi dan Tanpa Penonton",sport,0.09277301871157556,-0.04528242614105704,0.009123517935534866,-0.08133777711044159,-0.046475865897559164,-0.08891042943627274,-0.06974364622725902,0.09329882699159776,0.0072592892320418505,-0.10612586405316154,-0.016586607721503235,0.05551650721393189,0.09683117616400497,0.11162261872753326,-0.15089788161566228,0.022626036722376758,-0.1092213748869083,0.039049974618613134,-0.007798773848260966,0.1639938462144105,-0.01974671397645868,-0.008338330229187712,-0.09319620772172801,-0.012414934292404242,0.004041468955634835,0.017152965306145445,-0.0620215276228468,0.03472183362157114,0.03642282562459031,-0.1312452530294888,-0.008680181628327406,-7.410155796032195e-05,0.007676259564185669,0.09465298764385165,-0.12472523564895105,0.06041640150755252,0.015516887317132366,0.07393177763297128,-0.041949252094417,-0.028817933175337776,-0.1672988085682196,-0.19176868064491054,-0.08718101545814325,0.019307434979731787,0.13348597362685177,0.13393591771152455,0.03968500233135719,0.03714740764399846,0.11316772151868393,0.15632269522990727,-0.0540274559779387,0.0009548240467925481,0.10565622660330294,-0.011789394590200147,0.1196958183342175,0.07850027272285212,0.04877387051917187,-0.010422219469105928,0.04150370445593495,-0.1326527109221313,-0.0650190294854231,0.11739338247154622,-0.09775490950551038,0.07347903333495359,-0.051601391736954334,0.11431517902047265,0.09265089453013593,-0.11530767514723461,-0.01809646024749543,-0.15224630234952138,-0.1152284696607473,0.08664537233748541,-0.11054617269346949,0.09493255241988592,-0.059537794470253536,-0.017571958167546357,-0.025110601381828645,0.01858675871864968,-0.10909909700622937,0.007556170522794214,-0.046282717105912946,-0.13875601829055934,-0.01562687891623689,0.00548319594596434,0.052495046198294044,-0.2238186309098479,0.08912462147829366,0.11248872206593977,0.05987931258100025,0.07009271958259851,0.08631698658732645,-0.009288511353648853,0.025361750379020106,0.1000686145018677,0.030150561636562313,-0.017633371835171545,-0.015987158696027876,-0.05016177023402545,-0.11050727814376188,0.048843978166331264,-0.016923612358167302,-0.014538251116184163,-0.007820194254441831,0.06473798586117041,-0.009088721397596977,-0.07412914612417497,-0.098461478067113,0.07790891933512088,0.02420635777205786,0.03603457518191102,-0.02885205157666137,-0.07935757259297183,0.008076471612674533,0.04485929827573636,-0.028631432321391762,-0.022219668663280352,0.007292562189065382,-0.024720134128931853,-0.035980547544987446,-0.013052852938075782,-0.0032975889730688427,0.039701644143113,-0.03963162106116121,-0.13881406357957818,-0.08723455063182256,-0.02417129889522265,0.04708491072019106,-0.006736758039477002,-0.05709955383945463,-0.05453392382864311,-0.042359413751881805,0.1193806300477516,0.019527475716930427,0.036365339543318054,-0.04730957486667484,-0.0700834534882352,0.0751580400047919,-0.06757209036327348,0.050458357675678495,-0.01856988615368075,-0.027317943265913597,-0.0034970655463294905,-0.12740922233206683,0.06562222095633448,-0.07293276901288279,0.05163951688655391,-0.13120572877372702,0.12124932388304366,-0.07351557234722338,0.06489292454245522,0.0037177902229006787,-0.026835131530834916,0.0055637716496232245,0.04559775031460285,0.02880980694992413,0.006685206580880662,-0.05907187130378549,-0.016483441596233737,0.047950066784921565,-0.05165287051061023,0.0342247883847502,-0.03727859799976736,0.004652346476659317,-0.04826350862871516,-0.00803198958944216,-0.0035219036231890063,-0.015751404476975827,0.060359264217382406,-0.054262870278990606,0.005119569505923276,-0.07293910093011857,-0.005362340614084064,-0.0018715669524674145,0.0006392211558184075,0.04679920597345343
"Lawan Ganda Nonunggulan, Kenapa Greysia/Apriyani Menang Susah Payah?",sport,-0.08009427439883364,0.02021914898516489,-0.04134631598264806,-0.03857087502120843,-0.0064868364689581225,-0.049984985271877114,-0.03421448046156315,0.04974784336659622,0.04546157332642792,-0.07463966097297092,0.03129391245955245,-0.028485490043688635,0.07359621651066998,-0.0020805623104320835,0.03018747437579866,-0.00956626025882908,0.0535442827032346,-0.11337783366696008,0.01659936992619963,-0.10953344999317548,-0.027353763510190393,0.07541978483695391,0.05065021796309459,-0.016038048290183234,-0.14725010014161874,-0.11843513424229685,0.04634325039027885,0.007957921339769691,-0.08434346137828386,0.06479400261620408,0.20625419481613638,0.0823643230070233,0.03431575827887273,-0.30431864988991275,-0.04565954825339496,0.3089858304522825,-0.1100112593086527,-0.1157941957033836,0.017379092217793077,0.2192837700540908,-0.11321710264831841,0.06346823908088728,0.12115976261315185,-0.142498661480805,-0.005138918721440811,-0.01564734745384317,-0.08933757727252202,-0.029006578516381328,0.12588655534100388,0.028063567694165358,0.061374653771709475,-0.01807528707876585,0.05499547773974409,-0.2255029571540152,0.1399618792650468,-0.08170256177932687,0.08820273437571195,0.10120801809700057,-0.007953704237048326,-0.0860212771378932,0.02731479373255577,0.02195143145769976,-0.0337705803929254,0.032816451388514904,-0.10933916671102972,0.06551948897625111,-0.06594629901306658,-0.0662227775824201,0.12225775817763819,0.052228362992546865,0.02280031301539241,-0.04918280918387105,0.012004588861997066,-0.08233856117136636,0.07637835356459813,0.036192423916958066,0.031839517287374317,0.08676445311493712,-0.0006756338252451734,-0.02603211090164835,0.038371727969525954,-0.06084572490923637,-0.014971114369624474,-0.08261635681429354,0.07470862761804935,0.001791195001160884,-0.018468007694743625,0.035093863248809885,-0.018286200826500995,0.03826554300652356,-0.0654391111313279,-0.03575502435809373,-0.0303032362888985,-0.0026977471120271,0.02224822000599613,-0.07870065898527516,-0.046456824264567494,0.02220654269347718,0.05059309344985528,-0.03910671773915734,0.02059193742190817,0.022376222179352805,0.006128834030440075,0.031508733137744896,-0.028678277373302904,-0.005482129730006744,-0.05799755096676844,-0.06502364613881288,0.044372166660618856,-0.03078220399652413,0.025722074643747237,0.014175265349028278,0.03563620007259663,-0.005622310516344317,0.06483749904554906,-0.07785186881057791,-0.0354003655661737,0.06724735466948889,-0.0037113954073663778,0.043953644174071035,0.031043812994473643,-0.06428994825360781,0.06694596462016023,-0.07433211448515499,-0.0016675981200437514,-0.08745175449548998,0.024423148695136083,-0.0016929639075895192,0.04337222952654774,0.0738006847863019,-0.0530499472983372,-0.036454202555917144,0.018601653258125114,-0.05020034584315346,-0.12046635602967026,-0.07681889424394583,-0.02600528940375835,0.06786711974554983,0.056585482280029596,-0.031647188055468824,0.08176463497850701,-0.11671594412505895,-0.15249886912418884,0.019538277385378097,-0.0073796543705261395,0.07785951320738901,-0.03464321804717882,0.05719008024267847,-0.0016306158527856051,-0.015874547817329707,-0.06046234301672105,-0.032950513567404346,-0.01010402425709942,0.0036610208020863874,-0.0940775681715213,-0.025419120489316865,0.05988813068009515,-0.04747403811159866,0.06978530701267197,0.015120528895115988,0.0783543204146102,0.01916577846251908,-0.010169505614642475,0.017481295258480054,0.07343672388656493,0.0389101769457839,0.059238279173817986,-0.04956637441064577,0.06995849406770673,0.015151803799011968,0.024715959777276034,0.05662067837728202,0.07279679847534322,-0.027542885583254136,0.0029409546892621204
Anthony Ginting dan Gregoria Tersingkir di Babak 32 Besar Malaysia Masters,sport,-0.10589632970671714,0.0412987530654174,-0.0782702694380931,0.07737345744966476,0.0023851586646438656,-0.19904777971375168,-0.07380705716571719,0.16305192897242315,-0.08785374839637193,-0.17060676430223634,-0.19524091919490688,-0.025263278019432008,0.061036487209804785,-0.03287433169755652,-0.11587707527753033,0.023219469381533398,0.02698146560310185,-0.10202451006258617,0.16601185856773717,0.09319797095966437,0.058654522595060016,0.0829089586346183,-0.05968656725767192,0.05541972253637528,-0.04061589460146469,-0.05287357231236683,-0.012112197620692752,0.023471936138974876,0.07246299153060419,0.024942110595581473,0.1013726622666448,-0.019583595187061396,0.05855564275475742,-0.05682819461291708,-0.040694943733160786,0.06599727249412138,-0.009965265328411773,0.05124106207047835,0.05159210629470917,0.09765995967936492,-0.013613596803630994,0.045068266671872685,-0.04304516855193357,-0.09599685145875253,-0.020813123405446964,-0.05766610627980157,0.01376102835482796,-0.0825881786663513,-0.12512722991667063,-0.031661232212592344,-0.1524210953887429,0.009412777392015122,-0.016121586693638043,0.005893297489305058,-0.12148590561588522,0.054116483460978505,-0.03312791299021952,-0.05254364970512956,0.016453484354852516,0.03877718723814925,0.013874321463018832,-0.054724746327328405,0.06879549488473348,-0.045557027599666254,0.15477600730722563,-0.0939417602790735,0.02806812227112636,0.1332512949910227,-0.14773342279886187,0.01730903858816835,0.015603322795145076,0.01319368251410068,0.03231062303195954,0.09987554781538543,-0.04924360235263419,0.011173936553629754,-0.09390312057999302,-0.10053307583601316,0.03870110904647042,0.02422536825330241,-0.01840298920085787,0.1341160617898121,-0.03323982690751758,0.13799739493616522,-0.06631166539219294,0.08108958744856445,-0.08706685625785439,-0.08204438927461687,-0.02369934420054145,-0.09040027900955322,0.05961151003124609,-0.04776778304017498,0.04321333297124783,-0.2090103930502819,-0.11541895632024038,0.13532855134472005,0.010399318748246901,0.015439837946582182,-0.00578647914373514,0.04496202589193459,-0.01876252198666081,-0.059896515607168584,-0.020496279125361862,0.014789215070502577,-0.10655493872707962,-0.044133707662778694,-0.028324387078619683,0.060660124675569894,0.0969899559943971,0.06855421889603222,-0.0812763880275763,0.132783876402358,0.022191928410695918,-0.016816810401941936,-0.1055047235347034,0.031547208499009126,0.09761132528854777,-0.12043383094935946,-0.031168529942711295,-0.08987268103656276,0.07828115933315737,0.05353677012368921,-0.0618444401251189,0.04898140281118521,0.1689046688579077,-0.06367215277560626,0.042736778387833234,0.006576903241828744,-0.058093431453860075,0.04023608641476443,-0.03729630351020862,0.1111227998282657,0.008801727275683341,0.07378413774834855,-0.02931415828013088,-0.1240154943133124,0.051020307222554746,-0.016492213624628892,0.0483732412575951,-0.07156892279835597,0.010212629984430302,-0.024881608327897486,-0.1379061491756295,0.014867313884520046,-0.010756690678456957,0.07191928506592223,-0.056431582004978366,0.0716457578097879,0.028218685226371037,0.09812074186840976,0.04925885889951688,-0.05762095228003086,-0.09274970570832242,-0.029140844362667766,-0.06713201682494536,-0.06767876895786579,0.06137978045586383,-0.0055573375912016994,0.020265110479036043,-0.03278316955382336,0.028394364176057927,-0.006330152247152632,0.06797646424073484,-0.026550259352845586,-0.043796050520720387,0.056778667750483514,0.07313480477215832,-0.03663524988618763,0.004478572300549357,0.004432177171861264,-0.009319987799806896,-0.022388156356028737,0.021465311251327685,0.0930605198878513,0.039020609332079674
Lorenzo Bagi Resep Mengalahkan Marquez,sport,-0.14624149223012037,0.10980206846613136,-0.0005502199018045218,0.2296733115187424,-0.12780833258932953,-0.13098300590458073,0.06839969342836204,0.021073276326281216,-0.2715066861585155,-0.10734974656083404,0.07771634402131095,0.28909401564448867,-0.04674998686605182,-0.0820804770703952,-0.07414322699829345,0.08537935182435248,-0.08339702399275868,0.031284338021629145,-0.06877647803711687,-0.09618528366460302,-0.16073240339124556,0.03276938379277572,0.001073733990215103,-0.14673653895489153,0.13435697119010928,0.07011841984460936,0.0011915206746018912,-0.03675240348926698,-0.0687429311488705,0.037493737646888674,-0.11866185500557463,-0.02195565369710008,0.03537160757703667,0.016426694645342348,0.16111855114261164,0.06578069600675553,-0.07749799428638122,-0.08826730043036253,-0.025952101467561186,0.05096522540219292,0.05065111919966241,-0.042765604139721906,0.11211786417567525,0.07865351543861518,0.000616780001099885,0.048138689228077694,0.001125685789693674,-0.014624576699125204,0.05128749433577279,-0.012033551701665464,0.02780021543909011,0.00278188419000953,-0.03702139628674629,0.06421320561402538,-0.008194644986052258,-0.015373248568416206,0.03927990873887501,-0.04379754036509958,0.09679781744644696,-0.021050432078541247,0.05402222716100864,-0.05075708648652729,0.027559326882758653,0.005241401160430478,0.002112034804643086,0.02578647329892163,0.002572035781350784,0.016821013837974647,0.05590339666371518,0.004982092996078574,-0.02418806493364883,0.04467857186281847,-0.0029796755563785663,-0.028311748335679964,0.014962375605824899,-0.04735356356209214,-0.0523939885722896,0.04297371691268385,0.020475803193277197,-0.016783508036378857,-0.028645043196403715,0.03152224793699309,0.0948027020882537,0.018924424006222712,9.079650357581828e-05,-0.019760389857544573,0.06372086305260712,-0.02766679935979807,-0.0013159815392853652,-0.019728815068057824,-0.06158027449841749,-0.02942624887008989,-0.03705563572787625,0.0012392921246107426,0.07359698458315327,-0.048733684336213424,0.08506188772041465,-0.01286695450679737,0.05978424337487789,0.0006308544649510138,-0.07327706730727364,-0.008367785064671285,-0.05300278149713122,-0.015777296859410043,0.05731172527775224,-0.05686167622731654,0.03554658361635796,0.004141424221977422,-0.04092882892255721,-0.015314836439825825,0.029475899641458216,-0.0461330423393097,-0.07193421873637394,-0.06237330729379549,0.022233671907040398,0.02572824140289775,-0.03479805002818626,0.0016650366325282769,-0.036558122222607174,-0.04952581956700309,0.030690174158697212,0.06396526655288251,0.015851638570023512,-0.036402853046947896,-0.09503489785350817,0.02651735351182736,0.03660768743618898,0.017907532457967515,0.05067818781152621,0.11699802815532993,0.03860379298019057,0.01960703255204534,0.07444751110645809,0.02437269810634126,0.16662264732652937,0.14886176737994194,0.014620506692099714,0.10023983025626493,0.23543459289792557,0.08947964302419635,0.05664965690558829,0.036445100936248045,-0.14723158704108155,0.029712734562487547,-0.02202327474507888,0.03635171730563679,-0.023578168089013408,0.02227994319839896,-0.02458325460252397,0.03266165857169842,0.04844946819828521,-0.04105357200251137,-0.11452477169323652,-0.04246235796373259,-0.11498664700910252,0.05756856904659894,0.004497222214138455,0.06263277005815192,-0.06705196194508509,-0.03183613906755328,-0.05575663513254357,-0.11993968352174919,0.01084761893954582,0.06333581568659294,0.004733012013107148,-0.006620046314927418,-0.10375122725359155,-0.004660293994513006,0.03420806464153857,0.09537952139279818,-0.012207874684608239,-0.06650276349348806,0.14647356236343245,0.019215535995166753,0.01586839914135926
MotoGP Argentina Berpeluang Untuk Tetap Digelar,sport,-0.17603875031973223,0.1101295532729442,0.3890214353010378,-0.051883867116963946,0.12189211872117828,0.11457843068128037,-0.15421379190643592,0.10053873839301236,0.006756952874424986,0.07774161434553699,0.043054429158826804,-0.04072919371903769,-0.011477850075264983,0.11039045695254966,-0.034930493695890207,0.07901505312852712,-0.06781606371788625,0.04280622292770464,-0.10544344083283165,0.06343159192466874,0.13678459107641344,0.03614089109118252,-0.08800341027272328,-0.24738095312527117,0.05217377238417009,0.052105132112285436,0.04364291333900262,-0.06412011970284208,0.05912029883091025,-0.0037465185998952497,0.11237048024402695,0.047596470697700836,-0.0051454582482041026,-0.12536356302037807,0.06777798230813392,-0.15559367704944643,-0.04347092611257649,-0.0852068890537411,-0.08774133118585538,-0.08488751567609158,-0.08475722258334402,0.055335656180759335,0.0455451966646457,-0.0021123678053566624,-0.04318023698490121,-0.08096603293033511,-0.00506119147346571,-0.06658284148978182,-0.05968247219196176,0.09945531971539358,-0.06094346842941328,-0.06694722229929188,-0.025934149799755238,-0.041147961299502454,-0.00617123446076858,-0.05737495581088424,0.011849752585926672,-0.011208350329075769,0.04420943157282931,0.19505306824880916,-0.00712578496448873,-0.010636601671892135,0.050221748017202306,0.07475052861039415,-0.018905917355948,0.048210577790821246,-0.013108303051093905,0.04599309522983928,-0.03121497064222357,-0.0020125813819423578,-0.008998673049675155,-0.0914607874087603,0.01502291083185503,0.1138111855696465,0.039304461899761854,-0.017636107163352795,0.0335030348196837,-0.02938939458937706,0.13673030929862834,-0.006499521565050119,0.05320731596144262,-0.03832876694630163,-0.04456226767029604,-0.032700078890660546,0.10829615461370364,-0.03493526218162511,-0.037596005284689586,0.026202776129179848,0.0850572710496298,0.08502417795379107,-0.04316803241702936,-0.03941906038873319,-0.0032256607017487116,-0.0074114467219150906,-0.0010443591048738736,-0.030769468790547573,0.018521822547365854,-0.02622417652784398,0.039303031234399835,0.045164853478723,0.004350344049904949,-0.03053127643646736,-0.10462177397450756,0.018130657216278354,-0.014875524709027203,-0.004736085270408443,0.05860594857355069,-0.014655101611354561,-0.008149850023255445,-0.05416050701717379,-0.01704822339472186,0.024535842769815516,0.04073010968215836,-0.00631676996460927,-0.077931742071078,0.04077852302359075,0.095651958690361,-0.054429094817509426,-0.08247874668102162,0.045952825243099724,-0.07228201328869012,-0.014355548213184586,0.03459804425287651,0.03588122225033332,0.029328294291901043,-0.030508893714215765,0.0019423469299333323,0.003322577557062629,-0.04771853873375002,-0.001967295803635604,-0.0001900743412226878,-0.0003384431947188795,0.03419779159747057,0.009590310723205077,0.06035111454189929,-0.03563882897848226,0.00843138090694288,-0.029774969941543862,0.0020339664454060743,0.02227529440881376,-0.022957816125809768,-0.09252314551191727,-0.013004617053910521,-0.027847677019698695,-0.053446442051338236,0.03193215876082798,-0.05761556727469409,-0.01262233923959117,-0.06910038596164925,-0.020079465075177903,0.03671565456710867,0.054644193303138314,-0.010019507211182613,0.03460658816446154,0.05129146274453507,0.033985618738316174,-0.016653361925359794,0.027891125825662763,-0.043716779738762396,-0.02295512218695924,0.0014787383042165097,0.03149942754347269,-0.000439241654825677,0.007845877324727479,-0.043488509799241085,-0.011233301502086549,-0.0023051800430575332,-0.04096250273528432,0.03483628809631696,-0.03376981684419668,-0.05564226929630607,-0.05520673606422614,0.04819673903063864,0.009874282813288324,-0.005185105273979232
"Soal Pemotongan Gaji Pemain, Dirut IBL: Jika Terpaksa Silakan Lakukan",sport,-0.08382617728952856,-0.06320586565378232,0.012291251799147387,-0.0025695830864540716,0.056452260192592515,0.05682777980635886,-0.08279139827535381,0.017713623110989864,-0.014083568417772642,-0.00020717311470895013,-0.025364441783086982,0.0866712844058328,0.04852273225708432,-0.1862143235047539,-0.0011881422783196962,-0.15342149467862334,0.1412009563955411,0.1293171792185915,-0.16154209121064955,0.07193825440281784,-0.06458993558016375,-0.1181355550675826,-0.03390798914560791,-0.061176538935847125,-0.1406921025413477,0.14642644075625433,0.11406765982443141,0.12295826449662599,0.11413644588206626,0.03280441316864077,0.021788794719010785,-0.0014099801746948121,-0.049871682173259456,-0.04096373965178881,-0.03776891862087261,-0.01733557151563877,-0.06966758988771786,-0.04580259766183942,-0.0008554689233548767,0.06674084496814514,0.01943968066899755,-0.10609721508318973,-0.08219253430891492,-0.021285260764316374,-0.1092066443497484,-0.025342887058629266,0.04531996019817142,-0.10131322957142934,-0.14319443125850437,-0.1004534949471603,0.09959028255157638,0.04676118669529759,-0.02656798938261316,-0.023813028745344928,-0.03210504505291102,-0.026281726964790166,-0.055962062000555986,0.026397799402314397,-0.07180715558124101,-0.032241418287645,-0.008077206283569671,0.01085229092040117,-0.10150225832032284,0.012633521582098082,-0.028421961335027102,0.08729281679164597,-0.10657163138958858,0.11868110778364159,-0.031516942876165854,0.03372950249270656,0.001950303148460994,0.01752011120126271,-0.025743075669687192,-0.011250920952512098,0.05878635735549472,0.06641487363676599,-0.07405872402620978,-0.023553502987148086,-0.09149730264510701,0.03003089911524201,0.07016037598565666,0.05667072837647928,-0.10835361540538073,0.048589876707912316,-0.011598834586224632,-0.09974343939822616,0.12271292274993033,0.06847711176395742,0.01645697912448278,-0.11493557692616531,0.06120569153481067,0.3098801038589098,-0.13271128414660388,-0.05624038285293866,0.004998522247458878,-0.013817567057109363,-0.19159889201730404,0.033862447095543674,-0.12057496502818937,0.061138090355539354,-0.09330966982634438,0.05211736029068499,-0.028031303205710793,0.1065115042187467,-0.05245690918135439,-0.08861430244558975,-0.03755481034379131,0.07164668956897294,-0.04953332135598565,0.10641361715907455,0.07629085493345408,-0.129162094354432,0.06288883626485695,-0.13855602318860807,0.08244563430929114,0.09570695816012838,-0.03860536955007114,0.15705982113391861,-0.06404894291273049,-0.07543213764578861,0.10118951729264765,0.12563593089808384,0.14857125500517035,-0.0076126396441049075,0.10784761636230146,0.006530357464432011,-0.053543349152143364,0.026236193591760156,-0.005862310723862067,0.014689290498285861,0.02710778853393712,0.006288110902962183,-0.05988233822942936,-0.091206623494114,-0.03289512484392787,0.007691830110283228,-0.003775913006276737,0.03649411895477985,0.0153943646343381,0.05906127964159865,0.02063776971635619,0.007208665773203806,0.0245575168271102,-0.03215624894013414,0.019694298474899983,-0.04851917579911836,-0.005836002078249114,-0.0060343364227922825,-0.013301990214629437,0.010768556918595495,-0.05103647243255872,-0.033891280529435686,-0.09093181321793581,-0.02731504596239763,-0.02626437092735891,0.03296802673965701,-0.08174258933344601,0.014403685792310975,-0.009435496762531864,-0.034588614927576464,0.02352767979278921,0.028893215878139564,0.03565758303401316,-0.02888693337711482,-0.030860052103544217,0.009313231028233351,0.06113535608372287,-0.012024595276341017,-0.0008241688674076552,0.0002550239076890602,-0.000840290232542462,-0.01246280925221789,0.012416787977158296,0.005547559339562056,0.008559592383026298
Prediksi Derby Hot Inter Vs AC Milan di Awal 2020,sport,-0.06267628672251231,0.018488582926635553,-0.011985922187155683,0.03027297710192159,0.0320279846418391,-0.02997307967276049,0.014360986441503739,-0.04529996193020668,-0.025596016254069435,-0.04539504583757255,-0.011314372183263897,0.01704834793532327,-0.008519905868952007,0.007030864215785283,0.12198956753474159,-0.038580710770462226,-0.06050897950609016,-0.00613713816777387,-0.0218098148831382,0.05610435803868073,0.06309650493447766,-0.030544138316983376,0.03761350884207435,0.06393815277131477,0.034490870674434786,-0.06541144847405979,-0.10611195515588846,-0.045970597589377035,-0.01636562084009108,-0.05076522928009236,0.03391319302649971,0.136464305903662,0.09357511125327546,-0.04201454609368664,0.11210001544775973,0.042507435430527735,-0.0594903175987433,-0.02140619167526369,0.08696723969788574,-0.05435276705988203,-0.03281647539298264,-0.04733450965742038,-0.154894663804506,0.037330786772088155,-0.12147315764474707,-0.11131142498696425,0.14170811527830848,-0.07427790447898629,-0.002595766854650052,0.02171949501934539,0.060023273852908114,-0.16754469826511997,0.09995282079517241,0.014122392157034229,-0.1399346283486807,-0.011429855596567387,-0.06009809419718918,-0.049333797650224755,0.13569886362853736,-0.1447475969373888,-0.02382142848670369,0.044879160895279255,-0.01486221926668358,-0.06962269515435505,-0.014082310947185633,-0.0392450094120055,-0.15434891037516463,0.24207694660044388,-0.08002451279026285,-0.15316382989428817,-0.19206230086104376,-0.09248540341615015,0.10452866625082487,-0.25407138132066465,0.08918340509924508,-0.036778682953394475,0.06637409821891342,0.027512599356802333,-0.2122417325799181,-0.020653636093166894,-0.19415173412092013,0.05917455290898101,-0.013909741382164014,-0.15099758354539122,0.1862328769789812,0.07319474338623312,-0.14672131998897447,0.049692250717683836,-0.028314029308340777,0.144094379884163,0.04282296130522443,-0.004669596402873244,0.03457071634055602,0.038431220995075635,0.07899189565214522,-0.02387556642374735,0.07790574251336613,0.07961852866998087,-0.17372071646417972,0.08588457743258095,0.07103377831601734,0.02816629721468978,0.09267847806657548,-0.08342559712133155,-0.09483894666468562,-0.024938734168343583,0.05682693406634633,0.07461953271207304,-0.04406476067066109,-0.07501338948668382,0.11478861437609558,-0.08562860345879399,0.00574618129267221,0.016008462204129898,0.03241959839966659,-0.05117973031253392,-0.042475999866869875,0.0005141909101158243,-0.02942076282001119,0.08605121058895689,0.025458954744993358,-0.025221045093995104,-0.04270254695797625,0.013815757572845543,0.06532700179103165,0.022687845593076083,-0.02392466486738702,0.00793190042165796,-0.0587535031092381,-0.07511903351290186,0.04888468782363257,0.051254630425300485,0.04672922416444954,0.04804605365235418,0.043895062890604415,-0.02239998756448754,0.022728223401044707,-0.03951395973215577,-0.012503634438654227,-0.03937166430374145,-0.019533637830665047,-0.05992466438996285,-0.021386801933540322,0.019377627749068246,0.06255490946955317,-0.026979324066559944,0.01900544028120608,-0.02472908757597853,-0.0333650842371694,0.06021264366831072,0.019321567026995026,0.07013298985384613,-0.022413438846377004,-0.02613592098602426,-0.0036772786212234255,-0.0035307239230471226,0.0404008272188076,-0.034169891712779066,-0.03392723433473015,-0.012009016841480483,-0.03777998860089356,0.01358903805650315,0.0010024952873053446,-0.02107211584120683,0.052330821419789904,0.050723253416023815,0.017887224475871245,0.01460205274840813,0.02023719236174296,0.01696755688490792,0.04212174917588162,-0.03215517330247222,-0.01060966211019367,0.033371706399651396,-0.01212408814848403
"Kendurkan Permainan, Kevin/Marcus Nyaris Kalah",sport,-0.0950671254118608,-0.0009999677081866394,-0.05751826736604207,0.0768983748275316,-0.038278463477703965,-0.13269053251340035,-0.026354868404758692,0.07131877408760907,-0.09983058688218989,-0.0784844047169878,-0.07132371555612298,0.09519075173821394,0.08538692308042828,-0.17482768777106536,-0.05174139331126262,-0.02416695297573674,0.1355175338997514,0.11301572653737944,-0.09463987144040563,0.04870592538211246,-0.13213109565648773,-0.13890938186337157,0.033987228905671955,-0.14793868204979865,-0.0671842850952442,0.21149629265378603,-0.0027254939778572655,-0.04637055115271407,-0.04062176550363015,0.036740403059934104,-0.07722558237476213,0.12101955565621798,-0.017336722624589466,0.01311978069028917,0.06496277016922213,-0.04767682090323007,-0.048884241163328235,-0.17715747881567248,-0.00011478224587589504,-0.06050461574531571,0.03880754580180286,0.002453809216439904,-0.019423705960144044,0.07675215796346226,-0.037978120713321496,0.020186377935930592,-0.12038740081919784,0.00439622004162289,0.0707151372602395,-0.06949725556113855,0.013846409324978728,-0.0006662262485877864,-0.0851812906337565,-0.01745501708784245,-0.0108238585872567,-0.006501870406687927,-0.04998111810082321,0.024764257562570342,0.02735592509253814,-0.06315053001293709,0.034025073895760115,0.02558549613693654,-0.025192184153251744,0.05326595461407589,-0.029034344973306467,-0.029588873735524338,0.001287381859087875,0.03368403676263669,0.1478265071887256,0.05433649850565276,0.02963168324716508,-0.008361472985961543,-0.021353045693572673,0.02727637908543519,0.03641802483430525,-0.06035978976314553,-0.06435266036587373,0.08736914849471018,-0.037985895399968155,0.011623252568785854,-0.106973780823602,0.11480058890614403,0.1955927352509779,-0.0108440472209455,0.015667590968391834,0.03505425513464748,0.05824348558174884,0.010458509024546533,0.09353649664860803,-0.048831921002703046,-0.002002192305376096,0.058217481310720555,0.015737099770710777,0.0831693879587395,0.20160483619768446,-0.12289820649495102,0.05343010295020259,-0.006126730689576518,0.02150275918975198,-0.03911302604629107,-0.03724384445403966,-0.17813920101709066,-0.002350266353447915,0.02230451548543567,0.02244512318577652,0.02446261971623874,0.15655961877363092,-0.09487481306042035,-0.06099794605654058,-0.03524635436233706,0.040390847092048036,0.19261650104612618,0.02912820993261419,0.09584219856849399,0.03561704709153329,0.06649840179457824,0.1540666614719374,-0.08616386398761101,-0.0458968851327628,0.02267478311438932,0.03508126479203469,-0.034660855981960864,-0.0872850350937169,-0.11635145606201332,0.02871678104440344,-0.2026100523313429,0.0681949506100808,-0.014386119952999784,-0.10969779241711478,-0.02005529764451421,-0.044763504594263114,0.1291570280224687,-0.14639349339414284,0.047334856477043157,-0.17683538753456324,-0.07283639176812993,-0.09514567370437665,-0.12710408422271785,-0.09776670703986305,-0.09727925256895427,-0.0031903218788402504,0.020924022916671867,0.07877953166777346,0.026935204538964773,-0.015506205646665484,-0.013321892565818252,0.09150255234312091,0.05565613470659604,0.022650104155368795,-0.05948134148772451,0.006078658027228966,-0.013735415019979035,0.019727152254384567,-0.007196567746577379,0.05921627303421944,0.02021011805214512,0.021343368971120855,0.013259064190715396,-0.0018857500247637963,-0.044120025605199245,0.011734871165527284,-0.021799622804738246,0.03333234618366328,-0.022638168938386556,0.025857170815453086,-0.035168547804182076,0.01553334845804677,0.005886048142951899,-0.023268084927027668,-0.0024268955435696672,0.006451395138249816,0.008821352479005552,-0.003181572637898575,-0.0054494277313726115,-0.007292251214227277
"Thailand Masters: Fitriani Kalah, Hafiz/Gloria ke Babak Kedua",sport,-0.1301015934946693,0.05811944885695576,-0.058386000367151296,0.11688448792986728,-0.0308200196073305,-0.28274044116412966,-0.08819010770715444,0.24170629735016214,-0.1675928985431931,-0.1535649986055737,-0.23620747860284574,0.027755733995759604,0.03206022694683662,-0.06617107045019809,-0.2168530137838477,0.05762999632789487,0.034622289482469586,-0.0780334283125385,0.12362663463209231,0.10581020574268331,0.03819372394339652,0.11374572759118748,-0.010775390227407712,-0.01205117461345061,0.024884799017089315,0.10460783921331747,0.00850400198948409,-0.043808117626066366,0.06046664971221933,-0.0067434020492564304,0.00038652783329234106,-0.056605022358985575,-0.03484113767244553,0.04271130564868336,0.09386965186477103,-0.10326880152960444,0.0005911431493195248,0.04947253592469185,-0.049861206358435085,-0.0914596898988227,0.1267461310748715,0.05434100451834969,-0.04077470009633726,-0.05905113203822172,-0.12344236491278258,0.0654683078654238,0.05533106228702047,-0.03427020020200152,0.009548108782188444,-0.0012963039640417327,0.07604453907822246,0.015431988817475453,0.021798760615594923,0.03517444589877287,0.05443607888180302,0.06136224336291806,0.03938910789943242,0.015373369505641665,-0.030842249650368154,-0.10073493037287001,0.0047322800709886275,-0.055153873583215406,0.07444862048217077,-0.029549715580960395,0.04931255539937428,0.025343408469262748,-0.03659650247455134,-0.024116420221805837,-0.05755839873895627,0.11463268451777092,0.06828357362980145,-0.058874308497155046,0.006327244851830317,-0.09673510364328367,0.10185601762063044,-0.04377246906921395,-0.0059243498860595935,0.01973937781246654,0.11938797709097891,-0.013962694324307653,0.06104855186767591,0.05373544704325404,0.06338963093392104,-0.039441041563666186,0.009220337672944246,0.11012004502275002,-0.06619326448150759,-0.07774602039956253,-0.12307737469925738,0.0917550623008238,-0.04226554196212159,0.01815226195229591,-0.0017708666127458441,-0.07636552155302172,-0.05187252138423748,-0.04070061503445068,-0.004979838760255756,0.016510832323516696,0.019589319966431866,-0.028842649418937077,-0.0014369673942322531,-0.11546999240273352,0.04159947169692903,0.10076144286854014,-0.11109551156196053,-0.06065337662074901,-0.0831973403785491,-0.10002427257678696,0.030393620178030132,0.02698296505501803,-0.057977366083538436,-0.04238166909706653,-0.0069749119871241145,0.005546598387448306,0.008819128433767854,-0.06952831312454633,-0.0961414890152657,0.09062122783858127,0.0216541711432301,-0.001034626619358382,0.040446864451808166,-0.113862386661916,0.059603834050314,-0.0034986047762336297,-0.04034108919782817,-0.020300234088346712,0.07025561519628767,0.0024200819073413866,0.00873100748794205,0.019752891945152774,0.026172617757579064,0.04998719055320428,-0.029420305497133464,-0.08282414932177815,0.00536540511556134,0.025284519344428588,-0.016672056477515698,0.04485820530959461,0.07224002361554198,-0.05922107148184479,0.03899138226447294,-0.08321344867254098,0.03198897263723379,0.034625240299694084,0.10333257090754315,0.028593932222593446,0.007609963024618221,0.020337492305438278,-0.04817009783510494,0.052343027802554926,-0.004494883416102993,0.10891223951605444,0.02358839732471281,0.055148368020036094,0.0350360411456632,0.060335585529237526,-0.043357487357304304,0.009652076465797597,0.03338322785920675,-0.005782748049899022,-0.002311652007606364,0.006101208168272057,-0.04516115447762274,0.047028852141865314,0.03559315919102487,-0.010575179321929607,-0.03207130664414317,0.09821851793350368,0.006108568400870403,0.019892862462374303,-0.015478915671422218,-0.03110097780981774,-0.1293035711760134,-0.10707446524323332,-0.016702516455127107
Ronaldo Bantu Juventus Singkirkan AS Roma di Coppa Italia,sport,-0.072734196710362,-0.028580747296636903,-0.06113657169349888,0.10460503169105474,-0.008038408802665922,0.022437715088356736,0.04512750338905115,0.13147242775559592,-0.0106434078572406,-0.016392215020468733,0.016851680461568787,-0.053598437285501774,0.08354493908888143,-0.008627782918582419,-0.01877694624313445,0.05995553233715727,0.09487921698451579,-0.15357575922257424,0.1381863117250367,-0.005865830637826216,-0.01716339718382343,-0.008692776318121766,-0.058196678940516486,-0.07826863895854282,-0.11741889237923103,-0.0044610471825181075,-0.020523358555113797,0.09176390128361933,-0.11610360901711037,0.023102908101158164,0.10339546533683096,0.07766288879794679,0.11001247526041107,-0.099217390787953,0.017493377993526748,-0.01196542779009881,0.026779885381371254,-0.1881946810008788,0.1579277861841924,0.1086185776662215,-0.06492178839558645,-0.037887222455942914,0.0002746041136054563,-0.0027881914452566633,0.07798094340211045,-0.1921337187919648,0.06650208947777239,0.17057505214815516,-0.11341681784641307,0.0883754029417199,-0.13982518155936255,-0.09073068300049564,-0.03020290640421382,0.22849094379635798,-0.07390199222003371,0.04436029394372661,-0.10843688581857791,-0.17209141237971165,-0.15518596516439753,0.16759326393971838,-0.05209506285644419,-0.0700573254642092,-0.05864795046984291,-0.08044966068998943,0.09583690483829531,0.07018148783428274,0.1102959928370146,-0.05945334804765424,-0.11639273064758755,-0.045445087619587064,-0.02205478282105096,0.10344402510820436,-0.043387452755111244,-0.0001168431858683475,-0.03486485997703474,-0.06508616804255073,0.04102039227034339,-0.08769800330126964,-0.03322275752938988,0.0022850804061336927,0.01239009766556407,0.04314726243210541,0.044129600154134065,-0.005341108875422582,-0.07304437657330014,-0.005687134601649632,0.049770824267807726,-0.09660735750242215,-0.10171861029502907,0.020791557026539426,0.06391996840998862,0.07325751909000044,-0.03519342360327301,0.03360805480590342,0.08518059567561652,0.07022257763986198,-0.03598661815946249,-0.0006284738743833041,-0.06441501114163876,-0.017794803250024825,0.012399618902545763,-0.023837576391988413,-0.010345293706394004,-0.03825401407537748,0.045545246086224164,0.025453483259464334,0.04268847997141564,0.08909674417079447,-0.051208506960064355,-0.03069869789177052,-0.17285958250842176,-0.1830701540229191,0.003911758835460574,-0.026171441751331688,-0.0833300609645136,-0.059424620215660875,-0.02966224623687971,0.04192376840176537,0.03354293399598377,0.10644693941124911,0.11822382283215646,-0.03233680330979923,-0.018364389677116223,-0.09282249894654687,-0.09929823210914411,-0.09487261704951822,-0.03766149541963162,-0.014662837464155474,0.017285980774463364,-0.04581921195110873,-0.04113123846605218,0.01761787439440051,-0.01719710924969653,-0.006553455611617561,-0.0795578099599825,0.08067519395478275,-0.013515962556189627,-0.04190610330313646,-0.05557050993428375,-0.025481544853521148,-0.05639178391556723,0.014656616885415667,-0.028009890584933677,-0.06475941573780483,-0.013724656460484513,-0.011947210915925302,0.031432525863411685,-0.06966326567564961,0.023478658519383792,-0.07454242238258772,-0.05867452993007051,0.07086612275230335,0.031737613662378455,-0.038053806659440526,0.0186363252126122,-0.004765525503204769,-0.06056849642457599,0.0037399096853111147,-0.049555764756526066,-0.12435502226505565,0.024033754176269278,-0.05679033383351291,-0.032786815373422096,0.008231459850492114,0.04671816254081048,-0.049518385940071345,-0.019277888491328988,-0.023654718146836208,0.03006306223412669,0.08987441854266054,-0.006492447966574124,0.03096186068911517,0.0773400011622642,-0.08160780010951608,-0.016042416748798218
Kobe Bryant-Shaquille O'Neal: Antara Cinta dan Benci,sport,-0.10075658315768776,-0.047189396257050216,-0.12024806465883837,0.04203516133534048,0.01826296322313805,0.06420472930901275,-0.07885972082888042,-0.10590197834788412,0.027407778464220437,0.005606417476467045,-0.019181162857483343,-0.17676618898924745,-0.03600438541424204,-0.12101400311954624,-0.20931821686106925,-0.2843028069000754,-0.13677597873850283,-0.06536025010578715,-0.08858535461351835,-0.22917038272849655,0.05124115203518676,0.005945535368787033,-0.2486293686808955,0.023288907073140786,0.07958711104551741,0.047867553739180224,-0.129507345428288,-0.0984249823767442,-0.07264772822986539,-0.10848717929345118,-0.004719252618997236,0.10377514793241845,-0.11600610964843786,0.06531062050791735,0.14392907505171523,0.09065145612156929,0.024690315615518252,0.009338095220362545,-0.05574735977932517,-0.006410752694805412,-0.008393975776091833,0.013535086629172759,0.02301136337746879,-0.049726359613516506,0.0019313419618879688,-0.0988991411361242,-0.04753142385570365,0.014522027682203884,0.0028915462598630317,0.07279232461801684,-0.02681760201407484,-0.014048747001099702,-0.12635971383171188,0.021909142106179516,0.11108668343091085,0.11712727059801863,0.05141579788207846,0.012438490694535375,-0.055126662083682075,0.04037896022792838,0.06912200875919847,-0.0016942431109921348,-0.05531421411124534,0.015312385532686603,-0.010897508998348746,-0.04143068482969738,-0.02038169196074279,0.004202758470333344,-0.0528606582022309,0.0011007221286037702,-0.05720929729041377,0.00216969621287351,0.09219710475769964,0.03422530935375371,0.02825481214858471,-0.05097877516814702,-0.03502062935230053,0.016312342502792936,-0.11489836823054472,-0.011870807394708595,0.03414399274008497,-0.042222417887340845,0.013614405536525745,0.04618242942464131,-0.015892300673412775,0.013649400667598505,0.04190793942711588,0.03360531352694011,-0.07405640539432252,0.021914746202779146,-0.046171682287443595,0.028997798980123474,0.06336484118052046,-0.09766398293235988,-0.005771966019185637,0.04147204802285579,0.011520098052258553,-0.0376262630372881,-0.04828895156857336,0.03646611845621905,-0.026439214082434645,0.024728448793828676,0.006066363084589646,0.024036630274055032,-0.022624838744339765,0.04338332115549206,-0.011681066536314417,-0.02407242157855601,-0.05471319948330819,0.0013601630056078676,-0.05416860201232368,0.09510762804611976,0.11988621213484799,0.04147703864185064,0.09421889990304692,0.04062240605907148,-0.06882485350151629,-0.043349606481408995,-0.04532721533602866,0.06839249732170477,-0.06260131085472635,0.020764985732732808,-0.015366952269616522,0.046676004106693,-0.021596079386167897,-0.013705761716816362,-0.10152670693721301,0.06898868939520708,-0.034513228901709055,0.05916576247722335,-0.0008263023263406527,0.0886756523651405,0.0006088718515813212,0.02859892424528563,-0.06543228601556021,-0.02509392841638598,0.041519164434372466,0.1312482489692015,-0.0019610782897039325,0.06917628036624796,0.05769055230550314,-0.016032934642428016,-0.011835967542977052,-0.006616576487008228,0.0030678711928477224,-0.03649301191554734,-0.039546180348260365,-0.13278524708725714,0.05201940210015523,0.03369954689231301,0.021921542896889756,-0.07369137530695731,0.27020719193030107,0.040752587818016314,0.008896789706552445,0.17545923801211918,-0.024343256980800435,0.10878288155468424,0.005280456341490217,-0.11728571150362682,0.009531885235235182,-0.06111325815845142,0.03162225135316388,0.07028715505784909,0.0569672870714771,0.1718682456564086,-0.0038882696404896827,-0.011202461165299583,-0.0008972803293975826,-0.004144434044066647,0.042939031940757884,0.029062399502605942,0.010389006281583481,0.06409697816064616,0.031042165663371257
"Dampak Corona, Intensitas Latihan David Jacobs Jadi Berkurang",sport,0.05592107920035274,-0.06531853533682735,-0.03284403945731819,0.11136134508259102,0.02915312785804289,0.03926766004364766,0.08873051182032331,0.055201422678575945,-0.051149778132943774,-0.004814179989718525,0.16038848358966964,-0.04889220282559523,-0.014400847691894534,0.060239408200356455,-0.021055710048396518,0.16190536064992497,0.0384604742107584,0.09301199538205542,-0.011556538570585992,-0.059374986451682106,0.04349429038867519,-0.014975535492178898,-0.13156826745437483,0.12658269022455496,-0.05780962151435561,0.04206068249343956,-0.014680686381562533,0.1950318362660654,0.018931461261949358,0.03029383549355168,0.06598207322526867,0.02146030803093342,-0.11018429121144889,-0.09033309710673226,0.07859801243361794,-0.14791352506073555,0.13069000798432634,0.08283180156180978,0.09741098086991498,0.05460039433068509,0.08249835225965445,0.20628629643272764,-0.0517954947519613,0.06757998294609784,0.11003457466144045,-0.04398381654153291,-0.02028446505787732,-0.04824179554574369,0.03791974352102781,0.045150955444138684,-0.011176375424075551,0.015763470091425154,0.08724343917896005,-0.04908839419563301,0.1530744913797414,0.03852267704882924,0.011406203681683075,0.18047020056429494,0.18198103398925897,-0.09589008863828742,0.03878676734274062,-0.058606179301219724,-0.07122931758250717,0.155870759151801,-0.10918180170372414,-0.1561082940842702,-0.1103839315317626,0.01763011371067716,-0.027878329444562134,-0.013067739162412747,-0.049682416822530495,0.1470950015491002,-0.011731922500093504,0.009258396299765036,-0.17990442120221362,0.001064900381134597,0.02429653730214728,0.002072275060613683,0.08883574362762094,0.0993997696223311,-0.18008412848193703,0.06128438114901976,-0.0003476769309129195,0.04969554459854044,0.05176474322265539,0.0004702417298764991,-0.051307371628871966,-0.05635292878104226,-0.10846404997308484,0.036541933651188324,0.00529043001526009,0.1636726409037192,0.036385674528342696,-0.024468611599380616,0.10277255050132722,0.09577813781796467,-0.027608482909056452,-0.05354637000302244,-0.042078951843675674,0.022837918641126925,-0.04787647060382684,-0.012690530379421026,-0.10851725546778675,0.06099866900926277,-0.08159524552839853,-0.03509079074806755,-0.043940971321992324,0.006540830973487722,0.013969925273196966,-0.05275397284907097,0.012449615951108883,0.062295982886998516,-0.05773697789866326,-0.008864179734847289,-0.05129125728527592,-0.06249076182773644,0.025174183336248022,0.06254049097346122,-0.11729382325576265,-0.09742134975215595,-0.0063516916981678296,-0.06903004251369926,-0.02424632669293663,-0.054238685877650766,-0.037426041420103986,-0.013741457676983116,0.012368149453620764,-0.01709943431849172,0.02353703692632568,-0.01693623647897801,0.02146236721611746,-0.025885517689383287,0.08134326539105194,-0.006916722603772199,0.003508515169592483,0.06815157051890623,-0.0789771650363794,0.04098272610759477,-0.04114166095664115,0.021209206669047253,-0.06784028861193682,-0.07474198604943609,0.04350788629146145,0.010953907491272967,-0.00987576692883018,-0.01821680282522932,-0.007056310412283549,-0.029824197716926616,0.10807841694498671,-0.06668539620855393,0.005744530792068342,0.002782458713024169,0.018879653538232052,-0.03189240002153783,-0.021929906766099332,0.0010256351450219654,-0.021005782059697702,0.06591562985656642,0.0072267294806021235,-0.023363501770319647,-0.05046285852897182,0.04551275847559388,-0.010221557488266647,-0.07183887981037029,-0.05422923090508459,0.04646377716361534,-0.0435521944823623,0.02790230514844026,0.08389802815380118,-0.03314173607586444,-0.035033251041815976,0.06053057565118465,-0.0633775745477534,0.03098732598830793,0.03549340781712436
"Songsong Daihatsu Indonesia Masters 2020, Istora Hampir Siap 100 Persen",sport,-0.047445903287551085,0.22287029236977707,-0.06641060587868138,-0.001435962631460216,0.051450432547703685,-0.1424220645983087,-0.057146870959820906,0.18419611367649633,-0.04216002455228588,-0.08000675705970835,-0.14168038515758566,-0.08361511238509585,0.0009128829842758223,0.0508674605398836,0.013980248733646597,0.06351050202378468,-0.025784563691388117,0.06374244422959928,-0.034031101539684736,0.0003199329521137496,0.11307447516667356,-0.004975689188247065,-0.05502958105252105,0.2100992250749886,-0.032758026908302845,0.004857925147083624,0.08198648171819709,0.004518965948908962,0.0005559461466798501,0.07883581968705419,-0.036260271982726106,-0.06792011541179335,-0.03201244641710058,0.13781759909422678,0.048620088371959885,0.03536996645591426,-0.006806967556846943,0.09617937960710425,-0.08751038758315144,0.04926216030455823,-0.026384866193088132,0.016433543809141717,0.019204210173667177,-0.007959948700864914,0.018103373436395134,-0.04527541920509799,0.0344118158191431,0.03282935592527019,-0.15725313523958515,-0.13392396986036292,-0.004258564965930635,0.03557658952812164,-0.05149330074396877,-0.026729148463513284,-0.04375641255746365,0.057040086791926306,0.042166850869106494,0.04522755797094123,-0.0028469295623781902,0.14660335717670492,0.035273270874397085,-0.06258009934812903,-0.012222373893395111,-0.03952483231751656,0.01687204039526373,-0.05853346415140106,0.01125307706037715,-0.10173392891388539,0.0225701892834731,0.0022849352359912227,0.05731655042829395,0.02948499007069712,-0.025443865558586538,-0.09685885746948938,0.09111699915444764,-0.04021861647026636,-0.031508456485766265,0.1908911610592926,-0.1146143929295883,0.03351610145850434,-0.047028362395414566,-0.017386873853614024,-0.1337332303094124,-0.1408584477399828,0.03359826773364768,0.04273894122732239,-0.044064155385664196,-0.047489553082660736,0.05949757893027612,-0.13298976628593007,0.12088023405095148,-0.08357589274926505,-0.07872859087217488,-0.04193599628375072,0.037096082249207844,0.018199335863235508,-0.11077466578092511,-0.08306873304257896,0.052072163629411417,-0.02180985204462839,0.23969977353841604,0.21864730419911008,-0.11898547437181578,0.047309755981153785,-0.043982195288021206,0.09485151087716409,0.20607108395532064,0.10467781295755132,0.02561744290638607,-0.06045577754919093,0.010611965006250673,-0.028431080842686175,0.014810236819879433,0.0823157348329839,0.11547714958722971,0.02064332030120467,0.014523733715835518,-0.027224137924057673,0.01535256249977043,-0.011977635965981977,-0.02757625653954146,0.07405135703849273,0.11940055338515579,-0.09361472952563953,-0.09253184389335978,-0.07785750349025121,0.011198837339980613,-0.07602026294978217,-0.023835740157897772,-0.055445516100079625,-0.1086075085895541,-0.002294714032014147,-0.013321366547641354,0.017038544932033432,0.005883033613005755,0.06384789359906166,-0.04249207087510089,0.01292363824670104,-0.02919384445747419,-0.03680368422387954,0.014966845009823896,0.003324806073558492,-0.0061531939647518925,0.017844337164392893,0.05342904089661652,0.05455460845366184,-0.08013510845465573,0.049208195840532085,0.019878209215743514,-0.06015421621183707,-0.0214109809473746,0.036160788649100196,0.030734648752015575,-0.061425487643135476,-0.004406530342158294,0.07285740916514527,-0.04211802306198041,-0.01001779473577784,0.09175828874824458,0.05910725304619816,-0.07327456553820652,-0.007809520957819029,0.09177651026868977,-0.06943228433530343,-0.03644646176322929,-0.012247754961063586,-0.12704132982130562,0.02225993757801119,0.033896081114714254,-0.046380356832368956,0.0018938408843389325,0.03839695620411206,0.05045328711588674,0.08232389772234953,-0.0302541021898277
GP Singapura 2020 Batal Digelar!,sport,-0.12472918404758791,0.07038262762622331,0.27977066372829057,-0.1709156825172308,0.12234453980660172,0.09132685071990508,-0.03525645445701463,-0.002106155525476792,0.05545302236777708,0.054400288399487386,0.014288708962032342,0.0013484880027494796,0.1133528709338236,-0.10571127157954817,-0.1035644041304348,0.14772157658350651,-0.08347052756016018,-0.02814445010822001,-0.004275026252332354,0.06835308469347227,-0.11340201424576483,0.05952531810834712,-0.15569644285167372,-0.14632613849638357,0.11526476454853084,-0.010921769495970735,0.01974050285370185,0.002841975200973311,-0.1277825015541338,0.03587729609257652,0.016830119306218153,0.14696549223026412,0.1442658221692263,0.0802762222998669,-0.17173358857561521,0.022904412346156,0.03246974967756271,0.05821624630971287,-0.12160040114690689,0.1658556104188233,0.2339447818920467,0.22666075508510447,-0.093568284385947,0.00816720928507673,-0.03470151978655867,-0.03669094085558507,0.052238771251914895,-0.0899607381411144,-0.040035163902886486,0.0010327558421444323,0.08955375812468266,0.012359412458198995,-0.11125944717944442,-0.010842726889852765,-0.026991253815675527,-0.10518060665211272,-0.04322940087375726,-0.002239907656924245,0.08819752312554828,-0.06981277581533175,0.09600002840461973,-0.008316401558339013,0.035659133655590626,-0.12402737383338573,0.0823204241967977,-0.09135791214435564,0.07038480418707817,-0.07134699090777658,0.025887536370145337,-0.010735507719947798,-0.0014777783336585844,-0.03507110073079722,0.03684674126908016,0.025326826985526185,-0.06524274678635598,-0.14368431421695138,0.05906401147634251,0.009454934588376466,-0.08740226274980986,0.01663846089342838,-0.08533476554582223,-0.06604716981991227,-0.03785188634257231,0.06284438526567662,0.04726100527411247,0.01024130281062227,0.06189657113726697,-0.021301759371844965,0.013348047018334558,0.05927045217847233,0.04636657465212829,-0.000684898838138422,-0.05204503201419272,0.05809537876075888,0.002207560731761651,-0.008646833838927719,-0.01609281768717405,-0.03945130736466268,-0.02399297827493142,-0.06106400343489259,0.025022763093518828,0.03720126447174844,0.01797740690188878,-0.015963045671452042,-0.021609494945193108,-0.027457081467603735,-0.025003238828888857,-0.04343373623915473,-0.003055547479838463,-0.06319873637715757,-0.057297324745749306,-0.03498560159014644,0.08301990157949621,-0.027763019026355674,-0.02345152206952615,-0.05707822554329962,0.03422526734149962,0.025444683295645826,-0.00019356256662433693,-0.003898954874648533,0.06339733225147391,-0.008455836990745038,-0.0033403430461405497,0.039580751301388606,0.004096770473029413,0.05637467022831111,0.0005570260189638631,0.020554810577608627,0.021442846889219384,0.0039027858010567225,-0.07911182907025521,-0.050942195155990334,-0.018107953828750585,0.02396196424045918,-0.013757883774631326,-0.026462444991972665,-0.04390153716020377,0.003389806299303395,-0.03168957768078121,-0.0742804496481475,0.03537391133611619,0.02952678903095342,0.022551748153585054,-0.015941848011423055,0.0041719730879143215,-0.015209975314801524,-0.010162000892019275,-0.04873076384732412,-0.03104129694132732,-0.0018290184987610684,0.020821744275933272,-0.0066393590201296905,-0.032571386019238875,0.10615868376543248,0.0845047256214001,0.016807460874638646,0.045266120120767535,0.002801325282724109,0.02369157424700305,-0.006190429464583511,0.0723998373056929,0.010221502594360683,0.05293634630150125,0.1263449552962688,-0.0697230094951202,-0.026562081134661554,-0.03567804259976501,8.414422997412304e-05,0.012510803428097045,-0.08248884852986534,-0.023468438922922375,-0.013673832329253366,0.07528993690548572,-0.010092883828824407,0.004478118632464371
Enam Emas di Kejuaraan Angkat Besi Belum Puaskan PB PABSI,sport,-0.11493483848166842,0.05347470082304384,-0.032981328702984314,-0.07828342240221264,0.0667950686471818,-0.011688492186479134,0.1991766422454022,-0.07414118076239055,-0.011009942615057536,0.04385281426583275,0.018135826188841207,0.04464859304139789,0.016966727444468623,-0.06936470797293603,-0.02473032306550898,-0.0033303173188972955,-0.09808424490385127,-0.04962165228848618,0.0036776322695076,0.05553053968679025,-0.022274885887942346,0.021710262565882363,0.06548381154972317,0.037175969954781,-0.1013510311132548,-0.02572687414783608,-0.09186864155583581,0.03075543659623417,0.025009984400269938,-0.03454364684418811,-0.0001680739028413645,-0.07198325316769211,-0.06810014492245325,0.04202730060949274,-0.0035284653982128856,-0.03629522417817183,-0.035292512042760474,0.04459556809595074,0.01565049907554022,0.01437173164555084,0.023483265287487492,0.11110518083226797,-0.0024224050846261076,0.05823987123737399,-0.03101635650175683,-0.06483583269192505,-0.008111346066813055,0.0006419704204815711,-0.047793293384985815,0.0034156011404387365,-0.10999347032967116,0.023133568097480794,-0.04107001790920923,-0.14639697890781522,-0.04451145856320733,0.06481087582836106,0.02791741803342687,-0.19771983955337535,-0.11269862974209684,-0.0844454861573046,-0.09997376811945466,-0.013234060156755491,0.2117151077471658,0.3125678657246065,-0.07973313019414664,0.248979304508435,0.05574281695654536,-0.08902694871893169,0.04352727351713537,-0.0017106923708298338,0.06971375320772265,-0.09076114116242448,0.013146581109921143,0.03253971643159893,-0.059125314459348204,0.1174430859431068,-0.007171438794080866,0.016934684873508913,-0.020530731550079548,0.12783270444261108,-0.22343850502536297,0.04174233760428646,0.07878617748875824,-0.15704716951267686,-0.10111896641526592,0.033440930713661055,0.029366892802784345,-0.06905874555825237,0.008634448695624821,0.09161217240365453,-0.05911969521922271,0.0003916040759664322,-0.008758700869022685,-0.010011471410063519,-0.11187849607745509,0.03458091042277131,-0.23600183615011894,0.13355302391555746,-0.03250862517646407,-0.036636137172115085,-0.001099245662534769,0.014031940397151457,0.05552108307810368,-0.14630656881613252,-0.057159534179817104,-0.09856967208773111,0.034711613073035726,0.07340686939333699,-0.14737752634681148,-0.003839593855103641,-0.03175834605109052,0.02959029139598194,0.1792523133722314,0.0694541610052217,0.04756057158377332,0.11673696343612351,0.030406837637517878,0.020637095180872228,-0.01172832719809264,0.02965237817631376,-0.059692429464316854,-0.03546383257505027,-0.004376108305519999,-0.02052877247529349,0.04807153333059728,0.01716283674158446,0.006575992473342693,-0.001855002658593362,-0.05906392892089174,0.09604894442388727,0.0014153598210969829,0.030500800284390988,0.13456890561666407,0.045955905442817954,-0.01727196797473705,0.08620765136911937,0.03660680166108053,0.008297973564170849,0.019674075557956854,0.01794717390679574,-0.007621348772003563,0.029605264387970637,0.017955751270515897,0.03787730055160977,0.014527124734656196,0.006325013591193345,-0.02056828374145965,-0.02962572828636824,0.08272056080084854,-0.002083415484513902,-0.027982348440480788,0.0194485559795754,-0.010642904049393241,0.018024115485168222,-0.01511768897514169,0.05685590316209261,0.0372869887978853,-0.11939853901188034,-0.022216508169356733,-0.0013931248563531715,0.05372545957912705,-0.016156757615045994,0.011852104494276969,0.0690893160659197,-0.04145529068774033,-0.07087721170854215,-0.005802721659995797,0.025991597120707574,0.039565863508425864,0.008230046210556452,-0.06898417619606058,0.019219601084971567,-0.026665505140426222,-0.011957884845057899,-0.041109416141695145
Mengenang Kobe Bryant Lewat Angka-Angka Legendarisnya,sport,-0.09343227206800359,-0.021054087609218834,-0.09000428187196333,0.046180675793870196,0.019377360953884783,0.03632225456439159,-0.05860632760728937,-0.08158956143175905,0.01487883723783568,0.04864324425370226,-0.007135553211778826,-0.08272779568258806,0.025384213327387068,-0.0839465396828422,-0.18756928315529411,-0.28596741638653445,-0.1273852490516416,-0.053837306960499064,0.01698179681867321,-0.2068913783188824,0.1337350067337544,-0.1259471368496676,-0.15274488308300416,0.045171730571857936,0.06733038525220512,0.023338496036194246,-0.12819400654084995,-0.003571802139978705,-0.09537018753819722,-0.020013613103020054,0.09470671377994992,0.09159970351123492,-0.05141169303806139,0.06897895163759818,0.050165103083132094,0.05931164983015283,0.018486548390946333,-0.017150075501045105,-0.14824065941173695,-0.021426520646967713,0.012650460567115183,-0.054727385194820184,0.02014294185789662,-0.05167621234711474,0.006114027315635044,0.003804785921226551,-0.04430802431804986,0.0015521076452962462,0.03967466125483536,-0.05032849522066333,0.007696661351931225,-0.059754095669445624,-0.11163116320391919,0.08674696935411005,0.1031790774748343,-0.0067542930837184685,0.08542221416683443,-0.02213500373344613,0.045556139594183996,-0.025594675204579767,-0.020199721726388235,0.0029466934225340817,-0.005885520414219224,-0.10478146096063767,-0.14141342257085396,-0.05811186555100826,0.038385756715536345,0.03282971565121727,-0.07495406597359308,0.027520293192222156,-0.014809868932381511,-0.014292177386037313,-0.010804311512473963,0.06061798692172227,-0.047532588779679065,0.04940162429708522,0.15670799796874768,-0.016159914224268126,0.17356978760252947,0.013611151366622913,-0.09065034858741222,0.12847943489903568,0.029970214890182867,-0.04764131202879073,-0.03521218016675738,-0.009967189150651349,-0.05794881213472982,-0.09874479648869103,0.07245421611432684,-0.052690377229918484,0.1616235910313662,-0.0072364918143144824,-0.06734638226617615,-0.0335738981486191,-0.05100921716770157,-0.13932619941674754,-0.0395202723746694,0.10796426907972129,0.023648926593205943,-0.01557813926147085,-0.11823330951378899,0.01711237975436624,-0.05618584540118477,0.020733178862153378,0.06487692727722938,0.0013781381394804468,0.0029140934077406242,0.08578614283825149,-0.001101316110483898,-0.08150954272154075,0.02633469174156442,-0.15202059895497674,0.05584487707310554,0.03066040461615622,-0.0625384612474722,0.019462444650032662,0.11394057915656357,0.09495188208346748,0.0546332235255757,-0.042302924739668235,-0.12506420909411822,-0.02487535353059585,-0.0008282937723169093,-0.0995717073825002,0.032611241740218025,0.06530199160118405,0.032448143205484184,-0.105382575716763,0.018932460578314717,-0.08637133659171499,-0.019228545523256018,-0.028744890468707908,0.059291135492879954,0.02242007920776479,0.004393405925154171,-0.08470602361797078,0.08737893987615182,-0.05380822075052787,0.006251063329808504,0.007353135778258486,0.05584795716972973,-0.0022813239606934883,-0.1192409755521276,-0.02834248283313311,0.1575031830188545,-0.05765496156252544,0.20033464766386733,0.13928160949857496,0.01972467947972967,-0.016833474746720437,-0.0376257327777987,-0.02383950949350252,-0.0902452794795931,0.12242234652612038,0.030333153328158734,-0.07537367713216575,0.01576583128189497,0.07048507706015408,0.0023570111703448775,0.0714632558739786,-0.04770180794008176,0.012150979295289183,-0.015611818981167218,-0.04245241289301841,0.004627531943138974,-0.10581713701160025,-0.005417005018272694,0.006976081701566606,0.01619823229228038,0.005406059316344998,0.0375926478140944,0.0021312629668534195,0.01939664251048306,-0.016768082605248105,0.03596154060755305
Menpora Imbau Federasi Cabor Jangan Panik Soal Corona,sport,-0.003694549402537786,-0.08410577725020481,0.020535394704178984,-0.021670304812572254,-0.035660489782938794,0.12899214290617797,-0.05817265556607317,0.025620924168219986,0.0028876975093871287,0.0038699484448867796,-0.03483145069862908,-0.00015634621947709044,0.03792625894730823,-0.1231205944552694,0.018431516394754394,-0.06444972407098906,-0.062490349341857904,0.04657318582121309,-0.10635626954133871,0.05046654664757285,-0.024240018671991184,-0.0088220302299313,-0.012077094216784188,0.047273035281917945,-0.01939113088053134,0.04869498041679319,0.06156753901506604,0.29408026640899243,0.28518015752539777,0.022095387229057725,0.09082964370122336,-0.10397433677888313,-0.017354693911932662,-0.09681883569587489,0.06111646020553548,-0.12549485912316657,-0.11139028275648333,0.02804898420175143,0.01664250397573921,0.1113917011314249,-0.026214766146012227,-0.11009579898397592,0.07167079087332033,-0.004610369863966035,-0.022132121078088787,-0.04916181961381373,0.08966689891402231,-0.14463918857257507,-0.044783508758732465,0.062449439627826155,0.1798884495782776,0.05195477565373925,-0.15320356366159285,0.03531403235228021,0.09601894544900157,-0.06824511168908659,0.0552320998724785,-0.0473009970196387,0.0015895941036812324,0.015775552796869763,0.010416171576223699,-0.005620354384787773,0.0992401436251023,-0.06837703205689898,0.09369142735153588,0.05736078306372319,-0.07157085696848442,-0.0033040352114017853,0.04172287167548544,-0.139029103550129,-0.0567465711571919,0.04600922376476719,-0.03803956509493666,-0.13514071044884107,-0.09439950231542989,-0.038500591582761576,0.006754959347106882,0.0853104603125053,-0.049127869579833366,-0.07522992311079366,0.0028436608981173197,-0.039333681630794315,0.13262921019058568,0.008759338151065048,-0.218478554708534,-0.010154140243554564,-0.04752400646178278,0.01686519734574507,-0.15685169852539033,-0.0969748019131067,0.015402694573706011,-0.17237418188105016,0.13206050341417927,-0.026081750839400217,0.00035802512050596517,-0.0745942210894222,0.04923750242669257,0.022282434051874064,0.03235903585769846,-0.14521603535728944,0.021050481753658826,0.006116332711605925,0.13930097275657868,-0.012642158605513333,0.055316222164169704,0.04698041476065717,-0.028719055622360882,0.03908290772502883,0.0424390712279525,0.023169569595405854,0.08240585829003759,0.04264294008407444,-0.007307104149812454,0.028217834497063388,-0.06049301366741367,-0.04398874499785118,-0.023440696324912105,-0.015999550362427794,0.05153817415104306,-0.0037126830106480667,-0.025596879323599962,0.01313659170495206,-0.13846483861455122,-0.06809850459385564,-0.10794926086816133,0.05675459328979777,0.002462858861240354,-0.08746131787231827,0.007043538514957856,-0.044127740619535824,-0.07092756514950996,0.06908812010779404,0.010296381703977304,-0.008759280099584424,-0.04644991680915,-0.0060846632102022485,0.061164392191981144,0.012700855584708052,0.003807551239795665,-0.03492378406062811,-0.013070849798539699,0.07572742905635135,0.05409637867298211,0.006729883725682721,-0.004325664510241694,-0.032796043520138166,0.014132069052319401,0.018425318422422395,0.000387160416853312,0.0072198906661006396,0.00759676214643173,-0.05190752831447612,0.026476634492463253,-0.019711438972935525,-0.05853287050209101,-0.02210028689542674,-0.008084050909035679,-0.03127524473934245,-0.03990901786771722,0.020146028511962323,0.020508194825331193,0.023571744670449455,-0.03071861228974643,0.008575624723342017,0.025052843971105146,0.03810466118842356,0.03618900527518361,-0.04489809790475315,0.16167085375514587,-0.07489969628509692,-0.13548965521678463,0.04777872515979791,0.051815291850619276,0.02644058779554352,0.05977130728973118
"Roma Masih Terpuruk, Kini Dikalahkan Atalanta",sport,-0.10601208319923563,-0.015488002437857532,-0.03735966917082311,0.12662880316678352,-0.06593445725604855,-0.07306322042155548,0.01526173419719325,0.1329780033900993,-0.10610183202503115,-0.10458382994475592,-0.09483817575371661,0.08930002014740018,0.0742185720528786,-0.11872825583715325,-0.08118184378302351,0.05840209364807394,0.03849827967330604,-0.0556628250931473,0.04236056288156711,-0.06790667289524681,-0.10150327612599307,-0.05326629477106592,0.06350538582477494,-0.05088511540899396,0.05756212117123381,0.13204306894714538,-0.06453589838364446,0.06411878850979513,-0.050265174232664495,0.15786868436958543,-0.07913784847008938,0.06524674662238167,0.07279535901786002,0.06413076125098915,0.051967205659339655,-0.017607475253233695,-0.035785955107468875,-0.2735999433918099,0.1527209658217536,-0.08995194211793951,0.1280923965292634,-0.029453505567631006,0.12010590425308844,0.26987349526680554,-0.04760616361962771,-0.09091299100525557,0.08871754014208039,0.22775803431095995,0.09781873610376761,0.21886666202791344,0.08417265312242272,0.023143137294689198,-0.04525114351001449,-0.015701233351530224,0.04823055574863437,0.00623712894573452,-0.10134526984763875,-0.013896649523404539,-0.04482787912272377,0.16870361163137013,-0.07341109154212007,-0.0091534928306269,-0.10968731781423256,-0.04749849695950808,-0.13255277496408047,0.0037634021446332514,0.017141306003382737,-0.08423587613671688,0.010429725592338537,-0.07423564636631538,0.09002923290375305,-0.14257581634020705,0.0436339080872064,0.010843194204872657,-0.07734803604344755,0.0020000882343490247,0.014215482712022609,-0.013965033809877275,0.015310307751286658,-0.015896245111252462,-0.037338866011972525,-0.04124118043765229,-0.010480301984650825,0.046662960638862105,0.0182805169197361,-0.0004264329797594777,-0.03237545743470386,0.017076354579988764,-0.024313495744268287,0.014747774566216641,0.009195204059762558,-0.06484383461773237,-0.024213455708565253,-0.01633900437092626,0.041873044201563486,0.019138897858814164,-0.039337195175428795,-0.024570384605783806,-0.07541423549718589,-0.04943830673006565,0.020269675455553082,0.009540568609384693,0.021710859240431285,-0.012397728946500647,-0.01818673517829087,0.012049036860361776,0.017057018097874608,0.005614315454772028,-0.01426672445886086,-0.03621552735009888,-0.04695492050600063,-0.04214844043846822,0.00782448645680399,-0.09794866153430672,-0.03468347842523905,-0.03177381120123379,0.04742479960751838,0.024746355527351327,-0.02308719081852803,0.03167283347720697,0.0005930760306848032,-0.0038691468707945684,0.05345935901906963,0.0376502619816364,-0.01698398602980019,0.04714431788031829,-0.013312120507644624,-0.04620469270750371,-0.025725269531014866,-0.009753401028747962,0.023565359184645324,-0.042287568340692014,0.09028897747890141,-0.016488223370256187,-0.008707509306547755,0.0007576201379739364,0.017465661429820655,0.1234662802032495,0.028371199953632957,-0.0014986814763017298,-0.03170442598342482,-0.029576129547894344,-0.049982487680086556,-0.06191948562668354,0.005130121636783684,0.01930781769019209,-0.07109206072338964,-0.008464425244452829,-0.01897393627593278,0.03341270667878963,-0.08407899243789566,-0.026105300437717978,0.06072608973304429,0.05060454768797632,-0.06484510774066046,-0.07457299546394855,0.004286901963389765,-0.08302338088252416,0.03851551278815088,0.15346371215039334,-0.01148418808665399,0.11645623014645023,-0.007936945478904589,-0.050239259577192524,-0.022476168736239303,0.04951396711612844,0.0483074200212167,-0.0017598175628127269,-0.04499444747362613,-0.09622966446645898,0.037895537669240024,0.013951548298231363,-0.138977187948818,0.1347158666695278,0.0626366576311302
"Tyson Fury ke Rakyat Inggris: Dengarkan Boris, Tetap di Rumah",sport,-0.12022883361640502,0.003330946998848367,0.011555193902793956,0.006834902845472976,0.08621644261786403,-0.009167008765745487,0.07297920411171113,0.038349445719966464,0.024030619995124177,0.10324440932998989,0.0005806783227709612,-0.08599284997377771,-0.006274588406992229,0.08169270361472997,-0.03480475037002864,0.1636227872442172,0.038566569967911184,0.1493322639660695,-0.033762024196974855,-0.08838381954100429,0.18511818220280996,0.0630688470697306,0.026801573734146267,-0.07090871176656076,-0.011994760199804385,0.1329344260986963,-0.07955144998070744,-0.11395889899849855,0.17246943714709465,-0.07732851771581224,0.024203673142673576,-0.16851866210190294,0.1085639001807532,-0.14212006771288216,0.0683364809769717,0.14575776237070515,0.056474186132837174,-0.15307128748863258,-0.11062231561295621,-0.046335180787662605,0.08652935609029669,-0.004020000598694627,-0.13044687529004964,0.044610742821455655,-0.03607968083177239,0.006265331000892357,-0.06425596330272702,-0.02628971766526328,-0.02395192722460624,0.08977749870211243,-0.04356982843825349,-0.022489810454104402,-0.10010113124882118,0.1827088625338966,0.0120734038747262,-0.16156660519898483,0.0009514796145247038,-0.0010017886568856101,-0.08954060604923159,-0.05535580434247702,0.05021044132244559,0.030568907365277693,-0.019874083015988267,0.029353642779298233,-0.09463426130449977,0.02026881291218381,0.05142773380096331,0.07248217311349196,-0.03698968273054812,0.026158511742080462,-0.062440948083363174,-0.08697333552409085,-0.041045212588160684,0.09223967050473406,-0.021232671206272556,0.0672771116217344,0.0004697909270225082,0.0482596883058504,0.06895936511511136,-0.07444724421656691,0.10877618207820161,-0.12378755138767888,-0.060468583132726024,-0.016921718715201928,0.06409295360933397,0.056335590939008716,-0.0006938872786204436,0.028544340540706637,0.09637873292130236,0.014541816851548877,-0.07942181393453604,-0.020697906210857764,0.10784752036201033,0.11340670023129054,-0.1030698860998083,0.010137083129142549,-0.024422484150118433,-0.00771168095908496,-0.06498339527968557,-0.030692212634337603,-0.045756776843140314,0.07997481309968804,-0.03542478686325468,-0.031491658455956965,-0.017358073314183514,0.032756962744793706,0.14314713296845297,0.13675205270081256,0.038884351482135086,0.10599788103505342,0.13529015600348268,0.041750649970615776,0.017514284901171955,-0.011435851879536489,-0.07900917956855324,-0.02447172146109606,-0.03527720874583157,-0.1224108225572432,-0.0006094052700773639,-0.07741203533556502,0.12505313699147208,0.034822701937615747,-0.05880065308207805,-0.04967468075095842,0.040684669752447784,0.05297199207098685,-0.029926060817812628,0.053151909882697496,0.07020033605356585,-0.05121038200182174,-0.1343842602176787,0.05849303031929027,0.048874563440949044,-0.031735583508490164,-0.15007658635476143,0.055815843623063056,-0.08272601516498575,0.056200010316241236,0.07264734157322941,-0.02689845170343294,-0.12386592478677913,-0.0531421934543425,0.015257465413340226,0.07657298822735027,0.05796600707589786,-0.06847452453821554,0.06113046904441962,-0.01422037199234069,0.11218461387051457,0.02688152628237504,-0.024159063583367908,-0.012580624715900405,0.030024387824237383,0.006784568652051029,-0.16941581865746247,-0.048354476609552006,-0.02698939130177357,-0.011056907339661637,0.0885816965307397,-0.04481253583320468,-0.0540541960445335,0.011364273844156846,-0.030546348535787336,0.07837989685858755,0.0035449390236098424,-0.04229288337092458,-0.06216099827494893,0.0933427369734622,-0.025505447375868153,-0.007026579312517937,0.06135787247758985,-0.029414316053239832,-0.022977889753309833,-0.011887452006675864,0.011095359097900725
Jadwal Final Thailand Masters,sport,-0.11119150169416564,0.08100061963685108,-0.029564867127750794,0.06437514927826439,-0.05548289355234117,-0.2532047725356764,-0.10180345054157894,0.21348612474998607,-0.13178826641774438,-0.19569441426395728,-0.2611495652852722,-0.009918572639535635,0.026650066733496024,0.014160611582718476,-0.2168542587382892,0.017810634529506614,0.04996273951932723,-0.08424457499856988,0.11850309608543486,0.17694448788787265,0.06943431614517764,0.11218391375608353,-0.12734960023040354,0.09117197632834853,-0.04074233652941875,-0.03705009438194629,0.0038340694629449557,0.01094376435220363,0.0882777989354653,-0.09256253401440047,0.026687564371233354,-0.09329637224377069,-0.056029075181030334,0.12191241542295891,-0.06226117241896639,-0.04090431233318818,0.02939081904969009,0.22003129216859135,-0.11860126893266891,-0.07628743334003786,-0.07054773588138852,0.005798854276259689,-0.13895622456851842,0.017429627822078558,0.05498073697923226,0.049297276719097,-0.05463167360085743,-0.11434746411924603,-0.022391149948553932,0.00747964705884969,0.0800347561503132,0.019070289487724178,0.06562999274718707,0.012982691365293434,0.01990268393644316,0.0015656425815900985,0.034128424836176105,-0.009087612949790656,0.012471335008818593,0.02963075496687704,-0.06631708448128613,0.0389961622410482,-0.024143891203984,0.02611339442660231,-0.1396613053783259,0.06413200565835611,-0.08561527453891785,-0.05681649368133624,-0.05303756885519298,0.018371007901124992,-0.057149703116302374,-0.00495785461240036,-0.023295554522582924,-0.08110428696123344,0.02077465566960413,-0.014253141414328796,0.0858878154055367,-0.023509185843546894,-0.015845407448355987,-0.039918845194323725,0.07920736445482536,-0.11472051196275725,0.011570144677094675,-0.031044021291707545,0.02256457954935552,-0.04606228615455898,0.03391269224777686,0.02390882187433953,-0.08691015345648004,0.09795470850365266,-0.054898254103819676,0.039263216854827775,-0.08616192280140299,0.07983392940888315,-0.0005888109817171997,0.001069797706351758,-0.015125690907207107,0.02665711067652088,0.020265956870776914,-0.030240483571269804,9.89593041572158e-05,0.05045133476818446,-0.007193445403829856,-0.07370641577106764,0.12356174648695531,0.05099679789365848,-0.023839303736625277,-0.031552401304062026,-0.04442787975438146,-0.015638065051600394,0.02331766496793591,-0.02847484360002501,0.007613480175220363,-0.050267010622108345,-0.03845759033863696,-0.04263630759509518,-0.0018634820030183888,0.05348066723955549,0.0013396988705993466,0.08577673628991954,0.008704469842537341,-0.0564645216371971,-0.01645121114316565,0.026704080057828358,0.060303913831219066,-0.008755808320325843,-0.03032308741186323,0.032263534641638496,0.07468432234150232,0.0017645135980811821,-0.014510794283369743,-0.1012211956024009,-0.029276232731170918,-0.006342157221286215,-0.07222879469269407,-0.03154754089130087,-0.08359536253604109,0.014661789627188499,-0.07127825927366455,-0.0035603514949379906,0.038021796550875106,-0.003605601451174379,0.031142059906320865,-0.05820256042952222,-0.011258337365408011,-0.038427129432273624,0.07557094472802056,-0.06633139565673618,0.03720629463406866,-0.08207605467560444,-0.04957287425528736,-0.018963198187869876,0.012728232024684023,-0.0037383472112639694,-0.0021268093123314054,-0.012579491154108266,0.050888481590202414,0.02752549230987975,-0.014856365571163677,-0.023245689684074377,-0.0012423870388827468,-0.03058831855094138,-0.0743834130274551,0.05290982367895496,0.07472718858176518,-0.05537816682326689,0.008753954602491633,-0.0337732633513821,0.008639388004279925,0.06157296963702818,-0.04136819615979614,0.02197880066221746,0.038971088392439075,-0.006627764326330943,0.024701020283919503
"Polemik 10 Cabor PON 2020 Berpeluang Tak Digelar, Menpora Ogah Memaksa",sport,-0.1429232771397356,0.009648309140552912,0.3035984843231515,-0.049253412134091575,0.09759552753794863,0.1369930173311805,-0.19476771237641252,0.02957547922351072,0.12757003713594456,0.03888826690899872,-0.009667187315665448,-0.007912162219142444,0.17182770166079195,-0.14474971257446897,-0.01122503797758254,0.07630607830717218,-0.17793850902915048,0.006035442283677092,-0.04618726420463963,0.042188858884666385,-0.11811832130256034,-0.009949950684726353,0.09321075790926242,-0.034051826854445584,-0.026064858165774946,0.07699435387073625,-0.04548414525879234,0.16485413728281087,0.2610903365250819,0.011107123059515242,0.06607378810187166,-0.028011208722621528,-0.03312772804908114,0.017658185546756546,0.04249344393767597,-0.11173751051752201,-0.02108612183567362,-0.012729998248814598,-0.008926383179615319,0.06553954592636521,-0.07994577727908053,-0.053761757862911416,0.06390699512930585,-0.0386789369198341,-0.004911504261069526,-0.11827050800448818,-0.01142848628839,-0.14575059574934693,-0.026441938639325865,0.05255903968499882,0.006327752142539532,0.007013766968495228,-0.08961392955207938,0.011868076902086322,0.0355244966099122,0.009417382326685693,0.017013856616979763,0.03555382272733965,0.11225972817324809,0.12508547961947222,0.01751577095993039,-0.05627613431329315,0.03951656255595514,-0.06747018142230655,0.05434680355977516,0.08455390206090942,-0.13434417506215726,0.05571102630125549,-0.003999677922646737,-0.055777859764532964,-0.042169514681473494,-0.0015173655707098016,-0.057716886911675695,-0.06814873634382802,0.011479610902996878,-0.029936312526834485,-0.012273318166958204,0.015989095815270415,0.06383358362316353,-0.04055340022757828,0.08352143620836491,-0.01911799630991267,-0.003899171265011516,-0.030192693035948775,-0.053613409132670334,-0.06251533241047898,0.010267876956166159,0.0797102022404134,-0.07897221307560422,-0.09223914287459516,-0.05373136724387756,0.0014972796118541262,0.005760118829118607,-0.10397859755206867,0.041520535627349975,-0.0818023926342916,0.025437603035178356,0.052161237621658266,0.048401416899693205,-0.003143346148553386,-0.06646156476970966,-0.08710041310893979,-0.0680169178322882,0.02471529960248678,0.027947136721075037,0.07272538135107257,0.07705082178378994,0.07311613559489061,0.009206734475856727,-0.07124725907695531,-0.02562912043085802,-0.04447705694708133,0.010103076918388845,0.03955784537211341,0.03418765582938281,0.014301996300747506,-0.01262885017125719,0.06941495597855425,0.021898038309228672,0.012086690854770368,-0.042669994311183214,-0.06482840704425312,-0.009635422228502897,0.07210461016082675,0.033244554014519666,-0.028305338426237982,0.026663997199439324,0.020248050781347702,-0.03135397576970341,0.05491409591310165,0.02976153832059319,-0.008768137803575233,0.12434594459095613,0.029208962050991567,0.0703985561984446,0.0200333019744516,0.005700825718484994,-0.06915491150375487,-0.03319796868066528,0.00414264211613143,-0.04071853507727269,-0.12607881108144367,-0.010706378360768307,0.06069973127207816,-0.05828755114098429,0.04410869629507689,-0.02094461202297355,-0.048577667950237984,0.05368943744066545,-0.004943772162201133,-0.060062879305215214,0.016586155105278368,0.037539502038318406,0.022024825513459013,0.0480781598829903,0.01671588282335499,0.06631267796487003,0.0016541857850085465,0.07455783935750636,0.02109648487034484,-0.055119954575142655,-0.11094619782991465,0.04650663935747619,0.0025565797657756445,-0.04653515819737243,-0.04426773081070536,-0.04565595484224613,0.08513048524149477,-0.1566289884151414,0.10333240106323478,0.09178107337881415,0.04788303653399111,-0.11115234117241171,-0.04382214607791101,-0.058352871382389065
Ini Blunder De Gea yang Bikin Roy Keane Ingin Membunuhnya,sport,-0.07516068132664444,-0.025965488471995986,-0.06793950572789394,0.012727136891708351,0.01589694384594801,0.005025815058428902,-0.032767574330955306,-0.05401130198224903,0.014736064599893762,-0.019331253885499885,0.016060405764140154,-0.095700074996627,-0.02239993650192051,-0.013415642510229166,-0.004944408149581653,0.04597381326118198,0.05899910973616147,-0.003025102046657057,-0.002801109065786147,-0.01846485787296686,-0.024936007106548332,0.018757653896660592,-0.01269999392939884,-0.07857976797379199,0.04390574883787193,-0.04642774169037677,0.017532514291852756,-0.07989318388268526,0.13071322376640954,-0.07589799830764048,-0.056173546261920275,0.020326414094679803,-0.04640924933409067,0.14456945634949836,0.06034519460437818,0.0722073291783114,-0.024583796904741273,-0.04758281171190139,0.12647269608369094,0.037885759907915435,-0.15184201598515457,0.12588298756748614,0.010890491287212476,-0.024000502004771475,0.054079132791272876,0.06935324913658145,0.07412818120407944,-0.007321234595323483,0.045719135383076585,0.014899767916744536,0.2011602314046984,0.016169338574891955,0.004860583957891261,-0.0716149536349336,-0.014423281242863196,-0.05922658678985394,-0.08648753284671609,-0.05876344503265402,-0.12283857817630171,-0.032498187797533,0.08114474732672348,-0.06716591172060812,0.09603608283545838,0.023220038115277973,-0.030907754773636442,-0.0271066126133935,0.11777253930947089,0.09004273553328733,-0.09813665995598432,-0.1366553475252436,0.045153598147447155,-0.00683378135536686,-0.12312195608187221,0.0036743147172340236,-0.02933364299805759,-0.13567472662970484,-0.07196761108329633,-0.0793781772861485,0.0861396855356971,0.08684623293888359,-0.06921508787932548,-0.00450578139385397,-0.23083618258060598,-0.07988378083580631,0.021271979908514264,-0.13547961526360716,-0.2388845996096446,-0.1947825873897134,-0.079901595946994,-0.24218954979691534,0.014321877082292286,0.1141442975482,-0.2117596784164133,0.30533226131959884,0.07203653207161884,-0.08235477291905946,0.0053117577926889235,0.1783773104377044,0.09677452999682659,0.01357785814938298,0.038070863991533546,-0.14582664024063416,-0.016917733014205,-0.07167242415512848,-0.02421676173168342,0.036130469304623096,-0.06284569794414645,-0.05451307714864032,0.1589466321496225,0.08815383846130166,0.007419551052802761,0.08190823522833317,0.03859647180366925,-0.02332083892054266,0.04695115387242047,0.007216956022635883,-0.056156783567512455,-0.06851286186453165,-0.10142273466940131,0.10755596631780795,-0.07273182664602339,0.006535314915173376,-0.004492848393346011,0.07489102896650006,-0.06350189420305341,0.02615846958840568,-0.0021803180030692242,0.06625557744887703,0.03214986759367481,-0.02291047319576263,-0.08920427687456547,0.03482293389175821,0.022759033647107796,-0.003260917635854023,-0.017541358102797718,0.03972370866398646,0.034424202217031234,-0.009189301024920885,0.01697875225587847,0.037945002214244274,-0.002012118278892204,-0.013843245041340626,-0.0061080587226404375,-0.037779767310312226,-0.008362976153109306,-0.02772509996651871,-0.005729322465496288,0.03755966644995615,0.030710330173869604,0.026888453358816275,-0.0017732491957939663,-0.008838597970419164,0.022430004930462443,0.01198359965677119,-0.01555302075441897,-0.00016292438505773375,-0.007946302060089795,0.00276569275362221,0.009820928848328418,-0.009287120569908148,-0.008284479964905089,-0.015385299815754774,0.008062364430520505,0.0016214255350762924,0.011521648471100208,0.004982525429841653,-0.007181451896954588,-0.028750430311344114,-0.006236365358315384,0.0027808613455433395,0.002551421666805839,-0.013566825322939777,-0.02777897197454786,-0.006471506237514247,-0.018951709792479662
Rashford Melihat Sancho: Pemain Imajinatif,sport,-0.07774638330977111,-0.03230288658957676,-0.05305882776719985,0.0163723108722946,-0.004998705687632281,-0.05423572021863429,-0.024225189456419074,0.002577088066583573,-0.008171802720291544,0.0058217220335876375,-0.017740525366958332,0.021436547578040886,0.08859537871216887,-0.13133633920465876,0.022430618951587666,-0.0761978934985859,0.1550788732662342,0.16627148542614476,-0.13811598083086926,0.08928654009744799,-0.07222952106931865,-0.19639468566594787,0.04159021495788424,-0.12156370636859093,-0.18262321016215907,0.09575061221483444,0.018814418329289522,-0.06973765083175139,-0.02451667905396084,0.05490515496055559,-0.10273422884843872,0.15032815042017217,0.03009696262243952,-0.041306389911681056,0.0429284543775657,-0.028826874705735826,0.08252290019412672,0.03523685853768918,-0.09821792488325139,0.013549265523204065,-0.12156204782077752,0.03270651106981389,-0.11013150944061549,-0.08310539299807101,-0.06153676994942637,-0.02847802467587632,-0.1846247622491665,0.010972028569203918,-0.03967719552187532,-0.07332874431362074,0.018553167731629686,-0.00110239709292361,-0.05276793604505374,-0.03959384893964375,-0.06354485528867893,0.03609087750386496,-0.021488026225234217,0.011232529969433722,-0.01705508962629873,-0.13321782936422236,-0.05317788715635003,0.01522333775722582,-0.040769834792796,-0.023150824898487795,-0.024599451613458268,-0.04392333222956666,-0.012974521203215326,0.009386589632894855,-0.01507672559915948,-0.038448583785725625,0.018593331088967262,0.01878563857348967,0.045005723668639204,0.11254912153304435,-0.11660826960016957,0.11534871211568566,-0.07720707487291051,-0.1539572056548043,-0.006570088272321899,0.009558695779068347,-1.3843430617547064e-05,0.017174764259836193,0.03172688685983511,0.05154086056722226,0.01819770676343036,-0.08306522763815179,-0.09997522596307308,0.0662957089644927,-0.12443098759393123,0.11655857881950463,-0.05152768680002882,-0.01034196755790231,0.0031406606536127277,0.017340546701900016,-0.015624101907084442,0.025766620733241263,0.0198524269232948,0.126659160807348,0.10418707916333915,-0.15371087269818087,0.32101151928576127,0.13464577547426365,-0.05728528034618284,0.0934160400367381,0.012688503045778007,0.04353185277911719,0.14412501285500964,0.019850020867183762,-0.022402644929820678,0.043349037297498956,-0.1338489272546782,-0.009004518060059405,-0.007295677045102444,0.06752294321396847,-0.14939904813726182,-0.23791562259653723,-0.11426279546162264,-0.0015136045123269235,0.04999995967794759,-0.016698663196288117,-0.1738979924861207,0.06895517992040578,0.0038917470079893116,0.0012439481933377893,-0.002340914850132072,0.06955417155319614,-0.0548494706002841,0.011134242992538268,-0.02173490637761102,0.0808208935044518,0.07514741222185221,0.00315477153409356,0.01455411960796827,-0.026249573568297945,0.024559648821478354,0.00027192267175202045,0.021819686077619846,-0.030570985838827683,0.04619426411838927,0.008468992920594401,0.012608044358693195,0.02630914639755347,-0.0391030222532314,0.008642909495196935,-0.016027574221383865,0.01800011656175139,0.04494502683788441,0.00865597141876066,-0.02506931000114173,0.03080992416597727,0.005703131005655156,-0.01755790933012584,-0.003454872317675933,-0.0019983743284320136,-0.0016352411096032086,-0.027025430398055994,0.004606347087502975,-0.008284149952733704,0.0061226912232374585,-0.0115173760987569,0.07732027357138281,-0.07532143735859524,-0.1522810859115803,-0.01619104119701826,-0.10038275127943506,0.04557577590181031,-0.0746480747426871,0.01076712335097053,0.005909317627672335,-0.008735592914575313,0.07211830294335321,-0.01730801932734795,-0.020083292449128695,-0.007836859734986866,0.002822923064987827
"Pemain RI ke Filipina, PBSI Juga Fokus Antisipasi Virus Corona",sport,0.15380539864826773,-0.02734794197310795,-0.06800778471311578,-0.08851519961726068,-0.09486571684346881,-0.03935499419933976,-0.012840550428697391,-0.02363406738729955,-0.05463958314201519,0.052210032791076465,-0.030788545149889282,0.06335510648234818,0.15856474004704157,-0.15300330818390187,0.051853372759121344,-0.026146379275340404,0.16589022576406284,0.11019403136421045,-0.23017095970704235,0.21585255551666935,0.02950304029816383,-0.19111186236631034,0.010644750343944976,-0.03561330824537743,-0.053321016846856105,0.17613719017659216,-0.029505549570479916,-0.09960748483811994,-0.05800872807692882,-0.08571773241103488,0.08492588278152502,0.09320997164285996,-0.06778841233651722,-0.01038430879728208,0.034357971046578346,0.04977256232874461,0.060621646356032684,-0.03432581740798138,0.00803564128528697,0.024696055721101135,-0.01300626010685352,0.06519254158613513,-0.00591705038860923,0.006348242493966393,0.06373196050963242,0.06518676757011839,-0.02301157582188257,-0.10035370067845294,0.024709946740235654,-0.008194626152546713,-0.12288930579658564,0.010829211486131238,0.04217261322296368,-0.005469802510720572,0.01093230551999961,0.12148659487351753,0.0036759821118537953,-0.06174454406054957,0.09095629729641583,0.061247611970730205,0.05739067764059665,-0.02212856498602498,-0.054321704661592404,-0.02030748133948046,0.0022900941873456905,0.060339062688188685,0.008085360456151346,-0.04268032808728932,-0.012253721393188127,0.10042068818855256,0.03125880429004943,0.024914994777710787,0.0731463619296009,-0.09265877322914075,-0.006555269591752339,-0.020090342032096184,-0.02333349872050921,-0.03169185938865289,-0.007756646517459506,-0.009973000403345934,0.08179586785424543,-0.04507928989418927,-0.15242727508142287,0.10421136183343398,0.016639819807012506,-0.006139968744570937,-0.050814785141552146,-0.1224956343945598,0.06981865718893206,-0.029713557170809944,0.08087341218471304,-0.06460105624972266,0.1293607101941636,0.03931668686900735,-0.003586781920857643,0.023556415239179767,-0.05992838888568139,-0.0015115426916000167,0.09943284645696114,-0.11940055683396655,-0.12054805188109938,-0.005722251550655769,0.029665386877049248,-0.08091031367083812,-0.017591103833230908,-0.014631308630794327,-0.03638857711960733,-0.0757241179858493,-0.1118850073853901,0.07702997637189041,0.05849796749222601,-0.00045584575723480857,0.007951182740161088,-0.008001684701248348,-0.04780069931299787,0.01499723208623425,-0.01992571404004589,-0.012025766857290584,0.1148437524070041,0.06466863241919424,0.026405377658132567,0.03265457836234273,-0.05144785387451677,-0.0600904641430407,0.009425711534057125,-0.03156174273327648,0.07035678787179517,0.08990072741308314,0.08892335021511305,-0.12131325240145532,0.04290275430160119,-0.05718558087163828,0.19778205265229712,0.06920515459673046,0.039936841393181946,-0.03571833418375457,0.05957915695127406,-0.06160284869576744,-0.07520061949157987,-0.014342229207545546,0.08145382188793157,-0.11910270562161196,0.002195339548637341,-0.06484628811816247,0.06835383244957667,-0.019638510664479393,-0.12760995998263933,-0.10290417292710821,-0.03236811674049609,0.017785832282774205,0.04170613412801262,0.09872742677822281,-0.024944417730406628,-0.019466460303267548,-0.03833052259194599,0.061380992476485305,-0.011664776496765825,-0.014087995437626207,-0.012668694782927613,0.0280289041541192,-0.05162320495740864,0.08482463882303011,-0.026404386958783426,0.012642437024984202,0.08444518755204908,0.010318270956199657,-0.009664940117415475,0.015944820539322245,0.07960020812085448,0.004744101041736344,0.016764305994210506,0.010800030850590853,0.07807100722089506,0.0414836565656553,-0.07184253215930443
Kylian Mbappe Terjangkit Virus Corona?,sport,0.22202298705380433,-0.10410757418291579,0.016419068024711277,-0.12798379462130288,-0.09813308523289208,-0.037895002700793844,0.057199185556409377,0.02423201828403355,-0.03250415638974977,-0.04356927666372522,0.012930957346164399,0.01351257241387819,0.07230246277074934,0.040373114083754776,-0.13082152179943415,-0.023308958439810096,-0.00660230846277773,0.06929990218052744,-0.06518730709425899,0.001005494618855449,0.024237839079510107,-0.06497269300222637,0.04069684761615567,-0.050172779232737406,-0.0009175570299997595,-0.08339318153763402,-0.07033216544212618,-0.0362974802415986,0.024598752410315873,-0.1525520173970209,-0.06416532959155416,-0.08491488886598904,0.07274686397147123,0.00295685098414436,-0.0452584616931111,0.024459892603829924,0.012737218627274867,-0.10313052548268062,0.027221001769767595,-0.0004169982481807328,0.10072487009394905,-0.049580790237370324,0.12394117856630564,-0.1833991668962287,0.099484608061403,-0.11054819192650417,0.0414905996708047,-0.02214632107457276,-0.15108934738725172,-0.06091471645567777,0.19922400622080388,-0.13968282570481824,0.12676796861183198,0.001957909617629473,0.0839491517490616,0.16970942180822798,-0.13460615157994324,0.011308476148240421,0.2083044538065306,0.09961342378219934,-0.05636137845812276,0.019902355745719684,0.06120862041946072,0.0983789356577619,0.06107479471017302,-0.028141644221939963,0.10182972448561138,-0.017159712089667864,0.08426710269010775,0.05950555574335924,0.036234909918224,-0.059274987945061426,0.04252324930569716,0.009034978318890337,-0.03054476487700681,-0.016686291837053818,0.00789393943715258,-0.0623773832776588,-0.0010789624798044424,-0.015479088108087753,-0.009010156920552187,-0.021474955583479772,-0.017431858256916767,-0.02201538821697036,-0.027571747286906565,0.0007080297377730641,0.02914965901998917,-0.0471970283177852,-0.057665035178524914,0.1303351602423962,-0.027819487257871516,-0.02379908317397754,-0.037252963090254686,-0.0032512307376628283,-0.04137392726257532,-0.08037889259459585,0.00024030647319502765,-0.020662070752049542,-0.022545097859063074,0.021247812466325202,-0.08953957674473886,0.04030904884227931,-0.04851015149943106,0.03756886464655866,0.0010237751057147362,0.09126783532365604,0.07383118978543052,0.14399694553700448,0.12721517833549822,0.05909881118814129,0.07257749953250889,0.14897065587824473,0.00599444818805221,-0.00894105815956764,-0.0004392307538742337,-0.06729088011632509,0.04200446333686177,0.039209482990458365,-0.033939067699094376,0.06638332331456495,0.05861919834529148,-0.002842534533015396,0.148059735796324,-0.11580521916325173,0.007192491806735329,0.17468168931569444,0.12677108567679904,0.04329633644473982,-0.049108796609133316,0.07304179350334074,0.03135452612825527,0.006576959969167896,-0.08800675273127236,0.010823345954247688,-0.010885988997869746,0.05623100934201273,0.04888459806101084,-0.0006388038233471251,-0.10514102841548688,0.026453991701594157,-0.049136131357418754,0.02902241093609127,-0.02177304900806203,-0.030178163145676642,0.08263386976510623,-0.00305207599756366,-0.025966977178283245,0.00034689307707958797,-0.046990108740168755,-0.05718132184623036,0.08264467559623956,-0.003907833229730256,0.06692056072953652,-0.06279856143997439,-0.012093028911369933,-0.08985222167620639,0.03526367551626984,0.0018940029590508555,-0.0729029906682011,-0.016466198926491368,0.032020100129540194,-0.07013049452267672,0.006920304450160065,0.013960420341433195,-0.009955812783612605,-0.0056869234430804,0.10725478429955917,0.037312942584550424,0.011678192339168033,0.07912830443836673,0.10876243701276732,0.05762238429332284,-0.011777330366797246,-0.020817834371240265,-0.041458198063225864
Video: Mobil yang Ditumpangi Kento Momota Tabrak Truk di Malaysia,sport,-0.09219448016289349,0.006651507356286293,-0.07298053536542833,0.02166385145948397,0.009493083499461681,-0.06490928532487225,-0.016338507444764335,0.019314692178996774,0.012419003075641909,-0.042484122707156215,-0.06682985580478873,-0.021497292398902638,0.023664225929476822,-0.045107333139857285,-0.034782617348289246,-0.06780239858038,-0.012042583143711,0.004163013731244735,0.09235683441512135,0.012762067888245219,0.01860295986930453,-0.017636819648813737,-0.06063992787001311,-0.05768158844239308,0.015540188682896394,-0.13298909006319035,0.043021700797899104,-0.005291162981823293,0.14047118717734927,0.02913837455787427,0.005640006999246643,0.011447174564640776,-0.03931296173869404,-0.03650542008401659,-0.013741654979554086,0.05389664492031582,0.06754743320748774,0.039969278695615826,0.128884481000681,0.04229321520972735,0.08757777267965161,-0.005056062359070628,0.08053504710479459,0.06580182220818892,0.03622725863353222,0.08649222501280913,0.07935718101196135,-0.07637087676903596,-0.04664352528551937,-0.06370299518918582,-0.23380517451222937,-0.019879384565565972,0.01972554213890466,0.027126706771294928,-0.12250963656722326,-0.12339453315959831,-0.04601057694463261,0.08374890678323327,0.11883994473037227,0.04018308241698091,-0.030508716788507334,0.08256698251076063,0.03648333273442353,0.056339533358963835,0.2082448253840615,-0.13692428260682438,0.07518945549971039,0.08410558775836262,0.07484113093873987,-0.12994619597656096,0.030082543671430394,0.027000890373648438,0.15633015865812233,0.2249603547945571,-0.07492175432103358,0.18993980882872777,-0.08158768465657616,-0.1751913876899139,-0.02212307167279355,0.039550112153772146,-0.01828867304245361,-0.009523558119194994,-0.023171461294098944,0.06345572823267512,0.04070109450434338,0.034342222507959895,-0.1579587366805263,0.2290668844408104,0.1965098939596201,-0.1476419331447916,-0.16824932995070602,-0.12085657978574,0.0636795529804337,0.020535287116860704,0.10868072820004393,-0.035441703226236985,-0.10811461161423257,0.0913090879085782,0.020092599414470363,-0.027290083604933464,-0.12606453391580194,0.033301671849254484,0.12798256351071113,-0.01023122654135911,-0.031742532915029174,0.023212845392001906,-0.06167192701916957,0.035384153331615896,0.0021295152733529533,-0.1575828512966989,0.07536330411422214,0.0056584149956475215,0.04015163456447167,-0.06506337411433494,0.09169353186335776,-0.04337896362974798,-0.0805003198176214,0.16831312086355416,0.009542875264407738,0.1334174217992602,-0.04380142129151038,-0.07317224862071056,0.06450077646903395,-0.09978606300352538,-0.13395952754829438,-0.06351892978292868,-0.04556670230135309,-0.043256645265029446,0.047862848419743,-0.010162497536437881,-0.011418797117729978,-0.02883226392015955,-0.020402918406439145,-0.05199586866890818,-0.07542059409810743,0.03851699435716251,-0.0449934012826772,0.018453775648823865,0.014289721781026965,-0.008076721564353911,0.06291960672896484,0.01922423665865151,-0.00400365238977422,0.009113573061011453,0.0349390906116265,0.008065250621945446,0.009803374007529935,-0.010306956226606798,-0.022056556096312508,0.02448611056647804,-0.005454894443296184,0.02767770066595683,0.03074122494645546,0.007854123984472067,0.03697413658127938,0.01776864247317597,-0.02019411302369888,0.024968302096533928,0.007591429461575213,-0.011571081826545265,-0.029550170754015875,-0.02112876359602736,-0.03846368121348497,0.0035024913708228056,0.006461845573526064,-0.023843979002524877,-0.03810919952582674,0.020577601364697606,-0.021262928115670415,0.0038107231155712186,-0.021907146717439836,0.006677732798511301,-0.014024489097272146,-0.01448990532189044,-0.006319890741432996
Rossi Buka Peluang Pindah ke Petronas Yamaha SRT demi Perpanjang Karier,sport,-0.09600726338438839,-0.07252268617926241,0.08783327499574556,0.0433884265471087,0.0731299362608092,-0.05242738947590998,-0.11457510344885394,-0.12854413739990328,-0.0672744836015543,0.028244809515608756,-0.09170545294905587,0.04928332980291706,0.27146922807777873,0.45614090871430635,0.19338165250142939,-0.14992717011001264,-0.09910579873058918,-0.06530429591399718,0.018867874568276585,0.019708464783448922,-0.17139895101608976,0.025929184438365907,-0.05150423067596787,-0.03813426742784855,-0.02476738761974828,0.13055541027417014,-0.03488080913680649,-0.048380534713432684,0.1179071318438092,-0.06370667332406736,0.008348712095474031,0.02532413686013685,0.017755800969413028,-0.03140038166844128,0.06778910296637224,-0.06255364206879091,-0.05031126370982644,0.0026802531278739953,-0.0006845711605009037,-0.025954874350271245,-0.06047073453450692,-0.041695512550963876,-0.015356223046793183,0.020251963150751433,-0.03937614185581748,0.007875605488469458,0.06446524863354404,-0.020452168691620167,-0.05553190914032226,0.0929885784373308,-0.06270600515711461,-0.0008152266977927208,-0.08135199511059697,-0.06758782150923938,0.0368258307007477,0.07315780763168336,-0.0019428663364990635,0.02208383487173152,0.1138129314497907,0.020533777382698844,0.023334765759927635,-0.024816202510699374,-0.03041192627487882,0.053171610963533684,-0.0653071295950628,-0.002159133684886357,-0.0012626167918761465,-0.07676211521271806,-0.02181032480375981,-0.04074851072537167,-0.021283835439370513,0.002492322165220037,-0.028055232857165463,0.16553272487087056,-0.014012942405898256,-0.10890862533031705,-0.046000001100202206,0.023620320257022695,0.07774106800116407,0.045674432725820016,-0.024260042479088723,-0.06058553021338856,-0.042516542934337,-0.031291177331487216,0.017682133373006798,-0.05112468850026034,0.05925958328820867,0.044675600647023875,0.05882964975209402,0.012184922975692921,0.009744773352766524,0.03982994036510591,-0.061607311311061466,-0.00916295023886052,-0.030669999547698525,-0.02240841946834654,0.016578690882700114,-0.0767268280811115,0.0624592937952045,0.02655993757233097,0.03874236893649463,-0.025093879769708397,-0.02847168700817943,0.04228062037878542,-0.0002661878774408005,-0.030861487817644372,-0.03717809497486324,0.042132393621164034,-0.018688491199835542,-0.029000392236484998,-0.10074834840330735,0.001718786708591775,-0.019537129034504306,0.1128063610660171,-0.017768140190582468,0.041981707046827424,-0.014040333044954651,0.05728220164715991,0.05377546382610452,0.05000863875718699,-0.010218083346460367,-0.01371302160429164,-0.008285058365615685,-0.0037109138400871888,-0.010126843086678229,-0.031177104642261085,0.07751544750237833,-0.03922571440090036,0.07410757930659362,-0.027590538632729523,0.020092123818191938,0.013535703182353984,-0.04294242282569231,-0.10543410562395485,-0.03592728717351185,-0.006729530461435494,-0.02988559751792193,0.0016212621083439261,0.0007019103993724842,-0.06097644899126347,0.03800148758101457,0.07219438585473241,0.011142836008799718,-0.015180938809507093,0.11997486145485188,0.049668112444413944,-0.012383477885127041,-0.047194719119498324,0.03853633385411569,0.12977646711837845,-0.005065551305793742,0.1089883568249987,-0.06797329506821606,-0.032105365316465316,-0.12478049190579234,0.003075602316282284,0.09704202933605818,-0.05080399435531869,-0.10625161321075062,0.005471006575308895,0.022059443489420866,0.014609741159913396,0.06898815968180146,-0.003633052638065609,0.02480890249459645,0.11062704330572051,-0.009192666459823716,-0.03500560369796978,-0.03746559428290626,-0.053109977668109556,0.058465558068827236,-0.005684234836768225,0.005831663862760883,-0.044515996603180154,-0.040819337784672304
"Tiket Olimpiade Sudah, Petembak Vidya Rafika Akan Jalani Uji Coba",sport,-0.041835809148214255,-0.13878637577593655,0.021512749806049003,-0.056814382948028784,0.07244171478862418,-0.25315132788771344,-0.0668720705418828,0.20173598811968824,-0.09015282317440183,0.35587067671191586,0.1166562386486175,-0.1011276272566209,-0.25739400902905807,-0.01713233151949684,0.09172599211330486,-0.08470347727464902,-0.055191059410840376,-0.06089968615284297,0.0018169000022889732,0.01107898750101068,-0.07030949956484046,0.025346289464371268,0.08821866397963644,0.0201641483735324,0.06488788481979438,0.04113717501598996,-0.021604806814652038,-0.005313383002764912,0.0032370490417160404,0.10190482190967405,-0.02603053103653494,0.06191834731805858,-0.008995830734488909,0.02931157265753588,-0.06661625420664295,0.10710586007830007,-0.06423018991308924,0.06202267243166393,0.10483823859603425,-0.010194923971578111,-0.009436181851353961,-0.10066595301288934,0.020239238921555335,0.015311344127274402,0.039117292585215416,0.0014153609279706116,-0.024832058218972188,-0.018012361602411733,-0.03221393909046323,-0.027901269784570523,-0.021248732219688718,0.053805050009580295,-0.03980370824365376,0.0007767458548994434,-0.030308089580735127,0.005586260631108841,-0.043321491376483647,-0.007705222867167513,0.07594946487090368,0.022645153986575798,-0.003595516384112698,-0.013600279165069831,0.030787262155401746,0.028311675607157506,-0.10688199047395279,-0.017558124551002793,-0.057992515121298695,-0.00461203949683887,-0.011038429016883287,0.05929980956239262,-0.028918866088331528,0.07543766911165783,-0.05328490232926184,0.041794123689924606,0.023620128133922093,-0.06573056553314194,0.01630518336858764,-0.05851065130821501,-0.00297197857303815,0.019114767367116856,0.00961090307816018,-0.007819337006101221,0.007429736996457557,0.03286003808619887,0.030210647902660228,0.023968023003004164,0.019071786991168516,0.0061151270551497265,-0.09879189156885712,-0.0054845795549967975,-0.05892465901328217,0.04829355083984333,0.010172416107126497,0.03118605441156174,-0.135756791214059,0.00889881033896751,0.06036889627741637,0.04226763643174901,-0.03918370263490581,-0.06092063972453071,0.028138717288901955,-0.011850877984230684,0.14964076407705873,0.021265929609430214,0.05605811836551805,-0.0006322379539638592,0.04688822261863098,-0.037380075031117906,0.07739048564288799,-0.01821875640957538,-0.05762679030892587,0.016435051375177787,0.07193514135020498,-0.0887354400262515,0.11849540100759377,-0.08752931779865834,0.13851072750659454,0.045257957782808424,0.07344866050446199,0.024664496125026268,-0.04090694810531578,-0.028505410984451533,-0.040239942203553834,-0.20514314106433554,0.060583841349078446,-0.007711335396269459,-0.04050418505654573,0.08627747002735002,-0.005023914214667613,-0.10580314298308698,0.04366127555310553,0.07785154334540231,0.028334898395340397,0.08341323207651528,0.01918028776177063,0.03753311917427528,-0.040168609647494656,0.0057116441392652,-0.032658050170565806,0.02556751661506184,-0.05851708829982562,0.10039036321989882,-0.009955957637168871,-0.13737546740104195,-0.04147821357459318,-0.04484519181052953,-0.11589025454271173,-0.07523605530596832,-0.0035278248607629108,-0.04029877090946751,-0.049515966096642626,-0.002840772409715185,-0.17321695506729742,0.04837664301675826,-0.02360386857333908,-0.013214721286444213,0.03243839188113441,0.09678968032465232,0.1861971239226838,0.046547656299964324,0.012910737001583723,-0.014557976132960573,0.0888628665600912,0.11687101471607707,-0.0126236254106748,0.12009362968536684,-0.046382525124569654,0.06849189105049891,0.001133448500131743,-0.041268003910619515,-0.024826597505872225,-0.043516556634424136,-0.03191190275785298,-0.0779016852016369,0.0067118623685345396
"Piala Thomas dan Uber 2020 Ditunda akibat Corona, Ini Kata PBSI",sport,-0.010007380675810794,-0.047290805384811105,-0.030212231609504883,-0.019894050785090586,-0.04951922344377381,-0.026224250352210668,0.011704661737846418,-0.08070458220591106,-0.07302835834052866,0.05036177986097335,0.06706179126047371,0.04438055507608628,0.09074626114450252,-0.05504738088024446,0.09626968839564931,-0.028696509079095985,-0.06424743502425033,-0.0673886613540237,-0.023927671011809645,0.06075369902538817,0.19954686502978464,-0.06927387344984232,0.00681482949345393,-0.053775779536757065,-0.11590313042674862,0.08775153394851247,0.22078884622048225,0.009456782747316863,0.08300788271229899,-0.11498354304393682,0.09848888849973114,-0.0515603048048685,-0.025750032764644364,-0.0031765551803989217,-0.07339857034413086,0.04078083186150051,-0.0016167028491235155,0.051940602537332035,0.040182147768475354,-0.13661990900225143,0.014742625369338978,0.18134635534341753,0.05337616186573676,0.06832213581902509,0.09786581784973003,0.1400260091457771,-0.09429466092050337,0.12464479722848366,0.07434803767048614,0.0964148909257198,-0.06589750890282688,0.12623877057752478,-0.02888572825254513,-0.015088975906068197,-0.10880465761387499,0.23783382452249938,-0.061653023507489066,-0.01200058783920382,0.12846747889224264,0.049401628000516395,0.20837091158392107,-0.0302025809954304,-0.06449271022151756,-0.1657438570632918,0.016398609101629033,0.0006030924737212319,0.010296194911164808,0.02606233484721851,0.1357506826990088,0.02580273553665682,-0.05981514136129834,-0.04220010874652944,0.1309276214111977,-0.1206693938609869,0.0019968203079042857,-0.07000876508565052,0.0300584782441653,-0.07891271005511202,-0.012512253058939566,-0.06142967351197551,0.06222132348387566,0.05713261796679139,-0.08166291438843955,-0.00034509968100703345,-0.06655665007444457,-0.014372813640492007,0.05224925747337893,-0.18882644359540468,0.023323702926531485,0.08252755759890823,0.08296347866113596,-0.06715326823213043,0.003972861328215303,0.03586400044265409,-0.1174759898045725,0.038712264499464286,0.007160319391103744,0.047473948322371014,-0.06131235962408777,-0.05012296087693544,-0.11515725648491938,0.0461375590335018,0.025901782200197187,-0.06805036253057087,-0.02609024892110424,-0.014051080282542757,-0.027016789728574134,0.002863281124417966,-0.0779987321752753,0.0073725726339864016,0.11797546495686241,-0.026771834718634282,-0.03064528892827057,-0.001941885952520097,0.07968037353954883,-0.12616610424006183,-0.1040882260837048,-0.02191782258533267,-0.0607892470717586,0.04636216511846839,-0.05366901283762584,0.023259284088223472,0.010009070665989493,-0.013572504317910296,-0.05869033329151775,-0.02377481959012733,-0.06191569043693768,-0.10041749851316836,-0.09190342189345846,0.02624263570416662,-0.04040651052971388,0.012680835796329523,-0.02235204901224157,-0.022553820740199012,-0.0345011776824858,-0.0037918417335976347,-0.023958714188877916,-0.02686218834926213,0.06037561612747327,-0.021017139271995257,0.023642469702182617,-0.06145797847583723,-0.010959217209533108,0.038557913566653564,-0.1205475810743389,-0.0005110321406542533,0.02212397016877567,0.055127893103780023,-0.006445137075428172,-0.06442993303082417,-0.09707397867003337,-0.06877337178615986,-0.010689436637971611,0.0035865563077022698,-0.03853084500640069,-0.03411767811781643,0.048634708054560334,0.038788326204341424,-0.022218295170054917,-0.028105403108180892,0.06297258226138296,-0.0828953030692772,0.118111326550037,7.268567260457064e-05,-0.13640870928055504,-0.02505106312506711,-0.0024981184234868295,-0.007302373306151772,-0.08326156762702114,0.009309812081178821,-0.011647776262327283,-0.013275414426671756,-0.0909159302674681,-0.005269303316654026,0.013853969055259575
"MotoGP Virtual Race 2: Petrucci Niat Banget Juara, Ini Buktinya",sport,-0.1377525267638527,0.11201136614616318,0.10297424601016683,-0.12621729572847593,-0.034686552890387454,-0.006202163535094665,0.24010685182352695,-0.10941826126569891,-0.05308400593718569,0.03794696918594161,-0.05446746522704624,0.05628687994306012,-0.10676396174101503,0.010001498901526408,0.0038704442739371787,-0.021906873118644664,0.05080275968603746,-0.01072367116258965,-0.057376523274007614,0.008635763482232878,0.13154151527352556,0.09047584766331508,-0.068062717764644,-0.15599134622509267,-0.04533646491406554,-0.060005198315049635,-0.09397595589245342,-0.03446061788062623,0.01192107880375205,0.032474988051233215,0.1257606150415816,-0.025187771530269295,0.01224704077288348,0.06798460065427936,-0.0059448338098234054,-0.16185150836412301,-0.08824688290030247,0.050896149793553815,0.0501240620188355,-0.014684242359695628,-0.16692114865648375,-0.08768390454914984,-0.0031153058570573726,0.021919056269119663,-0.06363956314042958,-0.16445129415560208,-0.05611143575871781,0.058545802407993695,0.024181399128706337,-0.05410634982616935,-0.09171985544652121,0.20604753744715235,0.06570961699917306,-0.057679140888763,0.11397708301347333,-0.12193979126931609,0.012082988080709255,-0.04498897940988817,0.06556282312320381,0.02714335330567647,-0.041686697222619085,0.054855741166790296,-0.08149900786557428,0.05879674074403276,-0.01934741086560218,-0.09063128494922744,0.12123855230308771,-4.69221126983015e-05,-0.11739576683320468,0.07119887137547264,0.18819046011319635,-0.038303111066992836,0.0125646832292018,0.0029948949175741773,-0.0031309589546734077,-0.0864334398466265,-0.05923648188338396,-0.035659821547842904,-0.024474018999883582,0.03996204951936016,-0.055873269446624775,-0.01925235228393773,-0.022391975907343684,-0.042380730070117285,-0.10350172401305881,-0.011118070974970317,-0.027955139265189815,0.08526231053445088,-0.037585260324326,0.09444948157083849,0.07994104961911123,0.042726458665156015,-0.0025219533653544684,-0.10595152523013798,0.07132182255402213,-0.04688345344683824,0.024159845436715746,-0.0038726624300472077,0.01807886975605187,-0.020972578924724865,-0.02339830051332723,-0.0943410174721405,0.12795618519130184,0.06366549964397519,-0.056276866111755634,0.10260959304813122,-0.01616184721871155,-0.024519052775367794,-0.010649851673355724,0.05162194822066377,0.08892708765664317,0.02880434946179621,0.006094358454784536,-0.0560352801057504,0.10275099247202957,-0.07955568016097112,-0.014302250049721103,-0.1165313830872017,0.06732101219690147,-0.049706790494663894,-0.015361780568383976,-0.020388889358230848,0.027329168058151,-0.0003184595674122586,0.01818135907561382,-0.019313689896371486,0.0026811092055637935,-0.08155054690183697,-0.09708103986375262,-0.17958361514198992,0.05113867729066675,-0.09768648292779976,-0.06480696560897907,-0.1321883925919819,0.06380911686415534,-0.021681164609017263,0.051982997426768325,-0.0677180157433289,0.009704075728528735,0.11299151087098658,0.011826745058960565,-0.07751653307207988,-0.08868988361693562,0.06941525428598128,-0.03509141386795224,0.06737948788600802,0.04301409142339817,0.039176183544867405,0.09608081550214448,-0.07025507818381875,-0.08435074502474453,0.10424243781152692,0.07700751662779304,-0.09043269471363764,-0.10017195846819772,-0.06488539183913318,-0.08261847123973792,0.07101990533149045,-0.02192073312753494,-0.002163480685627055,0.027071740420264067,0.0438148003163275,0.01469202942667752,0.12192446140864942,-0.022383163895861983,0.023346397556672154,-0.05385012484175717,0.03805313835006676,0.012509831179723098,0.00642109012582208,-0.0036745913753709306,-0.03820222909295638,0.06748213339358482,-0.021702000866276848,0.0032417763825994105
Video Los Blancos Juara Piala Super Spanyol via Adu Penalti,sport,-0.1098557608666371,0.038485083256581475,-0.07942864992208269,-0.1036566980227236,0.07228119845586123,-0.03330701156959587,0.20276550241620261,-0.08925467020713132,0.0076985049656853035,0.05006021324919876,-0.05001695138866415,0.029386202155300554,0.021959962576689133,-0.0653266174088619,0.005172166840770813,-0.06017395482701794,-0.043786388780460005,-0.013772965045523278,0.06615244716033605,0.02904440234018845,0.06691336703265158,-0.01971671852749953,-0.05794352486171466,-0.09296068803332604,-0.0235115297630726,-0.04049940935040733,0.02946805509691793,-0.006461247151741787,0.16090824555434485,-0.014345676389635489,0.014634763076590972,-0.019937017788002276,-0.04303498008962917,-0.022388740999547768,-0.02618598631347064,0.04291730981273808,0.06180525381531646,0.06281717650766655,0.13097564296313216,-0.06371189020881206,0.07211337748861525,0.02442277820049891,0.10003958840319681,0.11888361609433784,0.06680541636745857,0.09786600502658471,0.018335888087823913,0.03553735278800052,0.004422917119569027,0.0042868258376175285,-0.1731870459556728,0.0064968056839923025,0.010338653547667926,-0.060504975653195424,-0.07408993990879986,-0.03246400253139756,0.007209517113044809,0.07932803987626379,0.0026745329263769537,0.03602218992138565,0.039637142302709635,0.04922222758215104,-0.04828680657012132,-0.050360038750919205,0.1041617644444289,0.05313090293559989,-0.0625736616374523,-0.060072298222741925,0.16837683399250866,-0.1042447397068056,0.035143872472827846,0.06845625450989004,0.14753105834959365,-0.061338717189284804,0.0803202201650819,0.0964745388530701,-0.024518258791398816,-0.11516962359582146,0.005428604343764873,0.02121580039188118,0.0631376845226858,0.08814383951091227,0.00864816421140458,-0.14074992776631295,-0.05755697478878759,-0.08578436138636926,0.0029151691116514277,-0.12872385122784988,-0.15525583360415762,0.24147144432333031,-0.01579507340380485,0.03277108984245432,-0.1264511597267168,0.06088557276264188,0.05040703718636119,-0.291643106988489,0.08352849917815358,-0.0542215895760807,-0.06808692289701303,0.021087318625818325,0.10275550655575581,0.04139393834274241,-0.057429944139690645,0.2441436699356871,0.027426010020777138,0.04491489383331684,-0.006342158307649161,0.0471377042575791,0.1215915750261401,-0.10688879657859093,-0.0625801191644341,0.024782497444084905,0.06370776846492078,-0.06540954183903146,-0.048123271671258364,0.2110132162684881,0.08352209118515914,-0.06837134272109915,0.07239768657993723,-0.16518201755696169,0.06840936393908097,0.048953794686752226,-0.09750216270653375,0.08039640315046434,0.029357146569285914,-0.059261105867905534,-0.062256521385025874,0.06625527108127359,0.13402590183830448,-0.05941603746190597,-0.011476053080452337,-0.002556606505898953,0.10140008909844243,0.009453994126356979,-0.0162514155055324,-0.04596176012495332,-0.012184074431348911,0.02139585400039477,0.046454188008603875,0.004116031289750181,0.0028001161894719807,0.024325019186575956,0.03172177876773385,-0.0012215085391304936,0.08799058013078066,-0.11263642811004693,-0.05755787039685661,0.027163653773370135,-0.006303684219082585,-0.0031720343639616176,0.0348027577122086,0.016530428404750594,0.038777771499034684,-0.015135582126208818,0.00820032085004855,-0.012765182816252593,-0.005231680956653784,-0.015177864610454955,-0.00018440115988998358,-0.007286076596168403,0.022862686366070188,-0.011762952776276668,-0.02336869652363585,0.004900224565128838,0.00965211682895322,0.018822452171920082,-0.002041390005882243,-0.00302005826498623,0.014111780129409024,0.0026446184504030504,0.014666259424243095,0.004870053474755,0.02007081504295374,0.0024464792185786856,-0.005613251435821722
Marc Marquez Prediksi MotoGP Indonesia Bakal Seru,sport,-0.07695199900173573,0.31517720420584106,0.15177631648698053,0.10358086177624344,-0.10684497901432645,0.02527468899485789,-0.046702948955962414,0.007710887578719369,-0.19587096680336216,-0.11425335355964295,0.16284595368195645,0.1705208129505993,-0.22678785778887461,0.026663855935053327,0.1633554143301251,-0.03594661903057037,-0.15704307578000698,-0.007930867855038937,-0.14204010009258153,0.041474058380477505,0.06884131274444459,-0.044405787055615174,-0.04018705421323591,0.021771708693666295,-0.05996844094481936,-0.16090810940174735,-0.023940603937909113,-0.03733007106059947,0.010358605181237804,-0.1484676484638494,-0.02922738011099578,0.09702539875168131,0.04742470941763067,0.07056662895231285,0.2144219570971815,0.07904021314230963,-0.04599198123436483,-0.07540963607426195,0.09075140180675122,-0.04891583398236735,0.026446585246107494,-0.033462592594448295,-0.05335529302985208,0.01855870525375316,-0.01520642270889947,-0.08438530982508756,-0.07443758402992177,0.05413472824850843,-0.08477860716095208,0.0069246423142661955,-0.014393292125987308,-0.09747624953855367,0.07969637726836076,-0.017895861147665535,-0.00801857148484617,-0.12870440437538808,0.11012009948124539,0.03587619319508678,-0.002489146246876016,-0.0597007959599104,-0.06682890970807168,0.07677856682781914,0.006498038472519891,-0.05803691801676972,0.05037897982450291,-0.002604313388181067,-0.06552739949484639,0.021719635439576664,-0.023488080857394466,0.011338860344776255,-0.008852701849298513,0.03207965270722802,-0.040481366870274996,-0.019173549933270383,-0.010286350710991779,-0.08138937645938292,-0.0003180023614532165,-0.07283203180517624,-0.003007107103443061,0.0049218446056199855,0.001040981317985342,0.03079628900556443,-0.047899163289025846,-0.012985504497081857,-0.027913587974751207,0.024153037496090334,0.0370062527264156,0.012439328350996011,0.014875756873278379,-0.0035571440068724023,-0.0005236104180063754,-0.07481045514923439,-0.02007068033248073,-0.003431198063300343,-0.04685261324464304,0.038850978643061695,-0.037860147286926354,-0.021565241976464294,0.05459625230466414,-0.05800884245643427,-0.0025743835599332248,-0.014627445836459824,-0.00354340371571576,0.03848999563132096,-0.008274123198769162,0.0249507958860701,0.020035988542778112,-0.02754860647773562,-0.004624306100016594,-0.04564065692685738,0.020901242503674422,-0.04520341760398519,0.04153700804712756,-0.03854507311199999,-0.0562721092699356,0.0321025858374045,0.005638326524646708,-0.026268514756889193,0.003977344742917712,-0.01278410179925073,0.03774129155994447,0.11663761704759729,0.02419180390233462,0.011207084454040084,-0.03840828508738972,0.03476051513460521,0.08101731110744613,-0.03152073437433426,0.0026903660100153905,-0.0029645307333250933,-0.036933111334434686,0.032211439738424774,-0.02290980542587869,-0.025901251114058256,0.006076704309463379,0.013948507965626234,0.045530848026460305,0.039665690175286934,-0.0031868282557776574,-0.0029723325492111686,-0.004102496053661469,-0.0873334365521123,0.04875551734170499,-0.08473864961909078,0.0027239677460603115,-0.009399317745369234,-0.04333614539382471,0.019559899386838532,0.03852365224700429,-0.00517902454974658,0.027922204413050374,-0.023634479506095322,-0.10455579205356083,-0.040353762801149655,0.051530201676851614,0.0015939479183325934,0.037498251250863694,0.08996458959052044,0.006851056434724982,-0.15766285065071078,0.03074424599059762,-0.0066683537244506584,-0.051104591756763164,-0.01554055525461587,0.043001938441864576,0.0013438189575511784,0.009964609426263274,-0.03355787809812858,-0.02473333201319639,-0.13353393163829336,-0.07909720583307574,0.17264859136679042,-0.07613600836557043,-0.1348626809532532,-0.020516962464236572
"Usai Kalahkan Cerrone, McGregor Diajak Rematch oleh Mayweather",sport,-0.10185047125143926,0.017651839169477726,-0.00286166920065393,0.1316195381133795,-0.036024317662776646,-0.12964791045443005,0.017423681103158294,0.034758396043557176,-0.08745830891789742,-0.08194171504989954,-0.07870060761953669,0.08628077726452914,0.020155285441827812,-0.095617062240836,-0.06521442908756324,0.05803437758843346,0.03774218949507926,0.09374022820284311,0.011744325087843243,-0.14802978823508603,-0.10917320564177985,0.026790435495148455,0.07998055458554675,-0.03633087837878542,0.12539819455874196,0.09057331901131868,0.053582566188287155,-0.011932893031084456,-0.09241011228675604,-0.03374887844969581,0.031059409157178367,0.1305030295043527,0.008150871127979253,-0.0033201125052913553,-0.03297277356023664,-0.15213551353060908,-0.03833131059556664,-0.1017106891871004,0.05080874262528026,-0.1735335697576806,0.009697751467856643,-0.08298409120547894,0.18508277974576243,0.1549572949690672,0.030799463628681703,-0.03440642154210257,-0.03380193124047933,0.011624850020745042,0.10277497304593788,0.02377760253929869,0.06495718486483883,-0.030106183258003676,-0.020326032468358072,-0.06899361564944607,0.07393429165818793,-0.07764078275762767,-0.014400653786698454,-0.08935578818851206,0.030649349628154427,-0.09486651257309826,0.18046650845620657,-0.02171470254550928,0.14088726669774942,0.05941998028268825,0.11027959529754924,0.00935600687379101,0.04174746451177749,0.021895716085278818,0.16765193707822554,0.008012725362987527,-0.10279396597913992,0.2134528987990201,-0.027651764492132448,0.0394099991140762,0.07494234068421873,0.03229933806720437,0.03774622308564895,0.08908921823118143,0.028954260401369947,0.012414451349859329,0.044641095141885176,0.040706899285369136,-0.0547432546941991,-0.09309029936057531,-0.04057274496993988,0.09836491152020815,0.03439685464522457,0.04952570348177188,0.05567862572820027,0.014528992773549264,0.04675795693792853,0.11764703610714207,0.11034250455596244,0.019447271602917957,-0.0948211572185154,0.07261047735583914,0.010095435923409802,0.07025600135469358,-0.012187397595618672,0.1049037124075362,0.02508687615698041,0.12375791342264546,-0.029689019583490506,-0.052371916171414984,-0.10264384123133227,0.07652179533908811,-0.06543900611467797,0.07061981344521923,0.14462693983268393,0.06830240409244553,-0.04885449012566439,-0.026545934166612287,0.060279753613503184,0.10666182714638053,0.01811323144117581,-0.04813776827758358,-0.08370479652490438,0.001507708928214569,0.15772692388469362,0.029840821294068186,-0.03614591544265027,-0.05398165402540695,0.011463875303937388,0.06434266289367639,0.11090775405799785,0.08053137378770116,-0.1526409942933967,-0.0074193108434033,0.06440940449638644,-0.0381588525096159,-0.0758280978694635,-0.15894547599006634,-0.0006488199464018479,-0.10706628253476318,-0.016552281063678523,-0.05835926321748518,0.06668719405264961,-0.09006254053640692,-0.17511440683156343,-0.02787826193775968,-0.0032009197078937475,0.034639909135660646,-0.0727832506246172,0.06417581847463046,-0.0066675005055442035,0.006733164452653612,-0.1113646947794834,0.006514975565275448,0.023194689475193438,0.04761880240834138,0.05940625531252488,0.004952122045383911,-0.02917647957249937,0.00518071527789806,0.04124721696964514,-0.019563556222830007,-0.02037781594482285,0.026275132272360474,0.03265446922744947,-0.10898444567306198,-0.06549819707295036,0.017888999230079864,0.006882301977556622,0.010770286890725032,-0.0719834686868216,-0.0049410480216563685,0.016377862975991666,-0.04184635695869992,0.022701776358757222,-0.0012274093741837693,-0.033087957919593916,0.04665481441723402,0.020546019153865988,-0.027314684079899558,-0.0051048072461512195
Negosiasi Valentino Rossi-Petronas Yamaha Mentok karena Alasan Ini,sport,-0.11528758474636834,-0.04906761014208487,0.004667873397520683,0.05073127039875236,0.017414481371464608,-0.04398941082337011,-0.07309753682343935,-0.16300691644329374,-0.07477533271135901,0.04217110481526566,-0.12278393234337856,-0.011049548321001945,0.17526624594920548,0.5003650480920583,0.12008281188289244,-0.14058990733200305,-0.01655021368410292,-0.07981012783206899,-0.06166409279432086,0.008274593899873475,-0.32857749501803846,-0.02740163021601191,-0.039269653039819635,-0.012959465313153078,-0.03772931412594672,0.11350283068630047,-0.021083655831600847,0.01846594716656307,0.04988583774536477,0.059144536234272294,0.020571453252315682,-0.07590624667584853,-0.04171379193967582,0.040772598962714096,0.006546075093722708,0.026864536550040754,0.10878533939824858,-0.04730883296685612,0.021007978891582204,-0.03253217538521846,0.07847589347027374,0.0554556184818421,0.04092254108079714,-0.03717473591521552,-0.0010690228530812185,-0.01076534848094393,0.011594617177967614,0.015413201728652778,-0.06071599700206983,-0.030107870843324513,-0.048414368873241256,0.029700670902452483,0.001458454501500664,0.004329362612199366,0.08626965195136817,-0.056966395401172945,0.06090591754213144,-0.07429367557169428,0.00194653183316172,-0.047268673974432386,-0.032673120980680315,0.011958527365515217,0.014529328820754132,-0.018196784545157316,0.016315619880785916,-0.018625451951090326,0.007378799314336269,-0.02494237610728837,-0.019989020466952234,0.018511980169300626,-0.018819775382690924,0.05838424247764948,0.0561809775287165,0.0396892634157277,0.03216957451444708,0.019762905769842933,0.01722073745379789,-0.008749331046230189,0.02782345600727181,0.008592712723213767,-0.01099194524349646,0.05256421498851757,-0.047278869546890645,-0.0744810134876736,0.0705425344706831,0.11599377189469645,-0.008264461119907746,0.016597832115820155,-0.08337654579371401,-0.0021620722139922013,0.13502518932651228,0.013800274069350334,-0.012031986385492893,0.0037233390444752048,-0.04249321877719999,0.023359975819337728,0.002152543714101169,-0.08146826682570715,0.011204530906809774,-0.019315274435714787,0.03650923448233823,-0.04825483997741538,0.09270264231738791,0.03336376818300831,-0.041673432122137026,0.03149877066781138,0.01982042457452849,-0.015458148179039025,0.012288926378782063,0.05667451172934061,0.15575844068103917,0.026883951180629834,0.050247859922465395,-0.012216633203322669,-0.04387803043198127,-0.06266046438919051,0.03308642099744232,0.0384324440684292,0.0248953164020268,0.07628854414625642,0.06377917742495116,0.08412304628647897,0.016457295839953173,0.07894219759737268,-0.04938072643613923,-0.008154478628761246,-0.00888435335535127,0.038228903820826145,-0.00802892056118661,0.027138067154016825,0.02476686390040934,-0.033595128007422634,0.04523134796271216,0.03099844930401073,-0.07626883978289509,-0.030595677958139913,-0.0031379274200493395,0.03219201231087139,0.031156889796615347,0.03252757513322125,0.0649644691421756,0.05315700211290297,0.038862398106101016,-0.03240112369209049,-0.09480905884821687,-0.03424691176623954,0.053600540254152756,0.004251985480793934,-0.03177701193138592,-0.10938146460235122,-0.07926832629998452,-0.016468421602791487,0.003510594203251253,0.03757830010709377,-0.010322702139869177,0.016688882450158656,0.10283651342470403,0.03157356452260235,-0.0740986784487937,-0.027502740617510388,-0.05098609035674082,0.01825675820610348,-0.02728901247502064,0.03313682186329967,-0.03785111847487961,-0.054709496936820506,-0.007426853915234911,-0.10784104947477455,0.037254169244508556,-0.010751304811008645,0.03474719669142573,0.03456413777493791,-0.058804700871529406,0.09204687455197623,0.03978961002096493
David Beckham Pernah Mau Bertarung dengan Conor McGregor,sport,-0.1006567812262118,-0.00761211916325985,-0.06362618282696184,0.051948693176134625,0.02761262290043419,-0.053098124352961296,0.06173337997851537,-0.00977197890648582,-0.009964808900085187,0.034728701886657797,0.01468540134485947,0.0012595636376888854,0.04932538458553001,0.03067442665649596,-0.04379998545723844,0.10051940485391299,0.059423747275105604,0.23815664472120068,-0.002812681753515621,-0.20236672126286923,-0.05370288890503819,0.050360792290184433,0.10149018289183429,0.17704747884614258,0.11813805826157688,-0.0458887128643351,0.12846919364197235,0.13932947744814647,-0.03267173983931206,-0.19796773030736545,0.2099761214179851,0.27445180560526544,-0.10450440389324597,-0.019516867983378035,-0.14934596257621338,-0.19427457186863528,0.09614486970399039,0.014264036624861332,0.08743613950237449,-0.13048332901306595,0.06731281529955106,-0.04433767088252459,0.0073095255178343916,-0.008659430613558504,0.040791769744910424,-0.0754973459966725,-0.09937929984786416,-0.029741396242260777,-0.06980620088421567,0.09992792276330115,-0.0024351447587032484,0.018664121208325793,0.05960028110359955,-0.12727736626231598,0.022028627962017808,-0.001843023812891533,-0.04866378545479498,0.052215246571116467,-0.06096433979234647,-0.1293864028158765,0.052314171689191356,-0.0015716772938178657,0.03204472223688414,0.03789627447265473,0.03271229103153143,-0.06021095221382845,-0.03324321608391286,-0.019083504067757932,-0.07877430280697084,-0.03245905108738162,-0.019305515377836542,0.018202551872422118,-0.06945315310389445,0.04950206330172072,0.028923552291631637,-0.05700492789905912,-0.018765843908644768,-0.056609698054060326,-0.02564249948429654,0.03273441371288506,-0.03026838674703374,0.025276728495008054,-0.08358039214674386,-0.019963345477471528,0.034586390366390635,0.03654464406985223,-0.021189129932195915,-0.02393565544759069,-0.027924979883564113,0.023658657377719012,-0.08087878539787553,-0.053787879156660674,0.008774497211429916,-0.09558238803045878,-0.007701313053057078,-0.08420203294430544,-0.008794640398725712,-0.11352160206378985,0.1841653195082922,0.05878696470202448,-0.07678885564585833,0.026667140487139678,-0.05757775776197095,-0.055644761318200446,0.07884965688953714,-0.013481454385760969,0.06472795366927289,0.001139976100178672,-0.047235351776444695,0.06719249404901437,-0.005382689267259845,-0.13612536451159474,0.038564180594050326,-0.16882345531028478,0.004174251268513034,-0.05848844300201386,-0.00536598805666545,-0.03043125327011546,-0.041280078087141694,-0.006745239822209265,0.028459582945446364,0.08147169621531031,-0.04214227651378138,-0.062125460579493565,-0.07924484063608407,-0.01864596441323407,0.03267649207437763,-0.018400694479405986,0.016355640276633058,0.026504344357310385,0.033538251408437164,0.06937895858733273,0.02285183774845428,0.10575317124275793,-0.035284589588409875,-0.01534916351798537,-0.06418729653875362,0.01629705249999625,0.05568204240930433,-0.026104943004472348,-0.030675001214795192,0.018563512525842134,0.04514255166883786,0.026202614252551878,0.03762575643946432,-0.008988135103310542,0.07729381833427491,-0.011066813932444597,0.0355625224023854,0.02261188922507503,-0.008849406201657228,-0.008841862057324212,0.06627743162566666,0.015948627202441792,-0.019439920297491496,-0.022359075459015297,0.030379346709077236,-0.04940645449130791,0.0067210626638545415,0.07328633336298815,0.009004288400511302,0.02981725935399507,0.04251949061953683,-0.029587550766460982,-0.051278674247962085,0.048546332975473935,0.013767875670998467,-0.07074416474354761,0.042178024250680485,0.10373178114198858,-0.02030694245687956,-0.09323088135038697,0.09282888702782616,-0.08848008754551022,-0.09055822994426402
"Pemasukan Menurun, Bima Perkasa Tiadakan THR Tahun Ini",sport,-0.07303232078124866,0.05057420214254552,-0.017309928420777096,-0.006596567314161123,0.033583966846527515,0.02197998882872874,0.03128873014925501,0.015943341897022196,0.032428078794583655,-0.0430047977297034,0.15921725862128927,-0.09242570134241286,0.03190362277268456,0.01688159195301202,-0.008975699465327808,-0.022954634712633714,0.20830240918799636,-0.09710547794461866,0.05177742717511135,-0.01592904423006114,-0.03729494947102858,-0.008584875183312453,0.012450637829380495,0.002112888975209163,0.02787955018867071,0.007243028086998439,-0.02567406061743354,0.008400980067944581,0.06871506435571215,-0.00763495048529787,-0.051764315382187405,0.0032526065479881105,0.04941465204648677,-0.007793349831772545,0.03181221046470319,-0.006797762297519757,-0.10930262970613695,0.0743488730456717,-0.08811375944162456,-0.17669914583173887,0.02498596409787086,-0.06691227335524903,0.0378174809123854,-0.025370978293997443,0.06103043182670754,-0.01124745449763498,0.04128523793940567,-0.019021614953729154,-0.008264194266777046,-0.03146725342770939,-0.07161020704689434,0.03746051807977592,0.05948912293882043,-0.07878315822463011,0.08245657267504697,0.0606658176095789,0.010694303880585405,-0.13610526367921666,0.001750984251007416,-0.04798613616784085,-0.10816638573354334,0.10263166442584896,-0.0551421788475134,-0.1768430870956657,0.12114221392829554,0.03767601869478875,-0.025617428382981495,0.06983895908047796,0.058908641632904414,0.04790043566852915,0.09642966293084904,0.06188804562623005,0.10571643660393996,-0.09132883957807407,-0.15983124738511073,-0.0258186097948772,-0.07072769742782795,0.11154516049025945,0.07339074725939018,0.06427767722953051,-0.20434926024662717,-0.14686043612103578,0.0202469518413225,0.10217437231704103,0.24145921027222927,0.08027079655671503,0.15616342281940493,-0.12433421163911759,-0.003664393017239541,-0.2584042246151488,-0.19254660557360384,0.07449574692562987,0.12070841095943619,-0.00980383196282252,-0.17676570526902488,-0.25772860542162224,0.10043823073052005,0.07868767718044029,-0.0523091639338087,0.0364278362256461,0.07511833111676307,0.1237659037333538,-0.027736314225617675,-0.04000004493281982,0.05314968957424592,0.10866386714025893,-0.08610585721455834,0.08526736465815139,-0.13591437445683427,0.037537044002318845,-0.08973662902431682,-0.02481619916327573,0.017853921341035455,-0.03585244222315996,-0.07366261236056261,-0.030706697817929736,0.02029387190145424,-0.043137647725809546,-0.11783448430808284,-0.009830420235969766,0.021602415855173633,-0.030193203870166208,0.09357615934501888,0.08396841895647604,-0.03431366708804552,-0.06510222189187952,0.02369254159983775,-0.03843593221846205,0.0037116089880283695,-0.03256626355081592,0.0026510455321444282,0.021251155628497463,0.008725241248144009,-0.05022250365313077,-0.02972874646402404,-0.06685842666914099,-0.011612046635330308,-0.0029361399839886314,0.02144870509322594,0.07186845807021178,-0.0033602112071713084,-0.02632488870391571,0.035734683767555876,-0.028203092576287173,-0.03413773319873637,0.019491822939332246,-0.029864402672471216,0.02134295104334213,0.009722923030043554,-0.034557168376379656,-0.0021448662420183087,0.04708472697626203,-0.012237981937035689,0.008250016297890215,0.025840554863292182,-0.020031163296830138,0.009285375793286048,0.011284152701022388,-0.0036917553872269,-0.019696558317671288,-0.006483656240889196,0.011563200031146508,0.0029244062525081794,0.05456232096849537,-0.006996322518453982,0.005499194098659825,0.0069853920581375364,0.028169850148553045,0.00922476531573265,0.008445766704092576,0.011237206097441266,0.03863604071272269,0.018558339311351747,0.0019768184524103652,0.014189760964784616
Zlatan Ibrahimovic: Pemain Tua yang Bertenaga,sport,-0.06337854910961246,-0.029406381858596096,-0.05571777325482024,0.035964403123556775,-0.007171770312977947,-0.044439393876061044,-0.004389903648331043,-0.006646894495484977,-0.003079620933562778,-0.024021882493135936,0.04391194096328495,-0.02980448375112573,0.10093583115500228,-0.14504490854375277,0.04556199133447934,-0.0808048681060684,0.19884141583650639,0.13929453501960015,-0.06707927848125661,0.11236619431705035,-0.08368673452955333,-0.16048331950410144,-0.0009502106671065914,-0.1842077315577834,-0.11822690020944183,0.1479823212185739,0.011553476964867398,-0.02808475641455658,0.0232351429056295,0.030163837730111512,-0.06370769150594394,0.12450644610958347,-0.1091193389155055,-0.004705467250398864,0.025686917917813017,-0.014834455737508417,-0.018549638109669257,-0.031157111473760064,0.0388130982460762,0.011565952599155148,-0.042066443760480604,0.05298982072249229,-0.2023280891769339,-0.04770116164625381,0.030358450369025437,0.00989420752348572,-0.1455336952216516,-0.05594650462961004,-0.06477455396383469,-0.2050132058968467,-0.09034592652888346,-0.08698629351458173,0.033010710965263534,-0.010079597457096858,-0.03098714730510615,-0.03297906486885441,-0.03329382582796252,0.11950311057578161,-0.07028883135403508,0.005974261150646313,-0.05683423509109185,-0.013878684167589672,-0.056557310923233475,0.030411948546861252,-0.008013509341424103,-0.07161170427587299,0.06193326570141522,-0.08178731006694527,-0.07078269291092104,-0.05573662259643685,-0.035004180989808335,-0.021483064419875752,-0.0634311106516766,-0.009809902596956807,0.07376225180910426,0.004902639091374581,0.19704755503298527,0.15960393219080876,0.008474696068099087,-0.014946550391626021,-0.09785288543986957,-0.0851990519658577,0.03683347270624517,-0.11227698061175821,-0.09042287060408673,-0.07289946174116897,0.08271952481193666,0.01406190671311408,0.057610052515815795,-0.004997303049328839,-0.016536639405389787,-0.1839006510789289,-0.10556803544645497,-0.12638332894044685,-0.1806485951060973,0.017476194415242497,0.10039894992320346,-0.06854225692671856,-0.07890173460347946,0.11946028642562394,-0.09336475526782437,0.05834885980696418,0.09663070085970896,-0.1286794262242864,-0.05108786907452553,0.013316919222958211,-0.09351463001803792,-0.0751874519687953,0.21915932054041992,-0.06785084213101679,-0.04546416713884268,0.05145683981750578,-0.016670961534557577,-0.04928320864967596,0.0007145848410954909,-0.016235711447538076,0.026062543532497866,-0.014826019734793881,0.00506130010878915,0.007700853555488516,-0.01799978202521496,-0.04154187744836781,0.031812156694780346,0.11719465845931343,-0.04273209527343411,-0.008816416086802507,-0.015800569705648707,0.0185431223920099,0.02326104219783797,-0.09788592678376266,-0.03978300289113055,0.07237187752991198,0.059007128645953144,0.02124092169247506,0.054758198333575654,0.10047624691238694,0.016029904338713093,0.12966619464651036,0.02454816897197299,0.046038787280873655,0.035968848291425014,0.030929357404316845,0.0441156542787229,-0.020524699680177647,-0.011447930415774056,0.046901179437041224,-0.013537723413416882,-0.0018385196428449637,0.05523578124994649,0.05865965150369306,-0.043039345692400255,0.012847813850803073,0.06545531498623017,-0.004902259136227156,0.038360178573555184,-0.1251379956284751,0.03469727733098078,-0.019988022245100604,0.008280203902487083,0.0006212493103298404,-0.04972290751739307,0.006192894360321419,0.008682171143432494,-0.006928894316681926,0.0030616208458520812,-0.035598540393055815,0.027293356108073697,-0.02942053029111065,-0.07574830109155953,0.08194355473371495,-0.05588855169752167,0.0566399533405718,0.03551008121098656,0.0011294911547092288,0.026990223076331414
"Pandemi Virus Corona, Penyambutan Juara All England 2020 Ditiadakan",sport,0.11621068790898458,0.06241934117251653,-0.012364512632397087,-0.41060561512610394,0.10083751391945943,0.06188571699244924,0.1750336850287203,-0.032685986596496845,-0.034630473139956215,-0.10158912535289875,0.1529429179742967,0.09942726734506727,0.06184589598029465,-0.002995909552832514,-0.14855778487170843,-0.05327842071941805,0.17728925139327412,-0.03698195899434672,0.14967233281624306,0.041106674344961416,-0.09478979140740897,0.03496042055014777,0.07087562568026679,0.06252455204377912,0.11504407330316607,0.03460424663547304,0.08074178679087486,-0.05874169510708512,0.03168977659142049,0.07784119671340223,0.028692599967733427,-0.021476948259604403,-0.05690257720620059,-0.06196727398749536,0.17804788890044598,0.09184169047983673,-0.12069908109118063,0.10830718603848147,-0.02669281260633033,-0.18147420139697384,-0.0016813259880782202,0.048179234486953736,0.09474244489684891,0.0462051908652857,-0.013056735078058037,-0.06394471151525537,0.0056072180452115756,-0.008318413387345028,-0.008474408366204495,-0.028665088442870044,-0.0230231583782079,-0.003176130422497069,0.000662001505777009,0.05630719397179785,0.06773620989168055,0.1151389549456546,0.10172477011167103,-0.07660360893195595,-0.03353566256178764,-0.0073427352749104256,-0.08358463625396295,0.16689764613602462,-0.08917843223200586,0.03254786867833042,0.04936897559164271,0.04893279999457011,-0.04346087251631497,0.019616634156896972,-0.043623862922199,0.03075762422985664,0.007594167984164032,0.07352772417279234,-0.03845012183661929,0.030242006380303884,-0.06357758949056726,-0.028019042748044863,-0.022751617872791605,-0.05180973606574794,0.0433917552806296,0.023192541775382894,-0.0038045772907133618,0.027091065096185377,-0.05254181709640877,0.01122706636680445,0.00628330273329363,0.007980131765491734,0.027403123924540914,0.051971581592347695,-0.09004743218835698,-0.03377287095937642,0.004918382848930838,-0.00033848230564526477,-0.04211387852439375,0.00739983095022944,-0.02181767329478418,0.015375474928769678,0.041375993806894586,0.005848016625404737,-0.03964917715634809,0.04872515273597518,-0.03404169202207882,-0.05935700542797716,-0.012968205685737685,-0.034413013940894535,-0.030297414426718444,0.0349106016216071,0.04883462178842022,0.07533768262612973,-0.03903112378813354,-0.016701667539912805,0.05839631603308883,-0.0030298552777081014,-0.048692673097411494,0.02433792397876421,0.01105834923961052,-0.03891264808538339,0.02168989815783998,-0.0856686911225461,0.0759151467024418,0.001405230497240602,-0.06308462617313758,-0.005174976059481825,-0.020221069344679328,-0.01993175402018993,0.0001227700410087564,-0.0039343453669284,-0.008140084803735122,0.027217774716840077,-0.04220913295773807,-0.06495800421566628,-0.008415802554784585,-0.026933055479176266,-0.034159375177921954,0.0443717658658063,-0.014816551515738413,0.12320276016968422,0.012279344426214122,0.004146390222431485,0.035507263534794,-0.08890474297272523,0.05579726983394409,0.018895561139915414,0.001680651823627413,0.0004982215843403741,0.059552371952898066,0.026015166781642958,-0.0055200195841078915,-0.06695015852645997,-0.01199053680208255,0.04121983547230356,0.03726042721162699,-0.0671679108754761,0.024320442055465113,-0.04491054930975305,0.006186836739991161,0.0010191693052721414,0.04882607064475379,0.0020414048048199075,0.003032222926673708,0.04552895078912794,-0.025513953074230773,-0.004575321630577651,-0.02079937480827877,-0.10694127178350263,-0.0028962465780934927,-0.049343393848661744,0.001865285641538662,-0.07516481669966045,-0.004227602647095645,-0.05237848101138995,-0.04100215630434973,-0.08273958005067723,-0.015607100264463438,-0.05321643862263684,0.00027534387947347495
Quartararo: Saya Tidak Mengambil Posisi Rossi,sport,-0.10004470494311353,-0.011257990642825726,-0.027736042096924245,0.008196930587046293,0.03625436981273931,-0.041520610346197626,0.013848879075125635,-0.07460422997176733,-0.015796383418893167,0.060998994009228015,-0.07540006858111449,-0.00999415163953675,0.12299498116252594,0.2687938070945014,0.060344914898949956,-0.08777150895732215,-0.017129351247922354,0.01353791118236253,0.008749480415853989,0.017838059935968195,-0.17230965286287936,-0.007198820180929344,-0.02596054048185952,0.0595977974203218,-0.06429531707173812,0.039032538072333235,0.00041672416423546,0.030911508339798808,0.007547037809873833,0.038233396702208065,0.02116450019684512,0.008661938967564784,-0.03180196915667321,0.08859324117560723,0.06829637791857879,-0.03545401245694701,-0.005077330348949502,-0.08298504698933196,-0.0269765750445161,-0.020114526260655487,0.03801815402008745,0.0053850114501576936,0.10374572881657443,-0.0014207766837096914,0.05603381099313381,-0.030426601099150186,0.021058284762332118,0.0411261327105575,-0.1499052009686507,-0.013802299140595069,0.010488176942755582,0.05659212124521459,0.0751536065186505,-0.09467719558139139,-0.0051244222782203044,-0.040910257729791295,0.18092188908129023,0.07874735727319242,-0.0628161250089404,-0.04320063310152355,0.068581087002327,-0.03574867523123085,0.0022962618405469068,-0.0017500757067167253,0.026824568831465872,-0.04118161530800025,0.1897879809898132,0.15441604556426106,-0.03088112704801415,0.08709072949914567,-0.036434442874954696,-0.11688808246636097,-0.12441420581694525,-0.067636387590395,0.16514023745475126,-0.0086553077295546,0.15427864961011967,-0.06559454835577853,-0.11211119313103093,-0.021138413504813457,0.029115292681757127,-0.016243025111297712,0.06610623201526283,0.3714219131126077,0.010224392988682182,-0.13584178807745947,-0.03727420576043954,-0.12050225788730097,0.01986321347415755,0.09764706621635308,-0.18410582156703226,-0.04495487668781488,0.1364765021878971,0.08958497331121333,0.09824352751443689,-0.018118251729007023,0.0020328523555586332,0.19281398116931003,-0.14161383560416282,-0.0891464140345552,-0.001316069124910418,0.08678783960245692,-0.01445328709596448,-0.022273037428805206,-0.05241322541815058,0.008533291688498545,-0.05103315101059707,-0.016184990562200977,0.04880577869407903,-0.07393180698034839,-0.05924398469562957,-0.08582728964096852,-0.07919766180024722,0.06105561693405624,0.016933434531632312,0.06783149309352618,0.06349598732475545,0.013507054383064253,0.014848232736164552,-0.10226485323238305,-0.0003515789948154181,-0.08189825949637485,-0.015011085237776512,0.015088333398087765,0.11988312013260155,0.03616700921775825,0.06824291482104725,-0.015217387287389816,-0.08440634660194425,-0.012696361053879501,-0.15854347211910116,-0.06262114886374681,-0.01830873932912542,-0.01563568943496727,-0.0144985948223177,0.10120407730432546,0.03277796735888511,0.02880421332488796,-0.015296889094314545,0.027975403256149948,0.05366714082723584,-0.004469133093692394,0.008342805423241019,-0.0016382442234532265,-0.003849794002861468,-0.007499126614821549,-0.025195938740527342,-0.0013369468723819495,0.08692187630994692,-0.053876414802811634,0.008077645233337379,-0.026722773948584,0.004757303126524893,-0.0659007887196571,-0.003362722400836988,0.039696822968211816,-0.014628356670608902,0.051120099342873496,-0.002149092661249889,0.047349143796227795,0.010746157573748154,-0.0454372665761642,-0.019084249067706026,-0.06940241535571925,-0.009132706303243147,0.018245148993937355,-0.0245933131515952,0.013584566152973375,0.03470396243082749,0.03780454106767138,-0.0451880371552452,-0.05387798720475122,0.012174815998258608,0.0011242513015909355,-0.04214630778654952
"Tak Terbendung, Atalanta Eliminasi Valencia",sport,-0.09788989599331602,-0.02531692961614601,0.13134508565143968,0.04546366866350792,-0.0882047732417702,0.02373403173655001,-0.032235181173079774,-0.022982931168274857,0.08159946027249598,0.009428577020830324,-0.09731332509174528,-0.019772569296235196,0.05523077675744438,-0.14671245218234533,-0.0037614058365914235,0.10556597378247567,-0.03392818916012034,-0.018360063179111416,0.11997453996441605,-0.08086648933177808,-0.07650175892674857,-0.0334720976046576,0.12093792421783714,0.0846255893864621,-0.05224414705273782,0.08829429883994427,-0.12349280404956497,0.0063881072108999595,0.009598792478975987,0.08891337428486207,-0.0856898698242804,0.007508560199675716,0.012876300412866073,0.08873339933519013,0.03263990179657853,0.0561089838931052,0.05995229025004498,-0.12450214128947804,0.15016086203994225,-0.0765959810657656,0.06979833393203792,-0.0003394681381353923,0.09340767723622484,0.08416893771954402,-0.03322179025611767,-0.03065198575418899,0.054801395913143015,0.12396305903646387,0.006228746703169406,0.07433224898735984,0.02110142735374059,0.12390431692960865,0.010330037903680893,-0.04309690468691597,0.055528377185150836,0.029443282427855783,-0.026883113282428275,0.01689519432768783,0.07155931531277908,0.12909244404358086,-0.1648750596340238,0.06671232248774371,-0.2323630448112987,-0.0803520806429709,-0.1181956049305079,0.0315934510276228,-0.05013347087941391,-0.03433007895892265,-0.04876314178807944,-0.06860613912627118,-0.0008356136032555111,-0.0949042751660157,-0.04458514299162835,-0.027228821047546193,-0.07625246967250095,0.08254175478372286,0.09550824508764626,-0.09336375604609093,-0.07783667840333619,-0.00837718683947552,-0.005377247997371946,-0.09953651142936222,-0.06782530656333248,-0.001313354253121113,0.07527845925751861,-0.05419545653599696,-0.12787407860189828,-0.053627776343614646,-0.01939527929926305,-0.018364785166650723,-0.11589864738505536,-0.08645399126434762,-0.11727871690068256,-0.18313182133197353,-0.09478977070763817,0.08025056707918604,-0.05225358180542469,0.01395923352004088,0.20539186620838493,0.10825957718041437,0.06771874610516809,0.1337135987601157,0.05044769655244991,0.03594436941339709,0.004152500709760162,-0.09502239250089427,-0.20034013428077324,-0.036613138103256206,0.014310681382063255,0.06835129271064687,0.22983580831282008,0.062043964220732106,0.06855564001702145,0.15367229206177782,-0.007689759127427339,0.010279817738326183,0.05662876586268963,0.017609468720663966,-0.0671224059235945,-0.11397726026561544,-0.027755486536583204,0.02631819151172155,-0.09617128179403354,-0.044333750626673135,0.07835570332142687,-0.013456465130878186,-0.019133046257584534,0.0513019985721827,0.052231060513184144,0.003911724645682312,-0.055764640761397304,0.02829276320495399,-0.12383604974093523,-0.0077528735289234514,0.025577596252459853,-0.014370106755007122,-0.012776954734588931,-0.11339982278353014,-0.010056486047467802,-0.025261830421109435,0.010606369862445864,0.019831314195981872,0.07372083941427682,0.05141291624995655,-0.002043812400863865,-0.015244218750112129,0.02931227928120496,-0.007659268900895827,-0.014956159947565162,-0.0030452753497745336,0.0806917257762564,0.03153383678914512,-0.03568970644616391,-0.015056271476844274,0.05019488318323238,0.05190293078468908,-0.00015521068716412153,0.04854066347658526,-0.00836488826089309,-0.09107653188635065,-0.002978154680692321,-0.05758634023694804,0.008183111911502132,0.038750467827767504,-0.009354854926613842,-0.039521563667334766,-0.0286131346554301,0.003979986615127131,0.03376428757436366,0.045577486976883234,-0.026333528062548964,-0.003583046438796249,0.07826175132101854,-0.05646844425861083,-0.034538143153245694
"Dituding Pensiun Agar Terbebas dari Honda, Begini Balasan Lorenzo",sport,-0.11761130077510439,0.026768454408492535,-0.009324449831555476,0.1523795527992597,-0.07083667078540673,-0.023626848173619153,0.07827757411771331,-0.06129477600823942,-0.12809905188646803,0.0016176118427561029,0.10978512506629953,0.18635306308306115,-0.016091577981921006,-0.017265317039451403,0.003771421384759293,0.08639633981950436,-0.07450881301619942,0.11734458160104376,-0.023412824266184167,-0.16457829381724767,-0.14466068204085977,0.05168794358872544,0.06686413620176539,-0.03847174344739037,0.15603940578205483,-0.03629902226739837,0.005335321434804743,-0.02889321634562553,-0.07449619629689838,-0.09940600250585589,0.04307225893677276,0.02537439965787138,-0.01987372819138729,-0.0631636238317341,-0.02758842670408915,0.050842352533628885,-0.009449793645650949,0.19228196823963883,-0.047934470641735734,0.05737982300466652,-0.07511704547857895,-0.022590387356850115,0.03499933774449991,-0.21195446643151233,0.06176382146742663,0.1517683061400716,0.07140437217387297,-0.15008715904028638,-0.12808342063144534,0.010112676524368073,-0.0073911255695076825,0.10998009729598066,-0.08716648142913602,0.09903302672860481,-0.11141486234643105,0.04694215642909038,-0.04185300207199474,-0.02790985955007331,-0.07294682811178693,0.14528956909787646,-0.09477260228460359,-0.05081068556337412,-0.17324291425769614,-0.029538542542455002,-0.021768165658477008,0.012842566734617502,0.028164314370937603,-0.06493667860924869,0.016209778950303403,-0.061309497695520764,0.10544430180456167,-0.09276271818079669,0.04622595682388864,-0.0840364152572826,0.008734073781689285,0.1723426942733142,0.030310088409355063,0.07193714510865577,0.04103406459075475,-0.06288494280679378,0.027570416119385734,-0.08137444254758879,0.08718709900314904,0.06397827508223786,0.07057931556561534,-0.08349591726252337,-0.0573080001404895,-0.05596387047441795,-0.025949674475146168,-0.04389169865333769,0.061765029677463244,0.04233210593762809,-0.044767707044224045,0.04270642685069116,0.035885948541058914,0.08122594123009436,-0.0006221303590311714,0.05828271953763877,-0.2289160737616207,-0.0004153080695256584,0.030283359427306904,-0.09431262775570368,0.07425582146447812,0.03890375765257243,-0.06431922689735306,-0.01903511823694278,0.03676157211999079,0.011958909541139616,-0.015686628813246218,-0.02858682618769494,0.052413984466021406,0.11416310384168406,-0.07283962370410961,0.14953582203895172,-0.05253793874273347,-0.005212500671561968,0.07492224546928397,0.019644303857040038,0.04171981275327685,0.009357636674564272,-0.043684729204693414,-0.07303736923502471,0.04518154597271192,0.02815595327353099,-0.03213316341698394,-0.040643138533196684,-0.04671064070432998,-0.006489705712796288,-0.004556836906020597,0.010311206703115756,0.08537615656989438,-0.04021126051553584,0.059652770145475854,-0.047342266848427954,-0.02554596462451137,-0.03053943249979765,-0.05220734654865346,0.0023793290794870007,-0.06785195486985528,0.024429597230575868,-0.09293158894838591,-0.05425082171463849,-0.016944577089676192,0.011738001641753279,0.024730807123070242,-0.022398945460663955,0.042475907486735104,0.012290254036322288,-0.015508048618507598,0.017001375883301813,0.044927159603334925,0.003913904091676637,0.017497519921451883,0.08147873392841169,-0.029106631010540705,-0.03603710345607848,-0.031487560682959964,-0.05001475122804474,0.037038150603313225,-0.06155315847694825,-0.06253486379569537,0.10659601059789625,0.06763608224740644,-0.025889789289693477,-0.12507571494431527,0.10699886502289066,0.0009086701899842297,-0.09699106809967166,0.06897769548844802,0.030886527795921596,-0.012203279742498706,0.03384734296595391,0.04458992257770442,-0.14416172404879526,-0.040608706040858096
Hore! MotoGP Indonesia Dapat Kontrak Selama 10 Tahun,sport,-0.05307808332630704,0.30154051754677985,0.18737327654041228,-0.02971774199274942,-0.10422006899774028,0.034940801905734155,-0.026008422462462863,0.06802742504996441,0.016466198640896507,-0.14390214177608665,0.11499977191608782,-0.13996123315945339,-0.18090310248644376,0.08449898338656187,0.15044309061668515,-0.04315322400877551,0.20221354972307642,-0.09954757631149785,-0.04873102012246135,-0.11869701527675668,0.10551990584135318,-0.035193718626064144,-0.04411040769804386,-0.030274129117158773,-0.04056915602363331,0.030895536492229005,-0.0707675810315639,0.03042496574103161,0.08896724623975213,-0.03302257934106474,-0.06438366501674019,0.07660019730628442,0.006079168859796626,-0.0004438452067124253,0.008338780454271737,-0.0483679133032982,0.027793516998697095,-0.01171267378566971,-0.11649367072006302,-0.13958055858757507,-0.015701797999009105,-0.16944363197265755,0.04662841935096781,5.438515692636843e-05,0.12495869220368802,0.009405718685488704,-0.0006428460986347153,-0.0044951077933180535,-0.08426718853643708,-0.019242784140795933,-0.08275375545522393,0.019788921448797958,0.02483664742016998,-0.11645799978386977,-0.02206105353712551,-0.04752880561492084,-0.012947106269052355,-0.06561590989123174,-0.021622512874710377,0.013005946723543535,0.03616548920109518,-0.05650364886647173,0.037829954677804145,0.010019020976532575,0.08237130050361385,0.00043153126422234835,-0.01229806550884674,-0.049811873151457395,-0.007109950716836944,0.05523687726914498,0.03213131437276073,-0.14756311540368386,0.08554075824128726,-0.012094233591599326,-0.11967738557267998,-0.022235464977213674,0.018175459910707265,0.015420401955621594,-0.008360178577340604,0.021978330708999932,-0.06463812705768739,0.030506691747496355,-0.025159725249919572,0.06408631730366242,-0.03211819231750215,0.02102885862736672,0.02481828602720239,-0.008981041770495706,0.07055380934771692,0.029581206750960147,0.0993831774616687,0.02995479775827582,-0.03265008749096127,-0.0327987682234406,0.0659347332424949,-0.02206806128667662,0.04948782787131622,0.002443749008019438,0.0035971163650450905,-0.04119027456976666,0.09158155694997103,-0.033911034787740865,0.08795986695861295,0.05414715369603705,0.01779794877363261,-0.1042219522019483,-0.024196015925902595,-0.19556567619392384,0.07462999076213579,0.025854738719393065,0.024995417945177793,-0.020686253634098168,-0.024934986829748124,-0.010215243652223637,-0.01582737356255533,0.09369419711340893,-0.02133146908018827,0.11348465062723795,-0.042936064305365645,-0.006977846326994856,-0.00844121716043131,0.08503838800784592,-0.03825113579356056,-0.09320984281660191,-0.04346161906350581,0.11693875831574883,-0.005449192054581345,-0.013346742364059708,-0.06948570229514602,0.05433333281072786,-0.017665307839425097,-0.02245414905713744,0.02885343288488676,-0.011887390239702434,0.025665281478763798,-0.06566533453128648,-0.033546743592880776,0.049930116235648116,-0.0982784968477147,-0.09956892809151595,-0.06396579812305987,0.015274795412693718,-0.011334901212519823,0.04337583758190079,-0.009611932426640034,-0.03274892412794733,-0.07553423437408961,-0.01482167679021356,-0.00855385345928117,0.07330066961030511,-0.06559293108077681,-0.06170409356653484,0.05811935509046692,0.1388239295901975,-0.10712021382936673,0.07035566300592544,-0.016583903636990697,-0.05946436011815136,0.09182396179050145,-0.07482854848241394,-0.022443569131875712,-0.07255622411842848,-0.03844291750445101,-0.04541857452121881,-0.0033944479334210233,-0.07329970321814247,0.07885251422496214,-0.03204953509281453,0.10900649169484299,0.10481112663493684,0.035145711034275356,-0.07573073060868055,-0.08143591300672666,-0.008606940354237856,-0.028844906530198982
Petenis Muda Indonesia Ini Masuk Nominasi Penghargaan Bergengsi,sport,-0.031657606604715484,0.17415433687860027,-0.031102205567324806,0.0008603512559869599,0.028005483695060385,-0.023211279948975067,-0.024563439622383006,0.0851874699097915,0.03435156994977181,-0.08971836367595523,0.054819749734279534,-0.0685299006001175,-0.04976177896251744,0.03130868298463431,0.12398494978443673,-0.028671847145823836,0.01640730370913758,-0.09699845576271035,-0.06068853639953071,-0.06022561749224804,-0.004219758984696054,-0.10899969272041493,-0.015553445236987661,0.08646673699147504,0.01860896271013159,0.02267483266637206,-0.04169726378686193,-0.020496767511955963,-0.005488787650428937,-0.07383220081321092,-0.05050363833203955,-0.03803033882519885,0.05916878693406352,0.01459282133766307,-0.1302903546526168,-0.12870402226204994,0.1137409270403304,0.012133378370674679,0.047297662730279875,0.10215509014604066,0.033370248297194635,-0.022405223081822096,0.1464889313523732,-0.02439755060556235,-0.10560118455398242,-0.02886157954969629,-0.022086541631964052,0.05371033426911361,0.037091329634051734,-0.1217973346458424,0.10884394433769207,0.06260748298270806,-0.13287010590882545,0.0841767440777307,-0.21983339293747267,-0.009545405436214056,0.052930410911811866,0.2270836507932974,-0.04861471562302971,-0.0408412034700255,0.03563675035025963,0.18055204427855087,-0.1359821552388569,0.12316326222236018,-0.01253688520284276,0.17378177057805785,0.08397187094422938,0.0007579005052887716,-0.007317025665432574,-0.02320299617415624,-0.07428668181677385,0.06404278950960547,0.011228048885798852,0.010596198439316293,-0.009651933871239042,-0.1283155914219434,-0.003746872678151984,-0.00045240433032674155,0.023409378914101005,-0.04111516248473887,-0.0017053925383108091,-0.01951981883151219,-0.03966711423654777,-0.08983721473360305,0.038195008139056644,-0.024643959799962627,-0.05436193717434633,-0.012397644413986615,0.030384353533437006,-0.00570045832497443,0.037747753645478305,-0.10077027315000973,-0.0027553393394911347,-0.052148089405126385,-0.046835884798281144,-0.027902747228074173,0.14397896475256503,0.06947321794220135,-0.01907076129791884,-0.10465302678577719,-0.024445974571073614,-0.057887495039416474,-0.09044002854168665,-0.07515612239682633,-0.2823602396624027,0.12989629908599148,-0.1236517328442757,0.0527737590636584,-0.20163918083212004,0.1344973920634226,-0.04588501748452863,0.030525867309539982,-0.019076366480198247,-0.13791701476144405,-0.101671927040231,0.1129265336587545,0.08262806970998067,0.04158874077548871,0.05109257234257851,-0.026243229605750512,-0.048204151830785864,-0.08836056991055796,-0.022266778433975058,-0.11029836670552325,-0.03438123881081147,0.03309776467914163,-0.006648762451754942,0.11115478830622774,0.04168359614835186,0.06939611053124427,0.004156453844731962,0.013810152822306503,-0.026546145223549745,-0.05718719729391467,0.03176919382766007,-0.04632277366802476,-0.03585990502545612,0.10702873998552792,-0.07467095330140114,0.03829880559641018,-0.0402581597267478,0.030693738105474218,-0.07218101565114715,0.11180516145180758,-0.033819817542176285,-0.03376971890111988,0.05560197811704104,-0.0393017135224994,-0.06888104880919556,-0.001196175442187654,-0.07238202197110535,0.08281323660369155,0.018101270681142295,-0.07217002264505959,0.05352570529268136,-0.023134191924230236,0.07126092288741329,0.043459795549137946,0.03848330103453678,-0.0039007742245070532,0.011290519263391056,-0.042772354091209254,0.03984043030652384,-0.04541005050967229,0.004795928354595771,-0.01001331624298163,-0.01493102037931809,-0.027539360543779864,0.023078696379760552,-0.01803099246671461,-0.0083695570448846,-0.041334934630728536,-0.01392537394934005,-0.007579698281230643,0.02911333089994606
"Imbas Virus Corona, Zohri Terancam Tanpa Uji Coba ke Olimpiade 2020",sport,0.1803225058574417,-0.23348059831071977,0.05920357012880893,-0.2001187148691397,-0.05492210803371926,-0.2606713527960708,-0.04923753237677119,0.18222983748493,-0.1567963277404053,0.3332667757473411,0.1305472444731478,-0.06255892443901788,-0.21136249853129702,-0.03458267325846886,0.038540515188137496,-0.0827847367413613,-0.013592068776759154,-0.10214411438179559,0.049758511051003505,0.05248184064576812,-0.1190226877642128,0.016382309937916638,0.03790904803666587,-0.0026247789427221737,0.10244113694388236,0.004550364440371757,-0.012718013847373668,0.06386545587456223,-6.491566857151202e-06,-0.06336443638622728,-0.006263628623369321,0.10596874659619493,0.07693984690620428,0.06585757891649925,-0.014728164489775578,0.10500501533594189,0.04319220178641015,0.026319417011607928,-0.03279864546456608,0.060555782181114105,0.009385506371708097,-0.0721433511050476,-0.01040321140289431,0.05136280716435636,0.017810726867681884,-0.0573722576402505,-0.008374868575977468,0.014648507460897039,-0.035461417922646024,-0.01411334999525878,-0.03614209395500226,0.06220733083698869,-0.04698311094570329,0.047103128607827865,0.015954596429213683,-0.03567587775987655,-0.04430906064382118,-0.00478993415036737,0.0140239464295154,0.05360018913013166,0.005770178581533806,-0.07466337168855626,-0.00896791584066529,0.052612151504899674,0.022689847181378016,0.013062399843736765,0.014227322955958844,-0.01802520726958329,0.03785452958933885,0.02793048431506039,-0.10203627320377463,0.013599942785061624,-0.03494405288344672,-0.08094411567330277,0.046045567004431014,0.011972533721429628,-0.06481838680444198,-0.007676423301049294,0.0756742375490583,0.03777741636198058,-0.008163458938591559,0.03284567517449736,-0.02369462235285134,-0.07418234660841118,0.023782889744344202,-0.050011801902988005,-0.023858612844375293,0.034945108021431845,0.027376128536654304,-0.012492462418463262,-0.07708512085154227,0.006423449908335026,0.09985117074506274,-0.001788097509412974,-0.059731052907980184,-0.005058840357363293,-0.022565703860285547,0.011521215426798553,0.01816086137070805,-0.009017171484979318,0.04682628836653262,0.017341901098863414,-0.019595763424718797,0.05693553715040445,-0.025730720038614603,-0.03648417164667621,-0.01064316212885755,-0.047913358729591626,0.02937208103161529,0.008956700038280797,0.05534421762969767,-0.022781458345752525,-0.05245348590317448,-0.021350106493251895,0.08317154827761904,-0.039219840973990346,0.05168165479633928,-0.027935134808573528,-0.050061883832725654,-0.07544255365327465,-0.1068398201974441,0.018323936885217166,0.0015899901761283822,0.009463468262281406,0.03313608901761855,-0.035733784619182835,0.0887198782791326,0.059953772118064595,-0.05909925492536751,-0.01871844780401243,0.020980935513642458,-0.015263923736543419,0.06353383362598405,-0.025048902584982,-0.014269232815721301,-0.039245666240422986,-0.022881649634301615,0.009983331354293239,0.014887067738100812,-0.003757281824554952,-0.021869068758190287,0.03331287873115493,0.00808129736320158,0.007989860781803837,0.06010033133740413,0.05009895347528752,0.0327665792812354,0.010296487773613323,0.051980889033313625,-0.0005591850233093484,-0.028272283122689968,0.04345397545330729,0.08771495488248693,-0.0273692726991049,-0.06846090116921634,-0.006790829278524733,0.009875706347318365,0.015185970388212802,-0.10776726679733509,-0.034021843776647825,0.016041576619121017,0.02031244478998481,-0.09384328440949816,-0.12851114287596577,0.002549244912932332,-0.05813332359408289,0.06685233818614006,-0.08250912886659963,-0.03950233641616465,0.030036566709119333,-0.01715076970915798,0.10183976375411494,-0.039909736193247246,0.0759179100719868,0.039460312929849584
Perenang Legendaris Lukman Niode Meninggal Dunia,sport,0.013177102703898807,0.17940451732789658,-0.15613366549671476,0.05411822568189981,0.022899229361979093,0.10357580578630919,-0.023284734068436622,-0.07180570519780341,0.010145253934204353,0.22693097371693668,-0.05300024861313975,0.04675513158539642,0.007484638181339417,0.020683722442004913,-0.12806221611236865,-0.008811620632532775,-0.05649005388793757,0.011912207121012177,0.19508251786876654,0.021952634790741433,-0.0017018584912179354,-0.022619514438229762,-0.013447601266555342,-0.005233236200612573,-0.08902606961549593,-0.03925102947011567,0.015995300999881945,0.020744496935435387,-0.03539718106709236,0.06402076874325406,0.011853975983418497,0.13098863722944987,-0.011071604864917787,0.114752566893827,-0.08607859086614557,-0.07143734224101407,-0.0846996080819485,-0.18290595564025977,-0.16949255731331656,0.050740945335110005,-0.029184900368261192,-0.17591546263360033,0.02714355972777545,-0.05372472018568938,0.016630249645253864,0.10553937217234759,0.0241019260069147,-0.038786527009845806,0.017652872717371707,-0.05062023376956838,0.017725045026878838,-0.04876776025223407,-0.04699501735477429,-0.026670256856260784,0.04725876922399164,0.024597850865573482,0.009143409095579261,0.056407834658489225,0.0429906666972624,-0.061754148735199195,0.013625182593166594,0.02013817100509284,-0.008222256551137837,-0.00929120823622727,-0.13100897444311968,-0.06306193225787371,-0.08585436768517131,0.07483599401848699,-0.09241153370763301,0.02300034713291249,-0.061964446852312983,-0.05580281190486852,0.07864446453965306,-0.07904605908936485,-0.18458691915344788,0.035924391269329274,0.09596665634744159,-0.1656216258752372,0.20205937663932613,-0.04532417058819652,0.028857495977651956,0.02593471958438399,0.09495605180947662,-0.14034533321926132,-0.07128783729805134,0.045690087319129664,-0.0946126495190579,-0.05011700093841084,0.0951539642277104,-0.14020902539901967,0.1517399347137196,-0.03267602657220194,-0.0035814401176843006,0.0653987296694035,-0.10717181820579699,-0.061077597209098035,-0.026650486043175835,0.003915904171494059,-0.08155278018041101,0.0862207144376166,-0.02843001779145549,0.048155034937933716,-0.028638788562511137,0.013707447077199585,-0.055066760599060245,0.03263281986010134,0.0026800625990157706,-0.0625422972497996,-0.03441324810927447,-0.13757440711688684,-0.042943906833564825,0.01941478766209372,-0.01644024630730672,-0.03058598673753151,-0.019980102168362792,-0.039166583278077004,-0.03726242156879053,-0.09395086938946766,0.032773942058122396,0.00446269006469637,0.08585826765607578,0.026721393191227707,0.012806305432715548,-0.09384146488697474,0.06948159219372946,0.004883213995597361,0.09143601063675423,0.06211766701595828,0.007486730179383977,0.028316123171315256,0.0354733598371431,-0.13360268467811645,-0.006039224206132607,-0.0467281752025808,-0.016104319836050332,0.04971718883805169,-0.030265837391802535,0.005877774146149553,0.05167462795258563,-0.03387934950113189,-0.0098861765401852,0.0852140621128388,0.13415373156517738,0.07030960695095131,-0.14581374874465045,0.02838256858505988,-0.11024795931294165,-0.039827008371522664,-0.032233892864837556,-0.08493517027848373,0.046146696419909296,0.037673183204220945,0.027698294128608015,-0.08249627682113375,-0.0746556135930124,0.08913117620220941,-0.05539184810642813,-0.12343696001491898,-0.011882360478456372,-0.07854327485712469,0.05782044941166442,-0.044071482494794506,-0.010032364398707526,-0.0006281974936639116,0.004307194514677295,0.11153170921146283,-0.016338600347012372,0.005957483248963055,-0.03899965655472091,-0.00675137268413747,-0.08165158780729732,-0.013196927892508108,0.008595413625271348,0.03528062402800528,-0.061652566232311024
Tim Putri Indonesia Gulung Filipina 5-0 di Kejuaraan Bulutangkis Beregu Asia,sport,-0.058113827569393005,0.26597094491344414,-0.052552584216105425,-0.22981337706937016,0.12904756025116051,-0.061368748297497826,0.28370557379116157,-0.009094445201959105,-0.02198889953344865,-0.04274142039792171,-0.10153361001152476,0.013535031155735407,-0.052084429627928634,-0.05831468539220638,0.17543715171612814,-0.04734342726328188,-0.05906683405821068,-0.1298664854215532,-0.10026662968741364,-0.010160195209768783,0.0016556650937738686,-0.1179201241749492,0.0027759195726225695,0.11845022250594077,-0.051059954949453104,0.10378814811179693,-0.04918817201156277,0.04213323413299026,-0.03747768558141809,-0.06959744170561184,-0.08911812117040022,0.10649149892551771,-0.11868016774059219,-0.03206468312867141,-0.030675533777387992,-0.027059522399775635,0.13205083206890178,-0.07806421417933171,0.08849659163156788,0.04526690186717892,-0.10474481848504205,0.02901733533453177,-0.09855974988196835,-0.04921689362708475,-0.17507843389076985,0.11958644994328245,0.09161245331162779,-0.13985063566143627,0.10053313702062477,0.06853478472532364,0.033554013268916105,0.010292391529033749,0.128927431953136,0.06311245504891666,0.11705647536223632,0.04036293742675211,-0.023701064991307676,-0.12130852403019618,0.03152544071532096,0.18429933860274542,0.013381769777543304,-0.05097658306182329,0.055037835233757944,-0.004915339328631236,0.014468109674664208,0.032355655908112686,0.041374591839910504,-0.011968983055398882,0.01209182598998774,0.028394904181567895,-0.016403513299588193,0.10850951253759607,0.02283692659173295,0.07475741638194712,0.03280876973466082,0.06525984316141971,0.000355717593771989,0.0692171867559759,0.03855240892778327,-0.039454223228288114,0.10161705244557637,-0.04666883655018479,-0.007410694871269378,0.08991483685363122,0.03152543786219289,0.011987635804707063,-0.02765195209541981,-0.04423035389020047,0.019622814726302326,-0.04712105930676498,-0.012610263433149785,0.0014253928220663143,0.047558084014515986,-0.007561605127091015,-0.006407706225524727,0.0032843949115418723,-0.02143532205272731,-0.018851713463595543,0.04625138702418582,-0.056889671517354704,-0.05540999927353214,0.005515461210854174,-0.019198674155090946,-0.020994658640452635,0.03128574557792757,-4.012766121483484e-05,-0.010138700437439785,-0.05528872072492845,-0.02462202066214837,-0.0043047147222179645,-0.04930396316477627,0.017580052603272837,-0.011150343043223937,-0.04786364481925774,-0.02020512771128369,-0.048439177962273136,0.06800075800037916,-0.03049289565370952,-0.011447711462438379,-0.06492928583315512,0.033335006784467325,0.02648618761961192,0.021988278748297146,-0.013203076463122984,-0.03330711019772088,0.043460069036378016,0.059564385806207897,0.02901857738037378,0.04651144491010484,-0.04347382903206499,-0.02610312018106323,-0.07729281353844357,0.017327846543219935,0.0008364400745972745,0.03369178176360011,0.01904944414164434,-0.02239640241951704,-0.06098854551645246,-0.004213972131823325,0.02356814339225783,0.0246530492254644,0.040045447161774265,0.0009094353278747231,0.007172916662425595,0.05989671932113943,-0.0028116039519001544,-0.01186679484269769,-0.01197942661318366,0.041710846742240654,0.0411203625868975,0.0717018206150967,-0.007159007767381911,0.026899716144935585,0.027541700750146867,0.03479937045721821,0.06899728275124994,-0.02102141082071738,-0.06031366537800775,0.01579522547442482,-0.029482378900255218,-0.010076513126831256,-0.009237472974881072,0.027776387077273056,-0.08341217079593613,0.07660104725183081,-0.017429125248569648,-0.03161877080761431,0.03748299726237934,0.01947332974008997,-0.013528328350286186,0.076587536851915,0.003915024614519614,-0.07461516267842698,-0.05689695285022342,0.11095523619391517
"Lockdown Diperpanjang, F1 Prancis Ditunda?",sport,-0.05125152966449658,-0.09627914704663533,0.014647257169775111,-0.0665440425273164,-0.09685869016889667,-0.08195401836721257,-0.06895111539837334,-0.033595712547113334,-0.03309416585500844,0.08495324809543814,0.05663277479824655,0.019739255227775136,0.33665756320990714,0.028715620885917347,0.19094023978929636,0.08607083437581531,-0.12509936485010795,-0.2280292308244646,0.03552283273841204,-0.17405627159852305,0.12614193905604812,0.06011835224909473,-0.12312594588347567,-0.04212468863419662,-0.19071618542670135,0.02892461707013836,0.33420756847743965,-0.13599129968266102,-0.025358055436962103,-0.16906453811353853,-0.0826854036488893,0.039962955532664185,-0.03532635976450069,-0.021140226190523862,0.02270973127235516,-0.052433741681868,-0.10636259854374926,0.06989458263259317,0.014512521511826299,-0.0546297338710035,0.036332761809540454,-0.12078875794354757,-0.027578955814442432,0.10450271526006441,-0.0605953938705233,0.03597499332308455,-0.08862961412628521,-0.0017285832133024264,0.09128258394277017,-0.012227343140126176,0.0407224971093358,0.026246109650565758,-0.021822876712046697,0.013081000252341091,-0.06803993145143573,0.07528377934017622,-0.0113314361495126,0.022654003479532076,0.06461450248058455,0.025870691641482528,-0.018011983866076362,-0.026863878509052593,0.021235346429745294,0.05460683644945661,-0.06836499226145788,-0.04642396014819337,-0.045906563200586815,0.05513089681725031,-0.030076132616187853,-0.06316759873008883,0.11054189013135189,-0.0525657151067478,0.005586504930046682,0.02125865029227184,-0.0560857297480027,-0.01570810976543249,-0.051419474217911855,0.0250053369788749,-0.004984536208040868,-0.013168795539077561,-0.03412505224070227,0.0014780612822905136,-0.0004498236994172741,0.038807029281630503,-0.020305199901150595,0.05622224517232498,0.04228540462077772,-0.03777255202394945,0.04441937253369874,-0.03874933304798025,0.01709795877430613,0.02404537980412466,-0.05049371347923478,-0.011489461950929654,-0.019751600665965128,0.08997777960902291,0.004096264497334517,0.008936843577733498,-0.036166533127961344,-0.016753482693536145,-0.0008132515704640405,0.01858572276131651,0.07890368192951118,0.0033105273448396934,0.01142629629866212,0.013248694305434483,-0.016510674296028302,0.07785744540792268,0.03566002343319871,0.04255337809699031,-0.06289840404654895,-0.028895559071837194,-0.05724329577091187,-0.011968372431271494,0.021092375073633794,0.025301344791978993,-0.042271605032665735,-0.028022762766316475,-0.008342504505186263,-0.04175112791076833,-0.01769618167479217,-0.020631326450334594,-0.07232897151852148,0.019302082723247394,-0.027453991796470723,0.052884449425911605,0.01828880827785234,-0.06806728613285397,-0.003887032706717974,-0.01825070389471358,0.03941771205865513,0.02274244881603127,-0.0779152643768165,-0.021673778996866774,0.05302769744784926,0.07862232576412907,-0.05363814522214628,0.023354629956607673,-0.06839694726963176,-0.029786759955753066,0.029853617819630304,0.11295202903132977,0.0664502899498416,0.05096548953603293,0.1115740507335112,-0.06713596065288745,0.049748029508427806,0.058823966168747625,0.010119643906936506,0.08131527321476856,-0.011234857553064071,-0.06627853947501347,-0.00034251519869257655,-0.022490663430329193,-0.024378288250707123,0.013386147423570709,0.0035519045372587707,-0.005986002072091688,0.025467211001162945,0.042432734068976366,-0.03798251814985853,-0.004269596949411582,-0.02996676934378981,0.043767650975567916,0.08326026575445461,0.08870230344733143,0.030182795365536124,0.08615724918536984,0.043218010052722,0.01661269652810039,0.026192735349433748,0.11761865222512381,0.022025900019549877,-0.0796332599995532,-0.023482415399175824
"MotoGP Qatar Batal, Vinales Tak Merasa Dirugikan",sport,-0.16607976137003125,0.0675121811745383,0.46046925125432947,-0.025803496145156583,-0.271224681128475,0.10296690701514995,-0.0009811178620413794,-0.11834213174658466,-0.005867827392890402,0.11219886908751843,-0.14087926433460518,-0.07481773820013365,-0.15453345832946055,-0.032236526619462816,-0.032263097402000625,0.04742239498981855,0.10296578928605403,0.024301335692446132,0.11992255817407255,0.05563637358571336,0.09039806936468216,0.01327963959517031,-0.04108584459038356,0.014519533736022822,-0.010967056172759889,0.0014299455601593722,-0.007462385983591781,-0.008596225942962723,-0.06440731970671204,0.04259104566671143,-0.06713841347512434,0.10648305275993108,-0.029919828197678466,0.02273996858693693,-0.0572023549839624,0.023624470088627655,0.01682793450579277,0.003120569590167616,0.10474791104780294,0.06538490512340693,0.10164221723590484,0.06974397696746736,-0.004616378437906709,-0.10703752085531905,-0.09815422598982425,-0.014142874879572961,0.04090755691682961,-0.0030452888079095385,0.037560585705306924,-0.015773391190656166,-0.03223611344270913,-0.055974949453576756,-0.04479625327083159,-0.04014673518466875,0.0408292397873496,0.14570244255648723,0.03170432142484312,0.05399131765957821,0.0024351742157006665,-0.10244924637258905,-0.02729694701888913,0.046960484142168385,0.01624003755656296,-0.06306101456140945,0.028649401331404367,-0.023160874714981506,-0.005177702659806567,-0.07362815506468051,0.03658838930224257,-0.0788544380476308,0.050800415280739954,0.002906186205149871,-0.08291436041233705,0.06631687707419089,0.05943750209119138,-0.08017624545738793,-0.053830275805083073,0.041941813656777974,0.027303065890912942,0.008042559930608546,-0.00043674901433240966,0.03279658040546502,0.020554596045169567,0.06684987243976984,0.03528968418992611,-0.008330582767835196,0.012607156814727686,-0.0073454323670960305,0.022603083682967196,-0.013098978077387425,0.01960814359822984,-0.07504067461016153,0.01892539971707366,0.07303194353787656,0.021938305582719968,-0.024132092773380145,-0.03113825024584474,-0.012640006212772083,-0.03939343014475041,0.012824644208994701,-0.0021275464554127168,0.0050665122960827395,0.02484061748791138,0.0703978315901207,-0.07358964243303254,0.036218310865695914,-0.060767515797444376,0.05680252872626856,0.0010579205410302798,0.017055802782696947,-0.006062978005017348,-0.11423343229405249,-0.013665347960635095,0.1458321966174085,-0.04779009357566585,0.044187132382698904,-0.04427610765793711,-0.004123255735426022,-0.017442217566377802,0.028595693966335413,0.021108493169007,0.06856512719058881,0.015237125644129025,-0.0235421373766983,-0.023602447288246658,-0.0036121584144820627,-0.003197085119995238,-0.013648842013341015,-0.024425724434668103,-0.020882433137270822,0.06779985737241646,-0.03527951379411827,0.01736381860639033,0.10240356417801526,-0.05202011684909058,0.03913131766012959,-0.0006072206250072801,0.000531504824390932,-0.09377201929522272,0.06125322681251901,0.07149030187580498,-0.006017325221125739,0.04839855796167096,0.024092841747504156,-0.044710220426661576,-0.0915000273665095,0.02732900961900069,-0.033380696343313594,0.12656636405587118,-0.0027806271277603226,-0.03830826487492482,-0.12914199416624617,-0.043501341531658695,-0.09661361829969911,-0.06745053380826982,-0.07395825634729522,0.013679450016479636,-0.06467151998077152,0.06525773051800049,-0.0057650899277186226,0.0061944145899324905,0.013583768175182413,0.0017238747531480635,0.10637932737634904,0.018674681142667213,-0.025913793418967185,0.01531791334676151,-0.06377603526840282,0.0006237973011155789,0.02778169586134542,0.04684691951073626,-0.04635951448343227,0.01351296932771885,0.016180090595080448,0.0935878671944014
"Gulung Ganda Terbaik Taiwan, Hendra/Ahsan ke Semifinal",sport,-0.09513494519364235,0.03518721997610561,-0.010322368493465866,-0.03004516807941038,0.02597485364307297,-0.01833325540022079,0.010228217398453586,0.004562214835924836,0.04627450458286316,-0.026722697112353193,0.0072902814854464764,-0.05404320360963026,0.022992935822264436,-0.0261059080845231,0.039155757712871844,-0.012573441075038565,0.05170650314340698,-0.08189232140879174,-0.03153950519781347,-0.0579668342871513,-0.04034991295737275,-0.009173666742524587,0.12687521614362368,0.0575498865951894,-0.09830579340661401,-0.10633114193065521,-0.09021488410545424,0.005971642332106087,-0.06664254909833767,-0.013039618012241237,-0.0007415881428570301,0.024341233351762838,-0.1056245428480643,-0.24141956965460978,-0.05782617091317162,0.15596679842971325,-0.00896376324167328,-0.1314468648734302,-0.14063657517353637,-0.03007081818822363,-0.07676911037953327,0.040439853967660866,-0.00986395650143154,0.11894400397547467,-0.049810010400639065,0.22073330213651676,0.029461015814317787,-0.10815894983645138,-0.02338793807366509,0.0500263401930638,0.15468581948080334,0.11451819292423013,0.12550579453090838,0.07072261917832241,0.1731190646311797,-0.034070139898220206,0.008250818395770562,0.12603685189939787,0.09881091580704637,0.04556671232777561,0.07964988026548041,-0.11118929945724881,0.010471417105035633,-0.01215092443926668,0.05388338546460649,-0.022475825632764124,0.08988187897177344,-0.1696252029424521,-0.14678818484539582,-0.03506442438051633,0.037935737853362156,0.14348354907853936,0.11053113278807104,-0.03914521612231514,0.2211617192470795,-0.1307907932273248,-0.1618954621659397,-0.11334514065100738,0.0034982746531221744,0.05742185490409568,-0.0110296468061301,-0.00403372059026292,0.17200313375630513,-0.04641006415705985,-0.010233105661649724,0.048278148845374715,0.026904950769407097,0.0909790461652284,-0.014700212201845805,0.022388538094822497,-0.03395311922767149,-0.0722393466287996,-0.07779459236657575,-0.012718397000691899,-0.013422315554736169,0.04019511465657546,-0.1806628484557124,0.15348228842257924,-0.020478194659545222,-0.013938821029323234,0.01236362014256272,0.034285092330005706,-0.035320638030450976,-0.11620791437936723,-0.0630500991880446,0.02092496402058937,-0.047429237754627734,0.05738176058702654,-0.017316742598966053,-0.11166534349696362,-0.051338275984137004,-0.035525577674491465,0.0038289633079198926,-0.028009870676474962,-0.061399143204180315,-0.022456394496673908,0.1447931111688868,-0.05792814905135765,-0.09150952800603411,0.011167507846450693,0.02422477041836969,0.09816096835073837,-0.021444389413301658,0.0799892298325847,0.017069424980199633,0.017960170746511534,-0.009267751268486522,-0.08456520638789199,-0.048678202891826436,-0.02081033675408128,0.06236631844283346,0.06298478803772571,-0.04164781333797727,-0.05448714925807137,0.04752285306442032,-0.077710944866936,0.03153629462125408,-0.05344132413417815,-0.01896046394773346,0.06984638412205169,-0.11086961420283542,0.04493247589809448,0.0990227348906911,-0.011609322865127034,-0.035116891077006274,-0.0913594652419495,0.029769477522094245,0.006961913955760713,-0.04490062586644795,0.04306404293914112,-0.009433594731974703,0.006173555094832679,0.015736210542735583,-0.029389377924721644,-0.030890694961524866,-0.005188313935423453,-0.014569150076537614,0.003955741987851077,-0.006508492009683151,-0.014344478663955496,-0.09198609154078163,-0.05613087387076855,0.009397115140399533,0.05312907671734528,-0.020319568550447555,-0.0039951319650081115,-0.03316543216739755,-0.015536110610697842,-0.009936610621263105,0.004242651201869154,-0.00628723322425363,-0.0414228650649203,-0.01968078985043301,0.021807984914518335,-0.007844759017525557
Mourinho: RB Leipzig Kuat Banget,sport,-0.07385930520254924,0.007600319566147644,-0.036046679035950616,-0.04945682093623486,-0.04488189879884619,-0.03926563761231789,0.020780224816714914,-0.009560043692605023,0.0704878716428721,-0.037229246022099996,0.014797437886159082,0.038603519449750066,-0.027608198968269774,0.038143385750522604,0.020494613142625833,-0.04701700176621535,0.02722722819648104,0.011935416541191594,-0.06539538073739898,-0.08313868679822757,0.056282020868794254,0.11556525933864158,0.06606456240981785,-0.12919307295164079,-0.09709861670422103,-0.06294539969481143,-0.09406179216289796,-0.02932912344652197,-0.030032706345023526,0.1340051032821174,0.21839625093765805,-0.015263911404197316,0.009127443683515412,0.168887013540384,0.025280403057380708,-0.14415110253332408,-0.046703728547404275,0.06017132573080124,0.06901595331049147,0.07196158970003523,-0.023947444742191237,-0.010442984760078017,-0.060092842391187354,0.017944498422600094,-0.08738934511729204,-0.05728109572310355,-0.028052141940974724,0.02567861950374432,0.07332753399972658,-0.051086185098189935,0.0031805010511266286,0.17870989332459772,-0.006084763915516097,0.049746645895580616,0.08328593472951934,-0.00666374533829906,-0.07828525261002534,0.024272693283778412,0.050562320553146016,0.013573414724404532,-0.12336642363025821,0.09403459343266402,-0.04952783001294661,-0.030428852583432718,-0.05203045398255747,-0.2112083773048476,0.1267962636064899,0.10387019934502924,0.043723454362487466,0.041367419798707984,-0.017928696746049282,0.0588019567473648,-0.046937177656197863,-0.07995308459111661,0.15360889323895915,0.04588410738810082,-0.25736513103321085,-0.1451673171913873,0.01740023051335046,0.09889852512308585,0.01695286040187402,-0.3241070723856154,-0.012579143375246656,-0.10154669059345164,-0.16867467554727253,0.07706982514219429,0.03607962954609795,-0.08484043333390288,0.04929262320707614,0.0552393802032045,0.11670444153286583,0.050621497883108026,0.1154642149645124,-0.030744392803036823,0.03614301135698771,-0.07759762805981378,0.10461840142817519,-0.0008018282477518516,-0.06095119484370822,0.019112062788962634,-0.03252627445306699,0.0010063868995092307,0.07440329177796837,-0.09850814454904556,-0.00405453688037832,-0.08653153335395435,0.06203200259776308,-0.0187799724265128,0.016237591892850935,0.021470322428279193,-0.0066729514178541895,-0.06750653090526147,-0.011867662282602375,0.12301297563645605,-0.09823038669292258,0.03892692998136313,-0.05250929947474008,0.06818111016429873,-0.09715037702156264,-0.039517518491502035,-0.059562299724587354,-0.018873349117407547,0.12137100059926267,-0.019229102558546343,0.03179122912542334,0.011996470615461375,0.03177927034230176,-0.02340316295309609,0.11353827570234924,0.1624034305558073,-0.12209694571829192,0.030106769563511503,0.09845699458260576,0.10920802129479965,0.00800861722721728,0.0056137085202126675,-0.11561039515817874,-0.017983497998601477,0.009366999723550467,-0.05818893609431756,-0.028762794983651047,0.07554592274151431,0.01729434317808454,-0.07399421308643553,0.008738734520602046,-0.05070511417901268,-0.017532992675372987,-0.028684575694809967,-0.07253200340563314,0.03775574838478962,0.04382988600995012,-0.03576749113082357,-0.008196576591825955,0.01567647765637563,0.0342566098043812,0.02436971970435151,0.026873704620474004,0.004018871863780535,0.02721814609560028,0.013902137968084673,-0.02472783519422868,-0.03163877524249069,-0.007763411348812919,-0.03620097431139794,0.01650012101259287,-0.007631013245168144,0.034744885951205805,-0.006591896486793139,-0.014153007154906796,-0.01425995807309851,-0.00042576864000789584,0.015202803038401868,-0.0037291850762252374,0.012714187564394516,0.018132629133571693
"Video Ketangguhan Penyerang Anyar MU, Odion Ighalo",sport,-0.09193659804575921,-0.005583750886054869,-0.08151655897640642,0.020845350750584205,0.012406001131658732,-0.02621000189892246,-0.006952593702104536,-0.03484000580151791,0.07235094756306766,0.026445831827263667,-0.030200960051398155,-0.007486687006215502,0.014255231103539403,-0.03360628812951726,-0.019084136933317532,-0.09765839771309807,-0.014126051142588802,0.05193290097337297,0.06063618022531568,-0.012550414505915283,0.011962560644318783,-0.0727481200597704,-0.0125091862635239,-0.12258263933899531,-0.010824404665400172,-0.2567080550743888,0.09993450863763378,-0.04562533627173691,0.14799321607166072,0.09679079065508321,-0.11946731931520896,0.06363620468091812,0.07784530809749418,-0.08624793447669657,0.03392014244086081,-0.01900984122159387,0.20972562661097502,0.1302781966713651,0.10505791376001984,-0.0010714482262366486,0.10860250334444856,-0.01871334379142223,0.11409440251294435,0.10557270903203515,0.04534947197064748,0.08593005485015776,0.13849189685366128,-0.09703923969767572,0.0425796893608163,0.09110087196768503,-0.18687659597852652,-0.04889109900028029,0.027347787915849648,0.056057928712317705,0.06569774227460579,-0.12302701961682491,-0.07171480142937967,0.06070305261764171,0.0349979191110904,0.04682794799101453,0.00128366690627686,0.12400832524795977,-0.006962631531720739,0.13630166553415557,0.015285302454738971,0.031659669995157826,-0.007589847733518996,0.025626504528402875,0.02782500392155622,0.1692353182311542,0.02547695828383885,-0.05224379946525405,-0.07268796804181961,-0.0836701860526216,0.16225113173906416,-0.08595234803220628,0.08017799876103933,0.07865981588302093,-0.10950299765024875,-0.0005242156322007111,0.006714694185509024,-0.008453140364356345,0.020929264377011716,-0.03851646518214274,0.0012525894532522384,-0.026229547525531697,0.043684841429408185,-0.09620774268218577,0.08594283417595544,-0.13546082264404963,0.05922025473313854,0.012850427563868203,-0.06592180169658234,-0.04071298228351833,0.05753230594550071,-0.05816097482461545,-0.11859291853225448,-0.07963788239818978,0.004053654658043908,-0.003622146053951075,0.08182049855910711,-0.061647376956246815,0.006714692770343698,0.022418362578973193,0.060064804190381,0.02587799478560134,0.018755783388849468,-0.008512191592892144,-0.09223811169146165,0.04993732281722831,-0.11317863697643399,0.020090127425179793,-0.026095489070410323,0.06883661483929232,-0.2003663806790395,-0.2525514424887377,-0.12662559277925334,0.02178059364721585,0.007929126287524485,-0.004943305730649789,-0.11495191877548465,0.04965393909904718,-0.11630099899745569,-0.03727401796666952,0.2052603573003316,0.14352975709083607,0.043646334873071825,0.07361797709322926,-0.053383884438655514,0.04090200238218979,0.05343870312546119,0.03523821832685805,-0.03609698830373435,0.004133378530889721,-0.019497701420793656,0.07352650027356337,0.04002974270161731,0.04624861914980221,0.04398278769331232,0.05373864821604227,-0.027516577331039023,-0.019282432314041698,-0.0072991228499046275,-0.011988555094770809,-0.026296262546191374,0.008344350894057048,0.0021669555910666465,0.07682624581994688,0.03317596988289119,-0.020999270688293593,-0.021065053309550726,-0.005770925178481329,0.03593834293973879,0.030746517102841302,0.007710592513992782,0.032532461927425364,-0.0006402382441075632,0.024412479386341793,-0.016000266214955615,-0.005392025335077512,-0.06852707569997765,0.06072194397569822,0.15053757304519888,0.005496999058531878,0.07109482629422728,-0.028997008843629553,0.0488140347705679,-0.012624101750187631,-0.02257664384451553,-0.016886626735772646,-0.04164014535207648,0.0033552302136044963,0.007615448328925356,0.0012438866554436144,-0.0120955840384841
"Menpora Jamin Peraih Emas dari Nomor Ekshibisi SEA Games Dapat Bonus, tapi ...",sport,-0.1065052880517253,-0.011578494382287967,0.022788959434096784,0.01389313226273544,-0.0036855552153579846,0.03125825703158469,-0.008040529595201209,-0.014521282536779728,0.03187302126937309,0.028454036972447087,0.043810920273672456,-0.010507423370029583,0.0549673512758737,-0.10410320864709881,-0.02152325710225013,-0.0002843725004039406,-0.12635842488933574,-0.0316080527152457,0.00024236782365862376,0.07612142802328771,-0.12037164603991925,-0.013345861117156903,0.23607712726387942,0.13976831027754835,-0.112878352969454,-0.0794454761375341,-0.07557052927150033,0.1578200274538298,0.1703966748744287,-0.05702362032437879,0.029584351769454613,-0.15159696589368604,-0.1381524778037972,0.003968244966998294,0.17794593991390426,-0.0764795954853769,-0.08480745880124275,0.10025895834245936,-0.056100848120105545,0.10205116690372136,-0.010862605408943894,-0.03744940183377598,0.09695232170463287,0.01597343219653827,0.059877319839215175,-0.17075172172661748,-0.10309548478739686,-0.09661816857828011,0.20935849163045747,-0.07181896853433666,-0.0201212280482686,-0.13435328438488003,-0.10636391360211694,0.09937997949210224,-0.04645830797467178,0.014728866245099387,-0.146172604183911,-0.11821042583851761,-0.11871339748282773,-0.06457035470227702,0.1247116827906905,-0.009069256841394011,0.0754105895490088,0.04894249738652786,-0.03407359687075006,-0.030361314675770756,0.09031319958487716,-0.11961498558230364,-0.02073680361790235,-0.005247011605647946,0.0709586758123024,-0.10342590183434304,0.12923888930120916,0.10484439090546628,0.049353335140147905,-0.0426385377197318,0.04189190244128274,-0.014869104766016657,-0.05297569774193255,0.005458235427626761,-0.04022502522930581,-0.03350450766546611,0.04371405819701717,0.029832270266683582,0.07676031777372341,0.02381291379584907,-0.033607983168338386,-0.031684931120999786,0.06784703295086043,0.08600685525357009,0.131632587146335,-0.012804922652958272,0.07938544894522494,0.06852977933442006,0.02202103173792017,-0.017244799327899473,-0.008765210534925615,-0.05868717026050659,-0.015905984962953156,-0.01384084447798033,0.03591213123413331,0.1320892105381801,0.05635779433648781,0.0077976398098112965,-0.008331710402047752,-0.008078361646783268,-0.09114700468909247,-0.0987983454542714,-0.0007617723033141301,0.037890831326245426,-0.05257508353210862,-0.04016978835006746,0.0849125070851831,-0.004624031004976928,-0.014987328063963261,-0.0099237613682273,0.07584356615973459,-0.016885033889333736,-0.1481536496915856,-0.03986128960740939,0.005290165017329942,0.014511706700961068,-0.015481923323565823,0.02609702033075278,-0.0495132248009044,0.062271845513580816,0.036432081527967744,0.028143983580170236,0.09165907130262368,-0.10538986815668529,0.09348955382097211,-0.08762579826563248,-0.11969581064232818,0.0021562566673370156,-0.08014352074884262,-0.01697516250611193,-0.07783762393975387,0.0595000315255839,0.021534615636291915,-0.0014060352949474223,-0.007477070405144372,-0.09518004357282638,0.024692919106324093,-0.023931956075518363,-0.02857406004935898,0.059488326384442666,-0.025090351714490953,0.07166102889786284,-0.05460387010938268,0.0021027536329916996,0.09028954001977257,-0.026744565854457825,-0.08913652024477263,-0.06994191371239403,0.02333911901408735,-0.04005081954012309,-0.07808534325723647,0.0959051472838002,0.04606263530388561,0.011342773228123422,-0.05006952068913886,-0.031074194005228147,-0.0051423858220157005,-0.07604376021693803,0.0343323233571515,0.0656415775203104,0.026965572071401187,-0.04642618233931541,-0.042593545434982366,0.07012784116787543,0.09575977864317525,-0.0451276105953727,0.007283774421574994,0.03146699673757095,-0.010482353938391134
Vinales: Comeback Jorge Lorenzo Penting buat Yamaha,sport,-0.14890716108464921,-0.011599415496299774,0.10986292048430922,0.10450826720630761,-0.10876471439671902,0.02180903035819566,0.04490621040195953,-0.0990709651426516,-0.14031400421633142,0.04517084752058677,-0.052842398533386264,0.14063929328939992,0.02089134322795125,0.19389376982911713,0.03533107731859284,-0.045046679150336694,0.1102908428501206,0.055852147274005316,-0.05534329379541991,-0.15281517352253712,-0.10211359419838023,0.038073353343273234,-0.039736876417603664,-0.017569647820956387,0.2041199415892798,0.03756258266378219,0.05552782018408034,0.02532391797032315,0.014775323470733358,0.11044226873518379,-0.09660876490444019,-0.13861533069868712,-0.04866752280231071,-0.042559360622505926,-0.08254464333615902,0.12490515614977334,0.049312504777081226,-0.015827487444904146,-0.020561396623551064,0.2259831510617765,-0.05604874585073486,-0.03419841388533939,-0.05163469061827261,-0.025858245137157728,-0.05299673475520407,0.08129304575251738,0.07241875420975052,0.025405906506278563,0.13987792991835368,-0.07912291284051873,-0.07509752992660676,-0.0581283982401794,-0.06174611905230241,0.07545162508765983,-0.0362269151200387,0.29291487170104513,-0.0004852689145169968,-0.07335806112818821,0.006404681898153406,-0.0691975965877269,-0.0475613083222728,0.1001371938288481,0.09610852407005673,0.016343348241394724,0.06208363407860651,-0.054494860951220636,-0.06438432498915263,-0.09625934920653477,-0.13245041766212684,-0.03982720071296383,0.046874730797422846,0.02493672675281291,0.043697477506676984,-0.10931849536557735,0.0044620176763726345,-0.02882373133941749,-0.007669047828509132,-0.0455871132569884,-0.027802830227755863,-0.0298298222659046,0.002393397483172772,0.0030915956563042487,0.04066191420117025,-0.06286366877115009,0.03592943636061916,-0.06862666766819248,0.001393285891266132,-0.04330384327871906,-0.01891569066507653,-0.0025392853585407887,-0.07755450812373027,-0.04970383212323534,0.006963731450254454,-0.021007437255967747,-0.025245756035174868,-0.045898758657398404,0.026113012025763466,-0.07803405916611979,0.08635133691965304,-0.010008927360578259,-0.039370747700689025,0.0207521802911558,-0.07562530625080151,-0.07098209980618256,0.04527348647691071,-0.08327178208360056,0.07914270563310816,0.0005259271690896978,0.04908345648602718,-0.03325137965211798,-0.022050332019739348,0.03252349296212315,-0.005037126586045838,-0.1118011368688113,0.017031481640106795,0.07216023310356812,-0.11996988701997768,0.0984585330354789,-0.09160289935964826,0.01914761261585705,-0.12499617008517658,0.02497343424332174,-0.04015443298598807,-0.0034192692188247617,0.16017320025892098,-0.02729305166791963,-0.03236097565614789,-0.0669985469742298,0.013876026332155228,-0.03812596075443315,-0.014628278302695178,-0.0561546077280652,0.012916589526993982,-0.01290370266408822,0.006960827267923409,0.006568233179542221,-0.1145409231745508,-0.07280898388916293,-0.14023730200201018,0.03358299262375413,-0.05862475518502899,-0.04397907153590358,-0.05716068674057699,0.05043194475641065,0.027415751689226782,0.013272133447856653,-0.005934490784817569,-0.019784968110041476,0.04846425744301917,-0.019810303473000654,0.029993767989875374,-0.006536483034609321,-0.007199253577284578,-0.025190261398063865,-0.050449854639867536,-0.05279393141671823,-0.01835666933865225,0.09159505391189869,0.040199824920078196,-0.130017497466736,-0.017009322976070274,0.008539970667638374,-0.0636888165632232,-0.001752900717425833,-0.007108348040104479,-0.0724013158058601,0.013811438579511845,0.04677429179753098,0.005175535626126374,-0.012249257057277448,-0.10200767755098486,-0.0069834246417025585,-0.05136616387392171,0.0850560884863918,0.011386743243794958
"Presiden UFC: Kalau Conor McGregor Mau Pensiun, Ya Pensiun Saja",sport,-0.10574991154484463,-0.008157382496594508,-0.05652749334498198,0.06979937104369423,-0.008177288796936168,-0.0532119839575377,0.03319712456470581,-0.02221253581147645,-0.021862136161529922,0.01443400362704827,0.03772527259689954,0.049675634410167806,0.04235945777650804,0.007303932163175989,-0.03685775422617256,0.08625151058124789,0.039018258345654304,0.2347914944933843,-0.006540687773695097,-0.23120298530614702,-0.1068438172634827,0.0739185239554293,0.15088607359022382,0.11658422522030366,0.18569913116498524,-0.056840993224915155,0.11622233251696419,0.06085526969990201,-0.04086181455476207,-0.23886929813545607,0.21715352411597488,0.2543964292021637,-0.10476400754329486,-0.07214977964068517,-0.20791477390550536,-0.127865733823468,0.11185437875366512,0.10644003264991629,0.0998895527755848,-0.15118655083334434,0.0018993923578492062,-0.06815176944849605,0.0049755424561310395,-0.1111123371194626,-0.004833022271287904,-0.017283391529565557,-0.05900327803416682,-0.08312462624952723,-0.11953548803785924,0.08059685572491945,0.00766358440073552,0.03855401723990414,-0.025815865833684917,-0.02235738848927692,-0.05518868491382867,-0.012076584012241867,-0.06688510375837178,-0.041744237149885934,-0.13622659338574522,0.0052329133086079695,-0.05922468865044353,-0.009417379481581703,-0.0209587688418858,-0.11021498799918288,-0.013402105425147377,0.010534542663231332,0.015432473377566893,-0.0711515013547138,-0.06014959274029152,-0.021306201102848917,0.032093000232097095,-0.08580986112744206,0.049050670175485735,0.041510509738208384,0.025120783039217037,0.019738472923965862,-0.05465530024888925,0.026773594055952196,-0.02938725052044493,-0.03783261926707067,0.021935279395262144,-0.0450496048654423,-0.02088292923293569,-0.06560257937790251,0.052867938896707926,0.008183251785590482,-0.009419846818056217,-0.007789906484296623,0.03363951821962812,-0.03158802902689252,0.03858732569286958,-0.06906438085800197,-0.04016510783011729,0.024230650240901725,-0.004359425216382043,-0.013803920951983016,-0.030848810986920952,0.00165926430847473,-0.08003464245369497,-0.08273128162398727,0.009355686253433594,-0.057890913822584024,0.05579057572006937,0.04851150465998525,0.028011101684814046,-0.008648259319924077,0.022619423443295213,-0.008006649207333892,-0.024165144584931877,-0.04267910334653652,0.033304681904847803,0.07388252279213278,-0.036968621314639065,0.11885317758202756,-0.005580578858130257,0.041246567945051604,0.05352880330626974,-0.014279278125646397,0.04893505615681581,-0.03122467892445897,0.024214084725181908,-0.024789009337773633,0.031591287083989825,0.012603486162063133,0.022453039018784444,0.010763904934264212,0.017415755011566746,0.0001220267769276865,-0.024705993876281366,0.00305245900217603,-0.015788356145959782,-0.00556583259055771,-0.027028376868534286,-0.06915109561738611,0.03879393582299029,0.03495731509279761,0.0802563733847615,0.036971175709151156,0.04021115630868155,0.017572683908406963,0.06550014275897773,-0.009438886412015653,0.006523368820629557,-0.06772778500007388,-0.02636274261052542,0.018638265452359012,-0.047488056138863276,-0.00996164107834507,0.010407658945540285,-0.036534975075580005,-0.02244189894415338,-0.02772685603036303,-0.0893452324821572,-0.07813719670670999,-0.007165243269239262,0.048069526101827194,0.0139160101050063,0.08605054972242077,-0.036847963080846736,-0.018479661855999557,0.07153142881453804,-0.13150829833717206,-0.08059104518124743,0.03057959824332964,0.15992666538495118,-0.11102834764990556,-0.009981980251880995,0.10875992617182316,-0.10452147107369872,-0.09667564270558081,0.0032548940628125676,0.0031787818293902426,-0.0937362369669292,0.14543267472211988,0.06848065104120363
Hasil Rapid Test: Semua Atlet Cipayung Negatif Covid-19,sport,-0.04826430571544402,-0.024914720616222356,0.045026507129182325,0.006226643353164113,-0.02244271239408493,0.01665624245301067,0.009458487981289534,-0.06337948776639797,0.06549132935942914,-0.044315603346784256,-0.029974643501782222,-0.09709032332683731,-0.04359681903646823,-0.08189816343997124,-0.08936035704433475,-0.11714357973834427,-0.05316676220871952,0.004023809148622119,-0.0017571531381880459,-0.03576636697195835,-0.097645583233474,-0.020364782405625524,0.04700660135431747,0.17744660514913485,0.03680617398915763,0.04093369317976037,0.17860480149211835,-0.1355693326741427,-0.12224622211714266,0.021650020196137064,0.08237106953180225,-0.22981675747083893,0.21923726019229972,-0.07592933727845391,0.10600211754352427,-0.1665448563657143,0.011293996637597547,-0.07942436329923781,0.09855008596841064,0.04530500722813022,-0.04487641991676448,-0.02893647014964037,-0.17481568309192771,0.0427559973096113,0.10170132812392334,0.19995150226186284,-0.06539048324204055,0.03855937250595876,-0.0739422923865956,-0.0026325083082559347,-0.06394285785006518,-0.06296231057740197,0.07398677838820032,-0.12903807277518523,-0.10935495799535284,-0.06753829894636414,0.007224965350838405,-0.02198796576382702,0.039407774173506105,-0.0774130903268293,-0.12881187448056547,-0.15022731568114303,0.04856422930091762,0.01358627748305823,-0.09763719538252567,0.029471955723001073,0.09871978776343021,-0.03933346797582824,0.05352379760412603,-0.005167156387301081,-0.0011307415731331269,0.014353989194814981,0.04182260961647721,-0.03866370946269379,-0.007041298337424602,-0.10406071519274064,-0.05592706772441689,-0.048077159374339415,0.13364365894859714,-0.020594256060291274,0.08123833659971041,-0.0390791739102248,-0.03965908187862918,-0.04717229343236771,0.054960678273422554,-0.08712577787963066,0.010095378563537852,-0.01086965499861729,-0.045965896741657734,-0.12172907779903053,0.010569563945742906,0.01973000771864135,0.09443740389655178,-0.10691740781346919,0.12051063015243997,-0.04041448314420948,0.09007929620879761,-0.0770802948454567,-0.09381064711769091,-0.044597215472534577,0.019201317106849015,0.021698445896525236,0.09589820938251657,0.03909503488880155,-0.042895620818643225,-0.029140882117987606,-0.02943905988282224,6.401086717909223e-05,-0.04236900937058261,-0.12466702614112216,-0.032330593782054426,-0.009589912502480091,0.09924716251207846,-0.047483320896291564,0.05211838720597161,-0.1409017589124664,0.13737324778771737,-0.04357118082190156,-0.033087608039784035,0.022466575498986858,0.004991268131673739,0.11336752759220574,-0.02678965184991082,0.04051988949303227,0.028765200995049738,0.10905740069223575,-0.03719419102430384,0.043594572490648575,0.0449971014837647,0.026408534240863153,-0.04785304227017802,0.021174913357598028,-0.09031613640600208,0.0011545419423186392,0.028420452016648064,0.06365699995420356,-0.04580589872949146,0.004234456998576049,-0.11682422324031372,0.01165019866902848,0.04757391838141895,-0.1094365311879618,0.006874750486978213,0.14544077820576368,0.08872832125079952,0.012806205076203664,0.0003559683813245575,-0.10013826911613921,0.003570980296310008,-0.014850171585771156,0.024066521285953216,0.015459865800937826,-0.025907409283365306,0.11027213958599473,-0.07212483393046759,-0.00857332998074688,-0.02965842783990824,-0.02388736889301671,-0.06405882037872576,0.0781230367671534,0.04022026268301807,-0.10988267406195198,0.015116236551278679,-0.017445356814064065,-0.05085630836611851,-0.08016874013823429,0.04258414913172047,-0.001460032271136408,0.005832829787399468,-0.01483385149522901,-0.03027313405372925,0.0497720857506194,0.05736692145741436,0.011999775127889538,0.05185928436314521
"Virus Corona Masih Mengancam, Balapan F1 di China Batal?",sport,0.15167472942015756,-0.07510058055423384,0.19053361368581315,-0.25091350489999764,-0.1894136388356982,-0.012853401173973768,0.04681490198751072,-0.029361283915584516,-0.0991874915117825,0.07847258489848546,-0.034685511981951786,-0.04324945102055932,-0.032149345789015286,0.08335959920164752,-0.14651537222772612,-0.02663797004405807,0.08886974870995525,0.01152937543555025,0.08181779481661795,0.1701194014063695,-0.10036029885759624,-0.037180087064728945,-0.07984242048519144,0.049665174400987916,0.07136285063459344,-0.060411716011328956,-0.002376397935609001,0.044576430540748516,-0.14783588730730982,-0.09523067265127624,-0.02226727616995605,0.14313364572520365,0.06595049506021354,0.06710986028594497,0.002408712361913165,0.05698670370286902,0.028030394145898183,0.05806074471109285,-0.06668018333064284,0.15515713864821298,0.18460432712310662,0.14724586303332624,-0.028670439865330754,0.03069944211835436,0.07998937130654016,-0.06886146076386633,-0.03919682439590885,-0.07782543762584516,0.07064034813644025,0.10012660209084324,0.09385114008873924,-0.029178808777050643,-0.1104408310768176,0.10475661871584115,-0.014973235147570117,-0.1257990929644524,-0.10622801969486821,0.054017118582779945,-0.008146703816970394,-0.019731595971155588,0.05765703281755475,-0.04258355037534643,-0.06553660585341897,-0.08023676673914416,0.004883780459791897,0.03129502728569828,0.06079086056507584,0.007182526353827497,0.17066755051934313,-0.06524245174328616,-0.021677616436781674,-0.030381029235873158,0.034611218489809296,-0.031093983250912418,-0.0339357800051107,0.010725308467851071,-0.12659120517315953,0.07136662050125887,0.010815894989594602,-0.007634760914027637,0.023152849780406624,0.054110974207268986,-0.0637452040105819,-0.11655502330340298,-0.07634091675953998,-0.03483363408898543,0.03900035655725438,-0.02107430298401996,0.08728513235238398,-0.06470839763630282,-0.09324360815497391,0.00466360640304006,0.05755431324468218,-0.08924649371179874,-0.018444703911333602,0.05855577584258911,-0.04712287995009308,0.07836350105925177,-0.06442548304165643,0.014513451311022893,0.04381850131125978,0.04984599003999192,0.07007032048611067,-0.023777830209337783,-0.016015284108937263,-0.03197629705898825,0.044472689215020206,-0.022122382756335407,0.0677776039248806,0.03285809211625079,-0.02188082219942353,-0.06608561242703008,-0.0522928294031157,-0.007094181265890738,-0.04126512385991172,0.059757975743032155,-0.020573468005824377,0.010686286601578035,-0.10063090859334334,-0.07751030217604138,-0.0140060280274868,0.028284061611377757,-0.054962066456569945,0.06246173440108675,0.014068835263704154,-0.03805209056378554,0.09161800865327928,-0.037753364621144286,-0.031097544735149606,-0.02407575066624222,-0.005179041219947298,-0.000932134015505368,0.007404982690678472,-0.10220104894482404,0.055730117695117036,-0.04578061222952053,-0.008642872239716735,-0.06408021478718903,0.044577978628024734,0.0576933718450258,-0.026632815206653143,0.04026056964799664,-0.038428092279274254,0.013732372439937997,0.04937782338204245,0.05025127609705343,0.03425994994830534,0.0349101851198503,-0.0024967481075867893,-0.009876489120659306,-0.042891223084946396,0.1045075013582064,0.0867948323188629,0.005078208665747955,-0.07795482999185101,0.07714711097248957,0.021941111847902973,0.004139867024628638,-0.03183394200921188,-0.004291276601589264,0.059055769854812916,-0.015066111988040039,-0.014848855168966392,-0.046812424433609466,0.043542875980592075,0.01209551446962047,-0.01131753042383153,0.029993328859163983,0.036786169637924984,0.020922750367104698,-0.0196510215993303,-0.01690885855804207,-0.03305229838681678,-0.08078350868740579,-0.04465669428625296
Formula 1 2020 Kemungkinan Digelar Tanpa Penonton,sport,-0.08603540096407335,0.05808403362172026,0.21597525190957312,-0.06120587383725712,0.2533733271111787,0.04830265107256066,-0.12930224454664743,0.13988862991175682,0.1082356851520563,-0.017406651253254867,0.09445357796217646,-0.04287778721582354,0.14556798019867864,0.017542237029133646,-0.15676899166117764,0.08391138596897345,-0.19957460816418443,0.12409298061119796,-0.15744777295895426,0.12786765629887684,-0.04965725218126723,0.03349412326350318,-0.08786526135230101,-0.16706816915029715,0.07518006416396956,-0.02678735134712554,0.001801000986232091,0.02174384581488717,-0.0625548292957779,0.024864487495518253,0.06065264759098254,0.06428461687276239,0.05323930221669886,0.06901929420037012,-0.14631791679915612,0.11123087318171167,-0.03547120995042361,0.018827049556994293,-0.015344744750034087,-0.030556495272793804,-0.0763432545269901,-0.04040108427742646,0.003566524514911591,0.08626805953202416,0.06571692702935167,0.11498613242878983,0.0372058419026994,0.03603975421209135,0.10066585990485499,0.10891678759374665,-0.008243402991201515,0.001461725023665173,0.21574494131407276,0.06525191527618476,-0.05819314699542077,0.09730809503157298,0.04795370891250662,-0.0019309509930732225,-0.11719763223549083,-0.0219244552684875,-0.12204659127516403,0.061999588192298186,-0.008155123934162211,0.038323526917001735,-0.007605890683509377,-0.017166999939059072,0.09485061927402169,0.012525502846871234,0.023410357110345545,-0.04665357794975636,-0.06360497135494626,0.01092061303448196,0.06030482882437492,0.0720243040381586,0.03640936173100739,0.03186730755695105,-0.037439493967848805,0.07100678787200541,-0.0538468734347515,-0.035794267303568744,-0.050213534731626396,0.11194251775354631,0.11689541540053229,0.020353960839427303,-0.005968882625599281,0.01581878898816082,-0.037590702979391453,-0.08986477304000058,-0.020341783240686702,-0.03970367563919959,0.17170324076011337,-0.002236333277452315,0.08533150572246455,-0.08305265534357488,0.02465024886824209,-0.004049334154531632,0.10437032292472535,0.06168060779886028,0.08982295108769439,-0.012312735946154358,0.05961482590454766,0.08022012352470796,0.03301969617334506,-0.006311532110822781,-0.011277689923769067,-0.035723231552524784,-0.06451562348511417,-0.05314236310519829,0.06554363170816101,0.07629186173157113,-0.009720647310628616,0.024777302913218082,-0.03350001883986754,-0.11754705502841035,0.09652858885263389,-0.019280464822004267,0.016237681972603005,0.03674660092375926,-0.02505769396267926,-0.055476083095910914,0.006626569991879135,-0.03622914722629612,0.03588565968110447,-0.011206841688023033,-0.004830997216597848,0.016943987670337415,-0.02134518659054427,-0.012141412518354383,0.027830731152649626,0.13335707155582388,0.06804494840591033,-0.019176388318661815,-0.031364116521454086,0.02195060696596247,-0.05095997936609688,0.034602421531394714,0.04883225315634968,0.019281199680172136,0.009468159428488877,-0.03571833513349361,0.014691078448414734,-0.0325498126647702,0.07424503741894088,0.0001084489894952754,0.051236743137364635,-0.05746056851866048,0.04793992961073312,0.006779552160196962,0.13928512672580465,-0.08833150430900295,0.021716342343302067,0.07435035373413142,0.005802348189232701,-0.07177563875015419,-0.020969856392156174,0.004302942705998869,-0.030828846271796474,-0.010170417730910567,-0.029217950030633367,-0.02271941372996068,-0.06705461102612058,0.04941865303552756,-0.006908952189969409,-0.0173110244744695,-0.01100222259079561,0.04826556843761759,-0.03163868917342928,0.03656550340271775,-0.00948871926367324,-0.012396876407461746,0.0063871352573069695,0.021851917968725508,-0.04608423323687741,0.010718259272076267,0.009983451796943
"Alex Akan Didepak, Marc Marquez Pertimbangkan Tinggalkan Honda?",sport,-0.010822746525495981,0.236436144763497,-0.07651366265346556,0.21931918621025115,-0.09955221791923925,0.07346381053850261,-0.041406929073079274,-0.06399225962369218,-0.19338643222400598,0.08683601223990245,0.21407670689381367,0.24746641240735878,-0.10337390884739343,-0.009559912498337222,-0.036757884375747445,0.034472412955968174,-0.20758049867615208,-0.002680202316561645,-0.0020233942236275986,0.035046159376161796,-0.07044224887666045,-0.015873312176658896,0.08688222076126656,-0.027550093538345102,-0.11816506546595752,-0.11611827649151774,0.028509572735217936,-0.018905547605523577,0.00879055018683439,-0.10211149824543864,-0.025345660948695777,0.019832691181610306,0.057385873725006,0.09945901091852946,0.16027389681689289,0.14570801539685363,-0.09237634644469114,-0.04102239663880589,-0.028847584197277877,0.01772034610090948,0.13106215747231004,0.06813610147190402,-0.05042590131012931,-0.06960190807330555,-0.060112782370598535,0.04411818130069908,-0.09177435957478289,-0.09693239355792056,-0.14572896314918857,0.1164551137485011,-0.009644422437046845,0.037267795419685966,0.028693857085935318,-0.02690855425678536,-0.02979767956654889,-0.11143140208072905,0.07354374303309408,0.044446541708120825,-0.03380553555403176,0.06116491493180249,-0.15525047860532423,0.06743224520560473,0.030482120713998948,-0.06175378221445054,0.002717364081506682,-0.006779813242654384,-0.0018144208185741084,-0.029857861287583404,-0.07067783281756601,0.015104612812255915,-0.017976019930112736,0.14169346265649,0.02008961455600986,0.07640824514774605,-0.004049055764992001,-0.02030892215708673,-0.05797540291612086,0.03050152562871332,-0.004452719890716477,0.000310278235733651,0.06046010936614708,0.0010837167068893732,-0.0367025330062215,0.021389184393328306,-0.036666684869759755,-0.06725110297045409,0.020292753728365913,-0.03411049184215293,-0.02989617434511675,-0.011507591398793739,0.00849225393004036,0.027506168283834488,0.004463444879696638,-0.042687230327845556,0.02645481551220008,-0.03279268334712886,0.08193185334406647,-0.04059887164624893,0.020860727342121615,0.053552107321322234,0.0068922674204429015,0.035440223078485183,-0.06699654542692925,-0.026168309236102697,0.016170120557449836,0.01895835713972091,-0.10934762022053209,0.02523031638148036,0.0399751362488437,0.05588721525700949,-0.02962200199403089,0.009988102796715127,-0.048712766694069314,-0.033136143657891096,7.179197633822743e-05,-0.05108461021007958,-0.03207261930609937,0.02375627852608768,0.04406114276582444,0.037541181297575534,0.003484223201389838,-0.05874427145513126,0.010086863439932344,-0.036539769596047614,0.05661191824970277,-0.03108716058853374,-0.037664725742209214,-0.009585915567895922,0.015342008528568738,-0.07697285029102052,0.00021359247139387413,-0.04698222047173705,-0.001715345608896334,0.0434004204493821,-0.07622863384794668,-0.05207270491154445,-0.010359302783070335,-0.09389941709659291,-0.0927661148675403,-0.0027282103401094645,0.03341689941428022,0.08451933923023826,0.02579090192243899,0.04783508602253268,-0.018942885290535578,-0.012631925653724643,0.03740190295804205,-0.011558272358651549,-0.028541986199219202,0.017085637689316993,-0.07509337773846039,-0.00970182481876874,0.13899964448675975,0.015226924162739608,0.011098082925665864,0.0013612289671720158,-0.027917660755754706,-0.08689925835405503,0.05919599861044832,0.11374938669990174,0.07137234315776275,0.03540567941697943,0.01477776390766738,-0.002996386217019842,0.027602021862167193,-0.02640168003552729,0.08084597438387324,0.10558129716694735,0.03306249499846471,0.06350979795067563,-0.0016778383881959416,-0.09249116396357975,-0.05377053343362117,0.16057023688372546,-0.10508302806678008
"Akan Jadi Wild Card di Catalunya, Lorenzo Diperingatkan",sport,-0.07388221099466832,-0.009336522515956923,0.02355659216989236,0.1831661092878293,-0.08853902650374297,-0.04238435357904787,0.14735493365245517,-0.04152465086569189,-0.08161141834772863,-0.01929603022991289,0.20096759287848676,0.1075352258032174,0.05554969039757672,-0.023352343648178356,-0.013364470090364516,0.11947585360061982,-0.007240490954035353,-0.03229037658686515,-0.04162254933967061,-0.09942438386155664,-0.07189728311030802,0.04464607116175537,-0.13545714230906872,-0.01931536184171972,0.1461379802125011,0.04580287630940273,-0.05640955987379923,0.05330471266143209,-0.01464316432111231,0.19453075039456444,-0.10698011109076985,-0.08814196194633922,-0.11514174813238677,-0.10559545910697223,0.0010649055749857648,-0.03244272083758603,0.06473495766138843,0.13810670734962832,-0.09230890751758404,0.13954234165570756,-0.08693123915058375,0.02813062936312246,-0.006487456342973542,-0.05283705180434678,0.08385692765012391,0.010513172497118826,0.09620458479975433,-0.01211455592935765,-0.003570173330219408,-0.11661134922154534,-0.024064637095723207,-0.023155695207788367,0.16691386659925622,0.07389995415165361,0.019902942315711786,0.08042153805452906,-0.030767366475589107,0.12706765393890407,0.06278815458274588,-0.006505063284535046,0.09878835999784263,-0.15574523396319945,-0.07680697077304177,0.032082047152318674,-0.1344275273163255,0.0789349333554813,-0.035421358343083416,0.21061943113027182,0.026508396214187296,-0.004473998148609328,-0.10294385012972264,-0.09739390232827422,0.011705585173489564,0.033927599730832717,0.004211296427011888,0.035809603952692906,-0.11632665387952895,-0.0466400553585397,0.003214468701628712,-0.0119543627853385,0.05021994514724094,0.04531857964718344,-0.054384037356929794,-0.05719434531623708,-0.03573823693171018,-0.010462165167551217,-0.03237980543338734,-0.04085867459256205,-0.00016917842221723066,-0.03149438878861659,-0.0719930348788948,-0.06563982762293662,0.011823715310360791,0.04497248959874729,-0.02499612435073437,-0.0614053981639049,-0.003821892794309066,-0.09144112673207702,0.042749682976349006,0.00971991707249621,0.0453002169802334,0.023679551618093563,0.11081552990781515,-0.04641467699501903,0.08746506479124562,-0.08833388245922431,0.052448233447218544,0.002131296743399791,-0.06512523238604206,0.036582670477605946,-0.029258297906647582,-0.1553858252895962,0.10812945233385453,0.02548693440108513,-0.05467884622982472,0.019491089595174572,0.10683269249311259,-0.09843961531982362,0.023924932723029417,-0.021237789969195356,0.02758257247152945,-0.04426434886057428,0.012419314928596353,-0.005461582188960277,-0.06115786553718634,0.04702954918319777,-0.02042727645843892,0.016041676044719008,-0.021381539744309,0.02283718663597313,-0.04390429437121948,-0.0028463973948576926,-0.13729706870696065,-0.03844806026603629,-0.03716331774201374,-0.0709203803852744,0.18198120085430125,-0.029657294270082506,0.006926532142294682,-0.11747522447636788,0.09330777903494487,0.08682982858352692,-0.004585315631224456,-0.00597319318546436,-0.024619734175997558,0.013742539071247359,-0.10844604276754592,-0.06694605007574495,0.07724543338030719,0.024153548060012128,-0.10984874663649793,0.059750237799981426,0.09453499490607363,-0.09193572886121805,0.0540542561487407,-0.053292057724853986,-0.05610140249323023,0.03926935868270983,0.05813985040155988,0.03901259507938151,-0.037415706059070436,0.021031456130908715,-0.02477303171200421,0.07003697673047296,-0.02649398556511544,-0.07250768155728984,0.15152272088860458,-0.019942070801061248,-0.017124782114840007,-0.06734108701040904,0.08390929403417331,0.0038400014440256166,-0.03781624815975521,-0.03252449029929483,-0.05513617455591382
"Hasil Tes MotoGP Qatar Oke, Vinales Tak Sabar Balapan",sport,-0.15326556867892285,0.055635926251266905,0.4639523074628834,-0.008768187708509099,-0.3504281763266143,0.11501060072743641,-0.0111775419147407,-0.16124005407060601,-0.013219337951406286,0.052568043218262035,-0.13902963703781632,-0.09435968256454809,-0.16458932270218884,0.02421861865103537,-0.0466062371113838,-0.04480248597522801,0.16094785689367874,0.04902638476270185,0.1231980834853122,0.0695180911060255,0.0577930172332375,-0.021179134310454303,-0.013883458610505947,0.13914524968365374,-0.04600844235171474,-0.04087905406738245,0.05217727716598541,-0.04760255542161141,-0.028559702588639196,0.03270322050920969,0.0025449230289251485,-0.007115832145538283,-0.036187698484420716,-0.016948100696971283,0.003910215653176035,0.04976869369529895,0.06774647094309277,-0.05926234635374603,0.10443737501586771,-0.00106282169756236,-0.020033510894359587,-0.03547085498928367,-0.015603385864048422,-0.009360687523842854,-0.015578852863433065,0.04692200561327496,-0.05969688006556384,0.06727388697967161,0.03753975522236096,0.01952426628476863,-0.019970394231101838,0.0068087608479033505,-0.019950731570331077,-0.009506121277863594,-0.04433190462515924,0.10307100042382585,-0.027484046646162864,0.07213126864816649,-0.03598018931761015,0.0013327350307047788,-0.03729355734600949,-0.038110209838914715,-0.008852258540925055,0.06018932672098284,-0.010339162561938208,-0.028658987229318127,-0.06441860054933697,0.018238787228105662,-0.03198072445026595,-0.0374925871822406,-0.009553614607300233,0.03829044457492213,-0.053816809315415354,0.04845759507303759,0.043823148802594754,0.03960558631011869,-0.08291978992074023,0.0936130054630956,-0.009308378144421802,0.003985220811309556,-0.04106416497496882,0.02447530155873167,0.10253091408057194,0.019056059700715097,0.00840819268643843,0.02929667006703761,-0.0277964093744812,-0.03360330631777639,-0.02194107090274864,-0.050803104001093835,0.029687827792368157,0.0027366494952828645,0.030078335290679707,0.03087478119175316,0.018702328375583437,-0.04348548844334846,0.01444572237318454,0.006616908382996306,-0.04157899964231923,-0.008524908092280629,-0.07139580310199996,0.020375671132813192,-0.05057497920491072,0.004543962661543636,0.04852569051719225,0.0267427529461977,0.03417702049412009,0.05148339638094276,-0.020452685204090167,0.014268256533509844,-0.030183339828020246,0.009936589317792122,8.978448403820715e-05,0.0241070947318583,0.07117927904244721,-0.049815709168987025,0.04753662914029308,-0.026505161377947888,0.08598653800218459,-0.0423803920868496,0.012328308834605417,-0.09882224950048704,0.026240636521772262,0.02982528996544832,-0.020162191878106236,0.03755625931619269,-0.008676950469661741,0.03964031812765939,0.10398455696507829,0.05116897378874912,0.02233876611973523,0.026680252333540287,0.03869792917601601,0.05552220091073977,-0.030342843781828763,0.0467167678489198,0.10852420885515333,-0.010571756080906158,0.004153590224359986,0.05333072091254257,0.07917039004674167,-0.037548763751197464,-0.03227043419494961,0.02156709328978144,-0.004432098462740861,0.022940866103071507,-0.011757583444284124,0.051914149653282435,-0.03941906740682023,0.019323356748791674,0.01316197669891946,0.013718543363822597,-0.04793152888204212,-0.05111553052804918,0.0318643294887484,0.02490816461199067,-0.032846133098504815,-0.09435973195259098,0.0057901272492553255,0.034648493562706176,0.03890758043533083,0.001746639174746553,0.058857945447211846,-0.012893037226093378,0.045274013914058116,0.08847611753088871,-0.0016691879075130976,0.04059378212144297,0.02162075089466463,0.05420255398543531,0.03705585049301166,0.02650945722707976,-0.09736475452629421,-0.03631708335850405,0.011935374798903997
"Setelah 3 Tahun, Indonesia Lepas Gelar Ganda Putra All England",sport,-0.0576941901547625,0.27768899826493226,0.13100573992524908,-0.19354640875508722,0.19418467283518165,0.08426871043420203,-0.037836693457007166,0.1424128567230254,0.07864542793036625,-0.17520145788100625,0.22484561933005848,-0.12352485252845509,0.06123521478177376,-0.0003209193901361887,-0.006222785579293335,-0.02681674080804139,0.16477446835170678,-0.1680674830455568,-0.018481396845136625,-0.03670789091141168,-0.17722716995993518,-0.04909125213237512,0.03657668308509123,0.03151277705711072,0.1407892975788827,-0.06340351610310153,0.10213428837094359,-0.012595968715632462,0.001247656507009741,0.06065620842046115,0.03441618977360358,0.03498946826636958,0.026679829859068558,-0.11948365091198325,0.08725919779956322,0.08881398793862552,-0.16200069790075083,0.02351186890934466,-0.18914757584905376,-0.1652573545286805,0.048846413433868995,0.0678581028552536,0.06338213702325957,-0.027215793094378035,0.022726462074923084,0.019548656027463245,-0.021768317170988837,0.010897699512558532,-0.01722807264899487,0.009610002116615772,-0.031938667846963795,0.08004602223057584,-0.01596416493645801,-0.007869854510425678,0.08076777967882885,0.06719413589321015,-0.07724683494513503,0.037946928296558366,0.07857682288087209,-0.013021982976152575,0.0333761242507512,0.10124661728817055,-0.015255310876390009,-0.005344520272658738,-0.02051024130905103,-0.019382027708607707,-0.04304829121892492,-0.027809719270349705,-0.10238543873943638,-0.03927123382028303,0.013108444904528699,0.053678119159470655,-0.04451963825148798,-0.05176356280497781,0.028869360476743936,0.07588899662039905,-0.02013605637425223,-0.04571755191831401,0.017377024744168013,-0.0019950975805124904,0.02838163782506153,0.03221374714214886,0.0270035562051754,-0.04773080416031584,-0.03410680662470992,0.006619226655317568,-0.018933194386746895,0.008797568350833966,0.03552523654621614,0.04959180147708772,0.020475793918809583,-0.07515823734315026,-0.03942888388478581,0.059040902774300144,0.07432563780621322,0.043469061162810387,-0.05113992541062171,-0.023678653189012324,0.020301671943136892,-0.06752576283212623,0.024093436788572814,-0.058074536910003666,0.004919407993545204,-0.029472479666082196,-0.027259154467530872,-0.040840891434728854,-0.05378228443795159,-0.037407737263587454,0.025898482555286012,-0.014029649872780315,0.01171744541198621,0.023248308305679678,-0.0068550924163543,0.022586940297632564,0.0395796258799573,-0.01784117569494746,-0.0228277340868743,0.003042554637893867,0.08664625263048002,0.021563025153625744,0.07545484588957355,0.05863319158698846,-0.002211117427539517,-0.0672693134533559,0.06482645711702908,-0.0018680855682495692,-0.05587533080659379,0.03230252979912532,0.010745003415593979,0.04585144796430823,-0.05844523904330996,-0.011717719535902298,0.013482926148320293,0.04708281559972504,0.03499046001023208,0.09179136455887454,0.021638914337152856,0.02900749935348673,-0.03438944206865352,-0.0437650825723925,-0.025503540436434623,0.004197242288410904,-0.055944289493382315,-0.03665238485976007,0.03850086909714621,-0.017839413713687545,0.046138237862823415,-0.017638754616348434,0.1111602273806911,0.023927669099278865,0.020529784214662332,-0.08531439852707583,0.0018135931119679948,-0.046769600489356286,0.022262006936174143,-0.03425614829765368,-0.006418866170917282,0.004743839027722204,-0.012238156064291348,0.003979035424667435,0.042325623132284516,0.025035248918947244,-0.010992520899002826,-0.07223402061170123,-0.05633957279489427,0.03906527863934547,0.07653309096675208,0.10883159951826028,-0.06224506604451714,0.0487549511738,-0.011787106415240757,0.015086122965538244,0.024683300417931046,0.009146592537771968,-0.004740268369514094
Kobe Bryant dan Deretan Atlet Lainnya yang Tewas di Udara,sport,-0.09732666664274257,0.006122886756884032,-0.09441465539360713,0.061677194542627496,0.0030617589473519993,0.0775415885118847,-0.0809226197381325,-0.062274631337093884,0.046773652272678316,0.0730383397260357,0.03047177739870318,-0.14419042237942725,0.024027703022084717,-0.10592428045263691,-0.24047824291456518,-0.30724003369146186,-0.14169011747369276,-0.04715807326127458,0.03231064228861198,-0.2490535356847881,0.022995661516631873,-0.11351492916845868,-0.2366136055358925,0.06471558418522927,0.05046193622132951,0.08009494120112605,-0.19785615323957315,-0.05456948397446918,-0.13679606699579597,-0.046868596466812455,0.10653968307492441,-0.0398941093486228,0.0170989780276803,-0.06177261715049676,0.11251670100910095,-0.017584994348047882,0.05066854740558871,0.07038525897889811,-0.013921346631825364,-0.018417546991181675,0.02444191774906945,-0.021184952263992585,-0.09914225876302643,0.027374579523635936,-0.045002786523737785,0.0021644844354723716,-0.10739048657242155,0.03597933113808943,0.03181751478087148,-0.037977581032483776,0.019129566471003116,0.03366691782201062,0.07958266737063743,-0.0714942757039567,-0.08444800215908087,0.04385039519633764,-0.029598672015852073,-0.07467678177790749,0.04621913404375963,0.025649515679435953,0.001007375948600753,-0.02894679177174638,0.06390660862230514,-0.023776446636000228,0.04101393201932146,0.08297000268961494,-0.020314869445817077,-0.03943494765392966,0.08345625966799235,0.0021272816357602734,0.07511853879998201,-0.022009601606092964,-0.12427594625429447,-0.02351093561241302,0.06038557238247277,-0.08283148508901397,-0.031127952128358206,0.02861210794340806,0.022567834331265763,-0.008496805642738262,0.008500137397434326,-0.01622095214316496,-0.06429685250955074,0.04318364616386115,0.032450435537762785,-0.05312256311245569,0.017342894930196466,0.04525394327949674,-0.001276601786113395,-0.009455843989226227,-0.029947673553383205,-0.05733263493303832,0.03580284088080601,0.040758593072821786,0.043405052335242764,0.06705439934238809,0.045497644765793085,-0.020484956541339375,0.04748868741871017,-0.027101130553253847,0.026995154966087537,-0.046470680588212084,0.051330450101162564,0.0027667968306029304,-0.027483027250881545,0.004691601814576846,0.013470693380174292,0.04731555353022049,0.07663909116665316,-0.00090239704107386,0.06519093231957106,0.0589679328444947,-0.13275088531275528,-0.04492473381840624,-0.014662215331461203,-0.01273413618589934,0.02636873712642483,0.06809286619792054,-0.05096534249975462,-0.01683802995743757,0.02998787481378407,0.11597279037183748,0.003685820150092706,0.06069874251597242,0.05511501301705895,0.001362689199356092,-0.06698449694045111,-0.057602466033169084,0.042004237676243485,-0.04252222941029075,0.08970729196170225,-0.06562910350357977,0.06019502374052674,-0.02761554959388407,-0.1588510755890272,0.11669679574532257,0.007767075381731446,-0.037469515767518446,0.11564756584985186,-0.07612583508746577,-0.10856607115709693,0.03830947175249523,0.058637648624310465,-0.029179538401080625,-0.0468722464087594,0.10340321240108322,-0.06470569040219859,0.02197788441349025,-0.10914682325720348,0.03143757198350636,0.003233495680766452,0.05705229411354579,-0.009297183804654448,-0.17448888753428315,0.07055263060356225,-0.002665311086384431,0.006940914244706355,-0.04777075983114958,0.051418548011688193,-0.00698891270214385,0.04764111929477204,0.01647022140890952,0.04441772942879919,-0.0009445296943600106,-0.04270313057616704,-0.0606351600084887,0.02306588758554456,-0.03577060336278913,0.021545166665640623,-0.003558649644423863,-0.06443951995759176,-0.06716797648949577,-0.05916703852437762,-0.09259879812073346,-0.0583188604026846
Yamaha Harap Valentino Rossi Masih Lanjut Balapan Musim Depan,sport,-0.11326943082185646,-0.028501417591304812,0.06849804676086615,0.02036919724747286,-0.0642424517658996,-0.03614172788728886,-0.051600428845463404,-0.13065523173741522,-0.07302079114110988,0.07290118314215223,-0.12789702746990267,-0.019898969463450104,0.1303212762455283,0.454209081486329,0.0707395222519254,-0.178535091085155,0.04397981729493632,-0.018611423418536218,-0.005409051277487441,0.046496954878459236,-0.28666177214162225,-0.01564033027465647,-0.0901607263357935,0.03277613336941898,-0.03124036226506484,0.05504653297057741,-0.047587906008705834,0.013950699034349666,-0.021618136052786414,0.015547312699778538,-0.005719054531313978,-0.0709193259309706,-0.047276864262683675,0.018955582123842747,0.009736016337261936,0.03067256866752662,0.09491190376697566,-0.016413263264811427,0.03704776847772159,0.014012880849309663,0.08166758570266672,0.12722505536659406,0.017874029961077807,0.04362278315691588,0.06039699500456944,-0.046262856885579816,-0.059982491675716135,-0.0324717733265109,-0.001851294114688106,0.024667516002812445,0.06666769095092202,0.035505131132372345,0.04051551124763418,0.02189873289996753,0.006946213472507568,-0.1133293613497372,-0.05443546530601086,-0.03139494082161009,-0.08657545153872201,-0.022069338484307338,-0.003741662602243464,0.029213749467510017,0.012971896937960444,-0.11251871603803817,0.015274700969592967,0.03779733200013591,0.02687641738191165,0.03447958405176572,0.027537931188495138,0.09530156233046126,-0.008077488550796737,0.06153411129165494,0.058444453433451775,-0.08654402632748259,-0.052522364629831376,0.17074085922062912,-0.010744237919506067,0.032433563155201656,-0.009805643486627758,-0.028720003041682044,0.012421223960699978,0.052966579345410325,-0.0009597508986381367,-0.09207334590790398,-0.036429114428918934,0.09922102985739968,-0.050813503592327176,0.012002597410368751,-0.01431825228113809,-0.03819877529994272,0.04935327519271715,-0.022593269316480088,-0.023004397919846275,-0.0632771675604052,0.0280377923316947,0.008586791115968384,-0.012553072812706585,0.060261587421629,-0.04647961021710549,0.023384337860127054,-0.06820014810947532,-0.00944315276731742,-0.03032383628507623,-0.016649845507039053,0.06363939229321935,0.023204379090413552,0.007139448518084338,-0.032049686456949826,-0.021586587950898593,0.03524895772341165,-0.029988177381274513,0.05258495681077244,0.03200074368626844,-0.047130247702373215,0.09891300328564759,-0.02915933093140785,-0.04190603044340958,-0.1392331343651975,-0.009642860925717037,-0.08228593542650649,-0.04273596522228511,0.00881535239266423,0.046664719932727014,-0.1364075926582309,-0.04771965023865805,0.047169237102805246,-0.12432483345168686,-0.015214244667630253,0.01819424957763809,-0.007726818055781061,0.07223332190713659,0.08446499410995117,-0.05221299852160037,0.0550912672466331,0.13703553427175777,-0.014601554651275075,0.04612013443745722,-0.0013396012795615214,0.042648318682710476,-0.05227923399065359,-0.15699149451543265,-0.16814291841565127,0.012813629242790755,-0.02191018449450491,-0.039209930830230916,-0.012680525584238283,-0.024684718387408038,0.01168425499972663,-0.05482802023162742,0.021727511515810743,0.0434669154385184,-0.052407575173219346,0.04286729564109477,0.020155604672346703,0.13839527320324072,-0.04245904846432695,-0.11874027542890368,-0.06521322961855947,0.1357332553843903,0.02719546200145015,0.05281641761826627,-0.005831594840701645,-0.01415646272078922,0.017019380464231043,0.043344185435672665,-0.04016616155191158,0.030840591657449512,0.09422336296671299,-0.013433106386354853,0.02070873532814665,-0.020961724459896535,-0.015251315510579304,0.08140425946807411,-0.07491676404538818,0.010020044492932279
"GP Virtual Inggris: Debut Mengesankan Lorenzo, Langsung Juara",sport,-0.15045794915992622,0.0860257714931107,0.013730491120601145,-0.1046331891289242,0.07269584550311875,-0.03902963954906798,0.33787211103600795,-0.14638228769303963,-0.10038056725915472,0.06297709687463762,-0.03544959184046689,0.1379562228595223,-0.01532972164551143,-0.05792462031072582,-0.0509969854332521,0.1243345982932256,-0.03975355194668936,-0.017608496870509527,-0.06514408952779287,-0.055935621536944646,-0.02927423846502105,0.12150432448013812,-0.09781611133669187,-0.1945782943278848,0.12832771785494046,0.10668519710012853,-0.06569558936183606,-0.03415855160945112,-0.002517157160899341,0.04804787273299189,-0.004416240142714714,-0.14826468268986487,0.11983866846501597,-0.0808082472391392,-0.05608120911480902,0.035436190225338435,0.012613917522239308,0.11257717257889724,-0.07644550611615317,0.11531091316033383,-0.03498234397439896,-0.061499502248500024,-0.03239738853655968,-0.0045647571230316005,0.06771383143124658,-0.01690170035850858,-0.008187339118836434,-0.01195941125059526,0.004275606897795994,-0.06002343808025009,-0.006778684155154263,0.03331277321055904,-0.1042464415723077,0.02920829895151719,-0.030079274324665405,-0.09768218415695795,-0.003541160256320791,0.002999792036318291,0.04917197080097899,-0.08465974949369898,0.04847121460954649,-0.09185693639716144,-0.06894903172879369,-0.07727872560466886,-0.029051289027128762,-0.04805262466605302,0.06760208818119323,-0.09329063573288145,-0.1073045431637212,0.025726908418864637,-0.003311441889662003,-0.09416390416993366,-0.05543326472833123,-0.025809430175217054,-0.06383400901892204,-0.1026886847561084,0.06703440308854794,-0.05144709261724897,-0.1297835973257776,0.05442924261294543,-0.14731739667522073,-0.07213750716865831,-0.043577977298808246,0.06645371625691027,0.04443736747801002,0.08786386895793645,0.008413251220345945,0.056214403250070225,-0.03160987916748262,0.024757873623262525,-0.012180022789846695,-0.029942409812691143,-0.08817959315390632,-0.09701492674099156,0.012858629926206535,-0.03255002030657252,-0.09694089776560509,0.04347307940278951,0.07116726081803416,-0.049389232592922376,-0.09183910928136785,-0.0167229716073353,-0.03446346291882057,0.04877885346349505,0.017038904457274632,0.11385161617324854,-0.021121089194578075,0.044264066076596324,-0.052318128062336725,0.05474231116709953,-0.004426895270467342,0.006917578650314685,-0.0444816663719483,-0.05944623772546944,0.17241175309367565,-0.1229805830167908,-0.07345109626058541,-0.05884701091292542,0.07902592446582289,-0.05584946271753079,0.10510325186234093,-0.019568046137761242,-0.03949566047295706,0.017655163733967652,0.00522728377493545,0.015352221446588986,-0.026274700466653804,0.05996099053844264,0.08378089916957235,0.007871465386565175,-0.022770905838813804,-0.002154767711957277,0.05752057103640436,-0.016774472805607094,-0.029454383970813493,-0.003897315209773965,0.02104013256355033,-0.039928833220152435,-0.05367531889066609,-0.004418048238820956,-0.00779344837169002,0.06838844092322596,0.08393973173362629,0.008509103932571076,0.0039028060523271227,0.012862694928091731,-0.004051689646725961,0.08423170667868392,0.007995431425410269,0.023909189124691817,0.043961803738275566,-0.041741542430075364,-0.06096707767490969,0.061185168561460425,0.139190781635105,0.08408736225902247,0.045543625542061754,-0.09216910126006952,-0.034272971074048274,-0.022775039679260096,0.03417677144519609,-0.0610390985675255,-0.001655656488438614,-0.15703295508245346,0.04768197669902775,0.0482995598216253,0.05971076487860512,-0.05232172664974779,-0.009377193379247226,0.03339374870362656,0.018795352984343688,0.0437584999305846,-0.10867983413290142,0.050408599463446134,0.028214565298321323
Ini Kebanggaan Lorenzo usai Pamit dari MotoGP,sport,-0.13969215786929745,0.08782507760777263,0.21699819491703773,0.1292361151788598,-0.1511560713885148,-0.02380486027552424,0.08251055817232515,-0.09289935646850077,-0.13664035074749592,-0.02360259547785742,-0.012300837939651437,0.11428590261680507,-0.13834573315397744,-0.002705899549053116,0.013669457395925807,0.03600850613609329,0.06135567581558204,0.06766444824659718,-0.055494597374133765,-0.13625235860952362,0.0048412989965436,0.06245085036315044,-0.06915427002742043,-0.15720293781870512,0.15741983732043766,0.01552295239899435,0.02506503987869792,-0.06487364738885448,-0.07549311549602372,0.03647299458646314,-0.02601696503980244,-0.008880014655810054,0.01344768152934941,-0.09398638394817246,0.0032560934069906754,-0.07952569590950048,-0.08477503792802335,0.04356557809042735,-0.08686830798651933,0.003821407129078381,-0.21190452622345157,-0.12207872720064752,0.15922230281953453,0.062425638696738686,0.09358302476997203,-0.03348192362255997,0.022697879571168363,-0.027660842158981014,0.08397517377402755,-0.14752469700638418,-0.042678027859542306,-0.09060107453781946,0.04838277231224298,0.0022407840878871407,0.029036668136683434,-0.018683225088780894,0.05604240345469631,-0.08688266568361473,0.07465878908515206,0.052107585287524634,0.1418151761265067,-0.06139291422552295,0.05605045532603364,0.10468104175129535,0.0706024764533903,0.06275299054950248,0.0247573016210051,0.05928775513272152,0.03459054200003695,0.007346234635621742,-0.06464933925412274,0.10915120745099749,0.0009619997235500517,-0.0355254871056753,0.006387064615895696,0.10263316315729759,0.10839649773427798,-0.04105209221586179,0.0029559259015400625,0.014273130878543231,0.0559892838573968,-0.040899887269214105,-0.11165856303334452,0.028898169949609497,-0.016679498711032626,-0.04090713953018073,-0.04396256329754916,-0.014305051207013643,-0.029685195802636805,0.026605586678577247,0.07291466688470519,0.013462634011856423,-0.011499891690194448,-0.05273708220448333,-0.10858852344618507,0.1544368686528425,-0.06910249866320121,0.09161098420956805,-0.04248622724829149,0.022244893700214458,0.10604019597977196,0.07655670889710324,0.015814063607085278,0.03793589942116147,-0.036583256434802924,0.010308498455563362,-0.12962489725602044,0.03297010997977434,0.006060906225155764,-0.02774764727908929,-0.005664004227147296,0.038056943324031665,-0.047188416041262504,-0.010031267621667459,-0.09880196528042878,0.03816443490754602,0.00394028779805224,0.07083098886682808,-0.09296418974354287,0.013810096479466257,0.011660373933215978,0.08074018106330952,-0.02490419068730925,-0.01497478734383329,-0.06916494385267422,-0.051990092782487236,0.10896634703011429,0.017577138922206408,-0.060090335871021916,-0.02803539564712012,-0.014536787277798325,0.12704822157994258,-0.038128654852222714,0.12659266516652193,-0.07572393228892998,-0.013989968786170879,-0.11231330034677807,0.023937672034565642,0.07145396098732275,-0.007966691582966944,0.01414117155320421,-0.0676276847095041,0.11358238543853823,-0.06336509034699507,0.032390928074080616,-0.04644925657067743,0.1251987967910467,-0.04586058780015413,-0.05964408701650111,-0.078840175833401,-0.006480445681742956,0.01518385418829974,0.06032516628893959,0.019703141656975943,0.05505438415302429,-0.01892324821847503,0.059364825033506055,-0.07414914506973072,-0.014556432811130693,0.17612831878593693,0.11464733215843935,0.03400385335293106,0.02065340666722831,0.01065376892709786,0.0686053490071855,0.0067111055810327004,-0.06111126082844139,0.08498131463695373,-0.07398600238731445,-0.019846263164993567,-0.005757925729310354,0.0031582284881961488,0.014735944193349637,0.015952694510460837,0.0019675891746881277
"Menyambut New Normal, IBL Sudah Bisa Digelar?",sport,-0.081414985499554,-0.011593417682241326,0.1952890052585802,-0.14470720326921696,0.44079404618279344,0.15131583722405337,-0.23945196217236978,0.013040838982832538,-0.028810223189716676,-0.05264472500493972,0.11604661474819271,0.30223372430001705,0.06708054263828563,-0.08052491263684076,-0.09705946166317883,-0.02403358735498203,0.18367145073269409,0.00808799060884157,0.01167532392010168,0.0008246293441300822,0.005172191296944511,0.07492993310527415,-0.09230789794213475,0.015195248588889057,0.009381355254052967,-0.0762445518116163,0.026374569197867105,0.017152042899423996,-0.0698232376341873,0.05994069221788298,-0.021830256263847592,-0.04680479050761812,-0.04616701125927716,0.045876831882343844,-0.01126278800567553,0.026190358651826902,0.05157697316169152,-0.021211700286242682,0.07383413097190016,0.006545051337537116,0.08860693068761286,-0.00718260581051338,-0.04626325382233817,0.024901425698761928,-0.06244618020110459,0.0161459179266937,0.004046481032209062,0.008992642706668818,-0.11617708516921144,-0.08595764088695546,0.06660120106835443,0.04019926525982358,0.008470247519037258,-0.039970304693788664,0.013795503108973898,0.03687312420361827,-0.05177319416996045,-0.0900147328327023,-0.09258865557736008,0.004124900213573426,0.06369030942890026,-0.01923888104391529,-0.08221481190632444,0.08320064518880058,0.029690521630547296,0.054573679378486735,-0.07483022766506015,0.028820968983303316,0.02024936505126194,0.07643758572453589,-0.03780757887984802,-0.001146206571895968,0.08473476484792265,0.05788669378780395,0.05569378508234669,-0.025603268148855936,0.0711211773657908,-0.07995196192491663,0.004534610594184549,-0.010100193580879725,0.10831838420835634,-0.01342628518859862,-0.059984299828774554,0.0031932794153899115,0.027159045742401616,0.03777913833815916,-0.04905681651798579,0.02693206454620413,-0.011742168309160528,-0.008502389057779511,0.06738129485156936,0.09979453187451501,0.021544268828306106,0.012707433255643382,0.041342722224772824,0.0214308664866362,0.01282669435012074,0.0019626993452199057,-0.05439129134280797,0.04613860223396949,-0.07738461353709733,0.07290925042437803,0.023168771137581465,0.03449182078204154,0.03376211573565112,0.027319041143281122,-0.04695041464038217,0.05025926231910664,0.027160835261645543,-0.001395401972080922,0.015575111972215049,-0.062271548974936475,-0.07489020104091029,0.03146023725850447,0.06926051935028661,-0.025332457840641847,0.08545941309158618,-0.08750767946346802,-0.04652616665528952,-0.008247720496732528,-0.12918628981355804,-0.07057974178901905,-0.06870951520429719,-0.02138080050974557,-0.014165115447046918,0.026636825976803672,0.03217414833827744,-0.031422134202544576,-0.012862405611589384,0.014938114684720808,0.034501837036788524,0.05513646446608819,0.009871047354673266,0.03094768682390062,0.012749902437231205,0.040342147989369484,-0.04039089393733629,0.005812783546504409,0.030555402112599602,0.002793520489905065,0.0035734788886912817,0.03774205400479605,-0.020868683653934877,0.025230536995939322,0.0064929481983606145,0.02701038350954939,-0.013517675390246058,0.08225882008724258,-0.06355316068257524,0.008795237659567651,-0.0705350697041451,0.01711132351463337,0.015934241617573536,0.0010531665376496784,-0.03254119287356281,0.022920904874251146,0.03935105492300357,-0.07614681575412903,0.036533023680631785,-0.01916417206319658,-0.04966161880564149,-0.01237113559100433,-0.04666711639028553,0.048172781820944796,0.05961301392279327,-0.017820094285150058,-0.025324547532315198,-0.05159106138800512,0.0542336320901834,-0.016047319345743657,0.04640789879356772,0.017867500826864502,0.033113073391735234,0.033007111055184446,0.06568309385904922
Kejuaraan Bulutangkis Beregu Asia: Link Live Streaming Indonesia Vs Jepang,sport,-0.06567681872086506,0.25633932099741097,-0.04993290187739147,-0.22929861452559155,0.14127555408834275,-0.05208551234028349,0.28614742246846864,-0.029092652413391477,-0.027713816899433637,-0.05943396312096525,-0.0969405772666782,-0.003721701206739637,-0.0805147075142406,-0.04041789606261064,0.15510490616197306,-0.03651678114875797,-0.0801109826485648,-0.14958334442004445,-0.07541866742230396,-0.009084122087518975,-0.02033448563878599,-0.09701349656108495,0.00530024425847371,0.15280290963745016,-0.010950287256402147,0.08420772767861513,-0.0005718091753799312,0.04869588469047632,-0.04362119285247811,-0.04373079669602265,-0.08342028398205405,0.08563701382916603,-0.06799585977603777,-0.020641354275547672,0.046630074451678875,-0.06111118906847115,0.09523874038733858,-0.0471421703467729,0.11714475812451623,0.031054224888018553,-0.09619159015089954,-0.02910693672876535,-0.13703127637945503,-0.07666957304696258,-0.18794276840198862,0.07238443925221043,0.098993311070256,-0.11613629655829832,0.1215468971806727,0.09767551858933568,0.03587791876234579,-0.04882467232122013,0.10574997005935803,0.08279805219724574,0.022805710696695798,0.015773277341106583,-0.07665743661042675,-0.11253027597693117,0.04278563221706298,0.1223368403717515,-0.050611391468814555,-0.010868687328032284,0.05244234238689235,-0.008213054072459048,-0.009620705133308682,-0.012804980450652998,0.023375098661341066,0.09021659584489548,0.04281965169960906,-0.01110145582938954,-0.10844604080274851,0.010961373649674054,-0.03427680831694489,0.08039908489587196,-0.018079628860442776,0.10039592692838827,0.09699264490672388,0.1036353899520814,-0.054833866828430736,-0.06220125544279004,0.03869224275839806,0.009421138005318972,-0.055606029691097666,0.022780099173413254,0.0436641331249415,0.056154932870191285,-0.06926991201270946,-0.013005861192376199,0.0025316921860374085,0.020588004973467394,-0.010539583185374742,0.0472291696376887,0.020228351537472423,-0.003988629346909504,-0.02161132364574393,-0.05047133658455884,0.07903531271038933,-0.02359281785259666,-0.017455591711744836,0.031592889804359155,-0.008915921475037461,-0.006673310621068385,-0.05152771317026087,0.06086370335222977,0.04684467029860508,0.02663684628866705,0.043852406046673224,-0.049299554150958096,0.03757097072043376,-0.007661691769391705,-0.03888429991022259,0.008883957975416388,-0.037609543083766475,0.026353346534579228,0.036677842293833786,-0.00026530162960428316,-0.051069275781295734,0.07872659285210946,-0.04901605525576587,-0.04885681462212761,-0.0019566850852601935,-0.08487820007463465,0.062169095446175195,0.017157474133174765,-0.002536599733452913,0.010223104357599341,-0.003488169684428476,-0.026093414606439633,-0.046663694194085156,0.04331287251790114,-0.040819977004035536,0.025400038536306527,-0.040441575761154216,0.012570139578113964,-0.044533514434312214,-0.01643231094249023,-0.04093824323862051,0.0604507392764243,0.06021815298576858,-0.0030320350659354457,-0.012461399703761079,0.07952643021726262,-0.014358880026634015,0.05597254135284323,-0.06260351689477157,0.03480906858351504,0.031149799111866123,0.07522182782205275,0.05433614151347099,-0.06424739918293706,-0.05365375183031105,-0.011156994197886407,-0.013171705130589366,0.029925987249432736,-0.007049748610146425,-0.042224709446179245,0.02445068558295587,0.007470702348671157,-0.008716106392598434,0.009212030847914993,0.12930958817683869,-0.03347608785148144,0.007514348641617687,0.11813034225875348,-0.12219432192569311,0.00829714040398531,0.029001122964737627,-0.06246041117158711,-0.027805759892172613,0.012823976187083684,-0.08174794888037236,-0.009699790788885804,0.06769444949655583,0.05393197748014213,-0.039260542767978315
"Gol-gol Keren Joshua King, Penyerang Buruan MU",sport,-0.08966082556443039,-0.007904623526052507,-0.06109276715928354,0.03321058551319621,0.01192960939725458,-0.03464185280617149,-0.01657960899308499,-0.016797654644921122,0.058304273861587874,0.03613649898422964,-0.020714306724642213,-0.0028525153214008486,0.031693196865712446,-0.015548340037585278,-0.013396680475001971,-0.06017426484459822,0.018976372630505535,0.0703973253178878,-0.016108771492112792,-0.009635951587121694,0.0003118377490948337,-0.07853833511720429,0.06187741800290808,-0.07767037824891877,-0.09828890604810603,-0.2562598175347704,0.09327936649926212,-0.061887083506350055,0.048799931496438805,0.15058172954591179,-0.2075834064580287,0.09493024567810916,0.2243047985405614,-0.09706094245929171,0.06335972476553525,-0.05421635976224457,0.31267782359559654,0.2529281816355238,-0.022578421873433542,-0.00867083321353667,-0.041307122893988475,-0.013398212304647297,0.1007391808942211,0.015856227718760316,-0.03908253297628668,-0.02778285116266519,0.05651205213576571,0.01108298542701706,0.03841683195566828,0.24094750298446316,0.0004620420046623494,-0.0009233909319615134,-0.023992586835218273,0.029513519352540367,0.11155167565953872,-0.029092987535537285,-0.0483610258926374,-0.09349510320264802,0.021152470593343225,-0.07281967748860892,0.015909158821891055,0.04506244193545114,0.04856896523693693,0.06086427704646532,-0.05105690621974025,0.046395707596573015,-0.04629592709384129,0.0358746041191432,-0.07424454351619528,0.17778725618888774,-0.017194945591592462,-0.040891619681873104,-0.10709953553822184,-0.058799837983276815,0.07812108307922323,-0.1142815386359436,0.06423473147326751,0.021904257825712033,0.04377731990380536,-0.019438344325191956,0.032242572097400786,0.0032434693060307824,0.04259737810646336,0.07039658083581965,-0.07887632731591025,-0.028533324107967453,0.05870465194138335,-0.10593221855723814,0.061494917174958114,-0.10264205017307372,0.04935992774162616,-0.04265592938759792,-0.019346042348254815,-0.05971315854721402,0.019568486086998786,0.02160862667612703,-0.01203072756647637,-0.07351505097153811,-0.07435749196040836,0.0734311343903654,-0.033259111069635236,0.042025390391696636,0.008614175944054019,-0.063017629435171,-0.07509250045121105,0.024301363811232178,0.020298940898649285,0.03401554024017146,0.03483464154876717,-0.03945367047709159,0.12087533657176286,0.05852431728177734,0.019234201046656383,-0.0441282612931642,0.1206593756837928,0.1285051273484921,0.06734018026848987,0.004338742458276835,-0.06358854356671091,0.05375363185804224,0.06389949552927597,-0.01664035945490476,0.0415320170464899,0.015965491463351838,-0.12260826965333906,-0.09038232556917279,-0.041615053385773995,-0.015215684716368003,0.07357494564646624,-0.0298894341272706,0.023898255804215732,0.0006007841210138328,0.03145466406370124,0.0066561694153027574,0.01835129193364198,-0.08162585327386432,0.03280025504561408,-0.04574911689990348,-0.050247971030478414,-0.03212674137453945,0.02452067065499854,0.03594932445194671,0.002398518717562786,-0.025636234436143848,0.05148551835026374,0.028104318048339738,-0.005800741135849972,-0.040476827008075526,-0.024463363498386865,0.04514851249354,0.002844792719294323,-0.012884929258426513,-0.019519961648024515,-0.0244276314716128,0.002868152022234431,-0.057335071359149885,0.007444648343155455,-0.012446583689951779,0.026749745401493743,0.0062705536082089675,0.12134379736497426,-0.0882217130481494,-0.26252269820148977,-0.008745446337306263,-0.14368960623334298,0.07202242743364454,-0.10947855164167516,0.013654647889903431,0.021563125191436855,-0.006068022322415102,0.05883367920249538,-0.014475663125459318,-0.017346431463607138,-0.015037385103086822,0.01398852155094839
Video Cerita Mencekam Saksi Mata soal Kecelakaan Heli Kobe Bryant,sport,-0.10922370059860614,-0.04447441195955683,-0.09627918680339988,0.03188902055113018,-0.013749485185106769,0.07805127311830046,-0.041621892728237034,-0.05401511207195336,0.035977717890956135,0.020409916122549426,-0.04351325392403702,-0.09411865620376286,0.0007878609759387233,-0.14209257094137637,-0.14583105090029216,-0.3533385726090508,-0.10312208243260701,0.014510540384808425,-0.029665622033798255,-0.15918677803103035,0.08262258501658985,-0.10268894721724109,-0.22836800518659392,-0.017154462973905323,0.07783770593300116,-0.01173128203427529,0.002891544548888533,0.05726796905153164,0.09395218183080158,-0.019179102611617975,0.07632797570323635,0.028709387052059235,-0.08208921399243109,-0.05466775461752091,0.09205281019383192,0.06863720846645353,0.010256846619992878,0.053517173905641195,0.01676940202607865,0.047667007231278334,0.11905554618125136,-0.1350423552237383,0.05200958581933069,0.06534218734732045,-0.04734837716859263,0.035253719323450596,0.10655491640904957,-0.028825780548361532,-0.06245584892082799,-0.01652736266229584,-0.023938966788966,0.0033301356288254467,-0.039041626745725345,0.04785455053534936,0.0484736956119069,-0.058884738538826954,0.04576380524691261,0.03925974335661075,0.0006843355896172538,0.012885604402002898,-0.02719800380492354,0.06776622905800656,-0.009426050459292493,-0.048831652516733194,-0.0008622001679025821,-0.016627494864106657,0.03051886001306873,-0.04105823097704443,0.08495045962838059,-0.045252765871290526,0.03768924507025519,0.03927672399754957,0.023445840855206585,0.08910028838294812,0.0406155612467882,0.055421604347736825,0.024852589997105386,0.000782202452984283,-0.025015002591203584,0.035067734387658256,-0.04443101699948945,0.032341315167077965,-0.07982277686324732,-0.0002595398093642593,0.036092015612820195,0.011617898123918197,0.04753281051877763,-0.01864272197611969,-0.04676789070745549,0.11635074532607557,-0.051143666048697765,0.06165637516617912,-0.010400217525407152,0.045829507841383385,-0.025067816822391974,0.05670983977958297,-0.0844063166903276,-0.02870384662482807,0.004386951381305658,-0.026336787926718293,0.16069339736179689,-0.045092075429305614,-0.039690186659862736,-0.17022980762332307,0.04342921382426483,-0.11118629671966247,0.009925285365196025,-0.09255169025342452,0.020272311272064567,0.13432768756498709,0.02166421909776371,-0.02827225303496752,-0.10203776442668532,-0.0238834172764873,0.015850238294092663,-0.020907578996841814,-0.04703802526296012,-0.17892456903399012,0.05241950558284315,0.020352621827529976,0.11383508897160304,-0.19080360160317597,0.032496668323839725,0.022150143601445134,-0.09635793330173667,-0.08234584591051043,0.11952700989073047,0.07451287511425536,-0.02415063757542664,0.1069455952830438,-0.05565231910534205,0.03570257052027497,-0.11343078085051456,0.04554396724589619,0.20994254438459015,-0.010021009662037514,-0.10877259059000272,-0.06650709988611725,-0.1358073014399856,0.04679163164230667,0.003186114257331646,-0.07346754356257064,0.04192195122730917,0.06245768697006536,-0.12373518822356702,-0.01114951848747467,-0.07456572931836428,-0.018206472447834403,0.014870027325503842,-0.009431418592161574,0.0031050342295338884,0.04924343141002301,-0.14880092040063647,-8.044158627668792e-05,-0.09906834553140924,-0.11437151640316306,0.010192369628753403,-0.10696335922855009,-0.028458410886281867,0.04696501892812747,-0.022442890353761617,0.0015512625561856209,-0.05842063263568001,-0.0306495808868938,-0.023011380382199454,-0.022071324944901,-0.009976719401988986,0.018143864285956567,-0.030529080489973826,0.004458473251030034,-0.0038348034945483505,0.02113069221532947,-0.0020706246818655793,0.0240866052544111,-0.002406226928093142
CdM Jamin Anggaran Pelatnas Olimpiade 2020 Cair Tepat Waktu,sport,-0.07899248002622537,-0.06139469973887694,0.005411713140236802,-0.033409522643782934,0.011779138206611518,-0.09120110243684128,-0.06144033560931151,0.05741390696373899,-0.02411309207058155,0.1412230564028627,0.04292305106783405,-0.05183380585687348,-0.02404862341806162,-0.031012235965104162,-0.020770422217738813,-0.03622958245149594,-0.06343593988559916,-0.07356255634286078,0.0033473601676787916,0.03149242159606071,-0.005958918238871243,0.008668919953394,0.23396827624875843,-0.028724817957475283,0.02717147540775174,-0.02903778049653536,-0.08082917274111794,0.016169689515023632,-0.003670692802835313,-0.11098663384868346,-0.03174207891229061,-0.040403905177503106,-0.11750742759805155,-0.10356816142975125,0.07933255867789656,-0.1230793459856445,0.026156758345317055,0.04815195288402835,-0.08978379258243861,0.15648109253539735,0.0798717121028538,0.008529481282829548,0.004375734066456678,0.0013353681075402803,0.026496375368027483,0.03319225024048984,0.1122279286764695,0.19896932067907036,0.04424632080763479,-0.1287650586867698,-0.020703402242098927,-0.068465296076186,0.1096237615126409,-0.20126541892448724,-0.11446593116527952,-0.07138672463361338,-0.031330089007376466,-0.21898405247694946,-0.09729894426053821,0.037049829165292654,0.12633193351172195,0.13341013950037908,-0.09489599726246623,0.042790960301677304,-0.16523548541281935,-0.25190276422465563,0.011384049705793119,-0.038445950501449805,-0.04474089336510339,-0.03828108408373305,-0.11716379924038274,0.14625569005098582,0.026351449875617085,-0.03292395328080059,-0.029960095405109865,-0.02257945932526992,-0.0874226383634602,0.05030516702422925,-0.07628095810262381,-0.07208021188963042,0.03272702148959016,0.021070193154064935,0.06709674421935247,0.13420258761772189,-0.04324249015615223,0.06050663001254182,0.044273007020039924,0.06285137965645098,0.02026061490377816,-0.06783662803755003,-0.0034967156902550494,-0.05632141582974168,-0.11575297868809332,0.03459643544137089,-0.09748673491796364,-0.00421663159800372,-0.039315216190659155,-0.026383961533095357,-0.08508935282145218,-0.004950692807905226,0.03354333389097342,-0.036355999157952894,-0.08002978606339205,0.15877757351932353,0.05493484893394223,0.0797737238151429,0.025143206021825914,-0.10759244731705084,0.043479534318561344,0.06724238783908641,0.12069818303215898,-0.07939636692504105,-0.002670063763345177,-0.06615310135521635,-0.09862031876308554,0.0238005017276266,0.011992530918330862,-0.036385338005680105,-0.01448250540340911,0.01750717965034844,-0.01417245251419847,-0.12522620501742637,-0.019661193673244974,-0.046342577059352165,0.03624974187142408,-0.012946750218990534,0.0048691867828149285,-0.048229569266142865,0.06950355861274257,0.034342056346515486,-0.03403283399077058,-0.012262437005819311,0.0029235811782758274,-0.009650078318720619,0.027736131449988925,-0.005617478889237956,0.05338809935354729,-0.021228596652202555,-0.05295431000388409,8.698312180005425e-05,0.027202243848536128,-0.11695801744924916,-0.04798923570941507,-0.06177566035534617,0.060722939486571134,0.019517926914449837,0.07364682203491375,-0.04183921323295677,-0.016161843313794985,0.08760101430884185,-0.015990955932118748,-0.05395495724852735,0.08008707874708977,-0.07405102370111911,-0.008786295407806868,0.09910746929031963,0.057564292302647826,-0.148222712708957,-0.11285117023003698,-0.008280144757726437,-0.05521715837955458,-0.05296916318134197,0.04446086183375472,0.08101525145125273,-0.10383587550864908,-0.048858469503907154,-0.008829797654427181,0.03919044307080366,-0.029440495208454043,-0.024834970301563154,-0.05972231151009257,-0.005581928747000988,-0.017706989851757744,-0.037032871330121134,0.0004364754254465109
"Hasil All England 2020: Jepang Raih 2 Titel, China Nirgelar",sport,-0.06665483105263595,0.055970386445854725,0.043711551167085715,-0.2068422977031409,0.03306056362556365,0.0300407097014,0.11694343216459425,-0.04359523021520817,0.0027866304297007372,-0.058588236749935796,0.0786376785707788,-0.07848522880240554,0.023622830687989583,0.002510067226681123,-0.14424173204445778,-0.05718360074216113,0.12337011823935931,-0.05409728915869889,0.08605352627104278,0.1128722708256566,-0.1979211238248587,-0.04208974703459324,0.11960473168440572,0.25129750880398327,0.10877572258702932,-0.07117336374399559,0.20823946303649288,-0.04237151578902193,-0.1011880079372919,0.07263010807727426,0.080138462659925,-0.050013413116702335,0.007289370102442268,-0.07147574105874657,0.3310207628461505,0.01154712923665223,-0.1650433465295456,0.029441561159432836,-0.08656638232442641,-0.09829327793069359,0.03356734186938406,-0.035177392416109884,0.024665732652872183,-0.03004906135582028,0.054482280070979314,0.04459085190743891,-0.0836469747073177,0.023624771415290485,0.12572247420410027,0.10057299047177352,-0.019103243718031366,-0.03417074741969374,-0.12062378024559332,0.16495020401294944,-0.08533131669189296,0.046734529307100675,-0.12310689718663921,0.0993578451733677,0.03452823165704321,-0.04708208292069399,-0.033136188086296224,0.017336644882123907,-0.04353913528366229,0.0913746992778914,-0.00558906423687687,-0.07148369860609491,0.05367873356199462,0.11798509065667162,-0.040747499425687436,-0.045521148483591664,-0.027535584192525973,-0.024249266146273662,-0.08848301584333487,0.052269233622232375,0.002933655466150474,0.04045035246095035,-0.03322473390122265,0.018845880858590507,-0.08110215088590396,-0.025268996943190743,0.04577865939990172,0.036711485484268315,-0.09913701324627598,0.001085417903355043,-0.14281837925840096,-0.072719487945097,-0.04736986148571747,0.04125084761393175,0.024044890869835342,0.06716214949587038,0.05437453776202605,-0.004210017591379014,-0.07112162637205542,0.01628027825235265,-0.08531567765512377,0.030811829490117126,0.009123032095592433,-0.04604473561130837,0.037693635555758484,0.002576606837994886,0.005040928413905751,-0.05087992671482901,0.016296622873280087,0.01636908357467483,0.02307555744251392,-0.014728014053837335,0.05074198495434359,-0.033783050642431436,0.016923781054828536,0.02203690568225479,-0.0051442112518934185,0.056782035665387975,0.0054291647976177,-0.021084427349963894,-0.07196137941702344,0.031897081126774765,-0.037066822219563825,0.10590293511553098,-0.017775795613778293,-0.020287363857041153,0.060695400209172724,-0.032970444280363616,0.031099479084590848,0.02935059220057901,-0.022821139819740318,-0.007763577672172062,0.045857761049726574,-0.024684808536152642,0.007518291143135593,-0.04426522489018391,0.0010038761244872873,0.0001716404682094119,0.013268710271221295,-0.07968217816299639,-0.00066040428081596,-0.07898276344248639,0.0009494875872310431,0.00020085572311050713,0.0025098997493576566,0.07542903222682629,-0.003195292017655672,-0.0038897659494980933,0.06224458531144414,0.015025552228651567,-0.053905428435682974,-0.03533730741702243,-0.038847191181956786,-0.01896493496346477,0.006268527353614223,-0.09669418891836283,-0.01726455048014655,0.06662620229238121,-0.045023813649193695,0.07559517300363786,0.058123125314531954,0.04074485774415932,-0.007062492067124461,-0.008608872377116779,-0.0038147112907509083,-0.016639642038719784,-0.022104631074383048,-0.022106851091406813,0.023230070394269584,0.11663242147854666,0.024970825306195828,-0.0050865856829058614,-0.05804381808972931,-0.009304379776396629,0.07535548719289621,-0.006015969952936529,0.02686910395877013,0.02618594046220608,0.0021621305353081324,0.05129667071057855,0.01516420244133165
BWF: Poin Olimpiade Mulai Dihitung 2021,sport,-0.08338167154276072,-0.0771299149016473,0.00018283398335609098,-0.02202187186288131,0.03324631128809585,-0.16006723529659622,-0.07280916970212538,0.11565079509509062,-0.05858019191683033,0.23396537055643685,0.0511127979892913,-0.06442275596647332,-0.11743323502158921,-0.01200407990278468,0.03678509734168005,-0.06408663084534792,-0.04162053396870396,-0.10360819049434435,0.04300078009019589,0.03504168156538617,0.03562167651800965,0.05977184514689892,0.20056804114540758,-0.0773726559768922,0.10355433569091836,0.07046214716241021,0.004487600069621104,-0.06353720529763143,0.028749552208551465,-0.027097400914804167,0.005342413700185147,0.036402449360541926,-0.04809898224311689,-0.0774802487675774,0.0975173219405365,-0.09904314619302436,0.0525838659671955,0.014884819522001599,-0.02878419941812147,0.0629534136432977,0.09633767520098667,-0.006988046378939618,-0.046619071500678046,-0.16031666685663803,-0.07339159967651775,0.06093972109331591,0.08911600654310359,0.1667314070619866,0.025074064462839663,-0.03940621610941555,0.037678044759649615,-0.006510314263002561,0.1421984406715385,-0.04418496023465582,0.1290569833635087,0.020476627764088682,0.024555572634887068,0.11170701740552046,-0.09182166157328756,-0.09282714152241635,0.019942207993104567,-0.021679905227927072,-0.062090872413158964,-0.002137142022011312,0.0952283827278987,0.08434425813380549,0.005461614875733336,0.004590948006393344,0.03566603260189745,-0.04363419989714668,0.06881715300277977,0.03786222331341731,0.07471635785767504,-0.023532664932321746,-0.1270977978454405,0.13229047230832158,0.10436259081476744,-0.07419867572915985,-0.1780010100846093,0.033544579588829955,-0.10406239323667912,-0.030227036621929354,-0.07733617201342209,0.01791641248701842,-0.13119951543795863,-0.0873897697284626,0.051632390694649234,0.057718896975052954,0.014307498365873778,-0.09183706944147195,0.19286195435873021,0.030787181236616563,-0.01630676043964897,-0.012036538160260304,0.2144863236442902,0.07404861219765359,0.05833194701525335,-0.0038885560744951163,0.06152811011099966,0.009288449710462618,-0.056422141715870615,0.10709810324808047,-0.052285861104506996,-0.20190358253419624,0.15072174284677875,0.10386262490529669,0.004992458691907169,0.11215046740942763,-0.04641348016173064,-0.05106940460718684,-0.023989293805195554,0.1046382318473805,-0.029254255575156124,0.03081751414960951,-0.0025442939557670115,0.05550334850065868,0.07279560258589386,-0.002947205578388838,0.06466856418806273,0.0006706957852456026,0.04829578090827018,0.09020955846099708,-0.0598441817705122,0.13811670290684874,0.057689750117510756,0.007323814104826249,-0.01125883647688104,-0.0077686059510155515,0.021356250611231854,0.0693431954211038,-0.046229490259578065,-0.0670507005852618,-0.03655557737231017,0.019294004992171952,0.012820022213156656,-0.07374108543409766,-0.03857616974806459,0.0414014153895456,0.05025882242522395,-0.06514981325458591,-0.014700473163134884,-0.03299731866170365,-0.054934688035612855,-0.010081242603946931,-0.0418992872196381,0.0692510740835193,0.009474551963397932,0.01102201578952146,0.030397379392201652,-0.025729284441740885,0.00432610401857762,0.07323970486863612,-0.02719794267472583,0.0606268605640992,-0.08025280823732446,-0.01867896469212288,0.08970788183816153,0.054115477008768,0.005358010917261218,-0.004282598448262963,0.013746907809100737,-0.012011376621535725,0.023685744619005474,0.04830039213528422,0.05644215638972436,0.021416942985599863,-0.03471266302378538,0.0650523539183197,0.03713633133075144,0.08204807621551159,0.05291699194737468,0.003243750910076767,-0.05933756024544391,-0.04007631941446089,-0.04189831123011697
"Giliran Holyfield Mau Comeback, Kembali Tantang Tyson?",sport,-0.1122866707327755,-0.007648428118146272,-0.048548960999957244,0.0595262129015915,0.029991465264613874,-0.03801749456584082,0.032058843644646,-0.007050831458779215,0.00415737514182299,0.059273454045805404,0.028148852982904874,-0.06538615276635193,0.04654464434302528,0.1112501385854326,-0.025520468722331525,0.12315399442057591,0.1433456287349565,0.2614267962559326,-0.05879979038611287,-0.22318436330550478,0.05082740281638352,0.052392626020316545,0.06765071013879703,0.15691860188402373,0.11712089983864933,-0.006829048827938997,0.09021623390816125,0.055773194498372515,0.15827265809933996,-0.17936114283864169,0.037963479655734836,0.008379151255660777,0.04368136055107404,0.04374963089688601,-0.061873799836305164,0.11504235747091891,0.03424922658691994,-0.09289689662181065,-0.07526669620397251,0.15799406202737426,0.07307494519164855,0.031949424321823065,-0.25065016682383234,0.06606438333291591,-0.11755096757025114,-0.0324594110242878,-0.023261329125462357,0.086778294556718,0.13128837906275992,-0.00010008213416549853,-0.133502783691067,-0.07025271724420212,-0.04266100969084681,0.04838869014938638,0.05959936419910357,0.02205750752552558,-0.08221690658234616,-0.09011571041109108,0.11397794088563752,0.02367235624720986,-0.0722530204463298,0.13779370302635044,0.018198873470667353,0.01900453470892252,0.03359260996145333,0.1256448051059842,-0.05003095192631858,-0.012939584464085179,-0.020457012400661556,0.08392334018587243,0.03398291399586128,-0.0047997721933817385,-0.004552079349618174,-0.020312097352300326,0.02113715591940327,-0.015805775831147867,0.016279933992070186,-0.11793353358491689,0.03230930617298178,-0.010266916128200333,0.07906517354424139,0.04500799868933585,0.0428181162587322,0.07834579563648826,-0.10128534305876478,-0.009769283192916438,0.04148749251506273,0.06904490787011826,-0.04096933987454322,0.024624974972665428,-0.004746389497559427,-0.08809080013265846,-0.0699525029629185,-0.012297587244413684,-0.002903577918467978,-0.07568296420848482,0.10731758915418178,0.08435825183565453,0.043555517052706064,0.0004927107257345738,0.0696962949354168,0.0009596104006264521,0.0804454968539178,-0.05153130990036664,0.013594522392434116,0.02764862042664166,-0.05786143961496924,-0.07186535997476917,-0.010501414578441608,0.006028080359409826,-0.060181955007611185,-0.06492703622124776,0.010921715300527171,-0.0475090793351815,0.09450201071236447,0.13064561324643637,-0.014337064562281983,-0.006753168752022757,0.0022047799029709238,0.07517716628154497,-0.05542327789637918,0.017874753217886095,0.035889180992609966,0.05491256929076513,0.10681454916518043,0.004560554121716695,0.07186546275385568,0.026990526911692507,-0.12449358280570606,-0.02713642575319382,-0.12561294204096135,-0.007891457643933251,-0.1343107919920816,0.006267869418481328,-0.011596929402108892,0.060696520705632556,0.04161626973030425,-0.011109579112447665,0.014888359288461297,0.013208120626770138,0.043406689261290654,-0.02204815568832777,-0.04133683244725123,-0.03393481529733696,-0.04060521398124086,-0.024745747544515025,-0.006666476274060109,0.0547044365946343,-0.1162506436294713,-0.03753801690208143,0.004123764549980999,0.05493185977043574,0.028296587392547323,0.05028062300879159,0.05616784780280376,0.04040262342884833,-0.04885300004994067,-0.09792173374876108,-0.013473698912059472,0.05466643487556783,-0.04406048730536052,0.06905857062127704,0.034854381103413615,-0.05009233977127341,-0.09281337658527426,0.11387150801984801,-0.04261699143782192,-0.0190672505855741,0.0789557141695194,-0.03057681708441158,0.0702739550123338,0.08545105737087405,-0.013371930342928997,-0.04355258777326237,0.03471927026978184
"Kejuaraan Asia Atletik di Hangzhou Batal, Bagaimana Kejuaraan Dunia di Nanjing?",sport,-0.13134757761574853,0.13555450056164955,-0.028384084220776408,-0.2546359393365563,0.11944799072337083,0.028537214425337996,0.4122873249231969,-0.10379721095620201,-0.015934349890647456,0.12884716092799553,-0.14391295923842168,0.0634261140712644,-0.01575555875371018,-0.0496289408327245,-0.013527334280322297,0.017499833428111265,-0.052443949306832646,-0.07250523656894542,0.10729177697789534,0.10076356432959187,-0.002728899176687664,0.011185253242037327,-0.07525001789560742,0.01726064144708646,-0.03380481388305528,0.03928271306589124,-0.0263219575062438,0.05778849619805061,-0.053263936425430744,-0.005983711505307476,-0.04523526376048588,0.17973091478296396,-0.01592860867439918,0.1344552607633343,-0.06666424291767543,-0.04123285716594366,-0.0037647554937838127,-0.03757475062054385,-0.02532453367433111,0.10875777351482804,0.04844834834565169,0.03603436511714978,-0.019306112167043712,-0.03679147143838895,-0.050636292937507335,0.007885320380758079,0.05590525464264825,-0.09026865818604862,0.034333923517257656,0.019028120426904587,0.015929449227853908,-0.04409519056762558,0.06054913744748109,-0.039741261965830776,0.02237387367715013,-0.010117075837691582,0.04819070323356577,-0.018323668149892856,-0.031478644616349964,-0.01728177977397051,0.0391901412749112,-0.01409752394084397,0.03821347825602205,-0.031769253233088705,0.029343555734589317,0.03598967527283561,-0.032965089406496645,-0.01563520500884727,0.09242582550258796,0.013858032149996525,0.047732521995967586,-0.04144713718100477,0.007099442727587885,0.040420626273973435,-0.09184934908920771,-0.08565321572521802,-0.07595967646654382,0.02402840122625612,0.1695525691561073,-0.024315025888146772,0.007826499490134562,-0.045727869849680074,0.09623138888378698,-0.008856068424828835,-0.010958541449435477,-0.05929236244721071,0.09138109133855084,0.03280122753481441,-0.009065730195047698,-0.037373339035983465,-0.019509691842976764,0.025946210064956135,-0.061348954120652555,-0.019550104499400138,0.006172578233455343,0.10025223837853227,0.06495313050416673,-0.06427982647444544,-0.03403110992711778,0.035584027453184945,0.09056237299406392,0.008584652303098243,0.06830294955806034,0.026094556036105065,-0.05032778667881244,-0.0614962573910096,-0.01786637210921867,0.12302112552388701,0.05522779437979406,0.03482181204285301,0.11607594778314795,0.0057439444901725015,0.02034521376044474,-0.004761161944720932,-0.04480784716920372,0.02119818363641796,-0.024745077344562095,-0.01240304898050813,0.046359932648585,0.13325940950503629,-0.06464977191395617,0.02400439643044542,-0.0760592572870765,-0.038884477673007185,0.04092282519007238,-0.03345981630717561,-0.08960724484485659,-0.008617343306171832,0.023942603860950217,0.08426588722078983,-0.03918908186956173,0.03500696155508371,-0.1200661020663403,-0.035021776397153835,-0.0004952180413444655,0.05404609450443049,-0.015079998642433347,0.07815031400722344,-0.009597343078992234,-0.06839302116777919,0.0055069868162418885,-0.17043209986525376,-0.03474015873549738,-0.11715638059983449,-0.05984855501756436,-0.020531164709414202,0.05002240566039265,-0.06548479202695769,-0.10478449400740864,-0.008749993070164549,-0.04477745224740368,-0.07237986860842707,-0.035457760045024746,-0.04327163068278584,-0.02743127804993809,-0.0577700428675636,0.0061759908423547685,0.1412377716197146,0.020202509201731424,0.06086390921029873,-0.14334382382688385,0.01666035352420262,-0.052776417186421405,-0.1311599335521192,0.05128694867478111,0.03606260768548374,0.006816613959140937,0.06538758932760408,-0.029406686327418937,0.017125045490215846,0.0003315103628223076,-0.020993690947318212,0.017155298789746497,0.02276953376038784,-0.12275266805960129
"'Bila Mbappe ke Liverpool, Klopp Pasti Pusing'",sport,-0.06370128680645593,-0.020666047562148678,-0.032797509461323655,-0.023810778377349483,0.0010797374462967783,-0.030623260818203484,0.04900245396188261,-0.014571447015194656,0.003826602844764552,0.012941080140178285,-0.009425733887293222,0.005359651078733612,0.03994945924525509,-0.0018009569196495126,-0.03907119592444508,-0.012867530759422595,-0.0026169595547163482,0.022866981789401806,-0.03433854012587088,-0.0034982627019632877,0.02220313059488073,-0.0070692317319563745,0.034756497490587825,-0.045811774194025705,-0.023398865642751263,-0.049837679893993736,-0.08203568047914245,-0.028486320462969516,0.036746668042294955,-0.10086335765382004,-0.02477963594133312,-0.12081288476514093,0.09054378168012145,-0.03617672252877704,-0.07909554548649288,0.048069561930345624,0.038843737599547574,-0.06505195847598601,0.03716321917875734,-0.0674816325451074,0.09789187500829952,-0.06146183661637001,0.08759787216449809,-0.1639763089363002,0.1416235135674544,-0.12182968573013243,-0.029108682871249885,0.06864775767130937,-0.16607876441073874,-0.07145096059953847,0.326982296806786,-0.2160620809001244,0.07030445461308746,-0.027773095843289804,0.09453870565601417,0.1889628382082407,-0.21436600884712345,0.11785071963100789,0.20797537673266023,0.09987146919072794,-0.20740576651579198,0.03975830219611419,0.16404841534296496,0.17088006645268222,0.06572698363399074,-0.17839118984778535,0.0862312019184372,0.06899994524453522,0.06545133156079311,0.09030972115830327,0.01888637814605232,0.047893321592510314,0.06619137265614296,0.05590531213882312,-0.013482793973726944,0.015668062917690146,0.027937300857466915,0.07103119576042341,-0.01309103750679942,-0.0963270732348843,0.059514286306548016,-0.04074049805545497,0.012013639640285097,-0.020117565252985612,-0.000799733509809343,-0.061409938471136516,0.03310576240554807,-0.06352873766604271,0.017857751802611427,-0.007653198284480293,0.04388625615775389,0.0022363214534502204,-0.06361924269559456,0.014787126344328516,-0.02222107685318431,0.005004235670252291,0.0034725175695876254,0.026910127435527027,-0.021889324124035606,-0.07670499156168419,0.07586331487401882,-0.03921261075129511,0.05158016256597491,0.032705833210525136,-0.01227212537550977,-0.06381436525996427,-0.05045709487747369,-0.0652762052546405,-0.1279164738562066,-0.04962662608931892,0.008488643593692072,-0.1255013476495669,0.0020608019589209757,-0.04186439966856966,0.04749639304487281,0.05701209109648523,-0.058809333791092336,-0.09933934690332662,0.0558083919295668,-0.09118929855613851,-0.024422528316632015,0.03046265154704364,-0.1301775697430603,0.08076289207218498,-0.013496761223485166,-0.11666382468960429,-0.11929052458161103,-0.030949332469579007,0.032806162788654135,-0.032185482887134804,-0.036589552670305864,0.0049575174603194785,0.0537864276690846,-0.01278449836598266,-0.04172806861741804,-0.03222063946183957,-0.019918111910953978,-0.010344998092101034,0.05844656206478061,0.017703899745421435,0.006568080038024579,-0.006378278859145987,0.008255414870703675,0.012153358330683858,-0.11315032153402556,0.10676395932730152,0.10321873666899774,-0.05047129356104538,0.0789546729192982,0.1050817369576763,-0.04168791809814771,0.013579166044263931,-0.08071448112858262,0.06503076023865152,0.01608256783658714,0.08166068687018287,-0.03348997197735681,-0.017438081719523466,0.058093778525974665,0.010118549651668887,-0.03980519671870237,0.05857015311527406,-0.023331494417274827,-0.025883268211573007,0.02985139711887054,0.0027152524493114978,-0.06112116475292498,-0.01617554721972508,-0.007654518637727923,-0.049675113834518524,-0.05376638179502337,-0.02925484391105103,-0.00033731866797992184,0.010942489731214285,0.022842001476464563
"Fajar/Rian Kalah, Indonesia Tanpa Wakil di Final Malaysia Masters",sport,-0.07503634108283855,0.22138548465691368,-0.06624039985597234,0.06903391346164889,-0.022238367797154886,-0.28732045988550575,-0.10294765096837309,0.2869087279650466,-0.15164629421076892,-0.2957792424962268,-0.24505664714947628,0.02279295221095455,0.021964820295043333,-0.05273472845157859,-0.11965352371034718,0.019109554789349545,-0.001708831373450362,-0.1081556748616574,0.07563550975439808,0.028887063607322846,-0.017869490759875897,0.03867828315369554,-0.07904287556639916,0.05939736267229059,-0.003919539725203724,0.028392460274216,0.027618677285291694,0.03418332466821751,0.06705187837280473,-0.011932362906513585,-0.008149050279134193,-0.03599474320266806,-0.004277722726984484,0.040416828054018306,-0.05658765567008185,0.04058931278240588,0.02862717567481386,0.0187778372790787,0.03626803013688307,0.02812820907448241,-0.020135826017708393,0.0016776669976727616,0.012755721219776578,0.0009107824760547765,0.03396439384877086,0.01597533570802488,-0.03347250228508795,-0.0276283969383478,-0.008171209225173916,0.00795563172594324,-0.06094577323922565,0.04718899783584814,-0.07134204570526642,-0.037884623011541704,-0.015282249689870112,-0.011445228469736304,0.006669827321989042,-0.024540864734820225,0.08183348429231677,-0.03273633723906326,0.02205270886451207,0.042367984101622916,0.00639817647592553,0.03856425365910098,0.003312257397065199,-0.06217305969940118,-0.024644676361139296,0.03210753127334137,0.030240991127252127,-0.025382147920497457,-0.05228147874837674,-0.007090209928588442,-0.03405631259591139,0.09192201063611857,-0.048309026118493414,-0.012345717327893333,-0.022013674034281984,-0.01466412018279107,-0.00010195097259961861,-0.0016429597389561203,-0.057385465032709956,-0.034018348123575716,0.03396156584202642,0.03635464202440133,0.00023876473138520715,-0.06268725093684381,0.05955305012875831,0.09970493255795392,0.12801328792499722,-0.01641537159112388,0.004750145094880364,-0.03002582662422795,0.025839875920654773,0.1436714125412826,0.02300284956722957,-0.003398807268282532,0.051784308570082475,-0.027752818704960512,-0.037682657236565296,0.012397831889562918,-0.06161966623801677,0.046814736203014864,0.005846494997120762,-0.047922203250164025,0.08067339269325319,0.021530733862006417,0.05521533227890046,0.010148284054236541,-0.014510356105022828,-0.0013158629670659827,0.13106687401265585,-0.020272397366672995,-0.008824462122831807,0.029834536362538473,0.040369581459697566,0.07943552216746312,0.04053148201112973,-0.07028251232620857,0.013347440376726347,-0.04816061076492756,-0.10376470503446104,0.0995035706436105,-0.011119652530054439,0.09951618441970396,0.005043934559163001,0.13204736679100318,-0.06162579034081561,0.048334959148322414,-0.01804935547669966,-0.00033640266170385146,0.09646241310554807,-0.07122203789621935,0.04584158985121347,0.03406309835045669,0.13497077310682284,0.007264358040716893,0.06440703079758789,-0.034035935142451575,-0.008190952255318225,0.14092675510769678,-0.10487525097552104,-0.018555933436457752,0.09648354814203518,-0.06637467251932516,-0.09295492707481083,-0.08035408438482974,0.08532074803340992,-0.07835879620489224,0.0201507490496217,-0.08806909016306369,-0.015853040467055338,-0.01077338872214309,0.03747070120802764,-0.004618400195913044,-0.01207542164238893,-0.030691049319704383,-0.002975136293391353,-0.06512740703757498,-0.04574946811889547,0.05544165881213068,0.10018797507258503,0.049620557508285736,0.027794207637825533,-0.029809640811303162,-0.001146084523257721,0.04683247191263709,0.06041321312478987,-0.047409298849679184,0.03206639494646671,-0.04809788869098231,0.08787810117414228,0.004196115731568006,0.034198153904499054,-0.039657354929352524,-0.048447949230099964
"Atlet Tak Bisa Mudik, PABSI Gelar Salat Id di Pelatnas Kwini",sport,-0.124752003534015,0.02493579881675371,0.2150247329849537,-0.04290635795302989,0.07080531138783963,0.08273153975402937,-0.1056962046414821,-0.0003395077673059432,0.12725335816051173,0.0319473850897691,0.0024879496287308106,-0.05368159785903897,0.09344201948779322,-0.1577077015158878,-0.08900915994733613,0.05127960547887454,-0.1354982894045819,-0.025644207666336523,0.027074008398672033,-0.04180462663186761,-0.10918831723323923,-0.01524606230504425,0.04465092367760229,0.023839796657285337,0.021006365677994028,0.023458350474430477,-0.09691583361577967,-0.027183187643389582,-0.034515012470625384,0.02104145492424915,0.043886415356032216,-0.04396572300616133,0.04047505496383809,0.010352408975505992,0.0022376728581822505,-0.03872606323181622,0.07471003276039183,0.001669549698405826,-0.009931710909597683,0.02769417940550487,0.07469212650310796,0.11807086652058132,-0.06971761453943277,0.017325346494584577,-0.011284060361719753,0.06205013720860067,0.005236804295110559,0.08547859890240347,-0.10680800367327743,-0.06496187166975767,-0.07581697738717351,0.07093450422197745,0.09881224786706569,-0.25951064430099763,-0.14702714220074997,0.01827412704312819,0.00019752654142925045,-0.21384508594876414,0.05427123378294134,0.05307208430222189,-0.07482275092716724,0.015437027330915454,0.08862056569389601,0.20571338611581572,-0.1644939134700934,0.04815669140773336,0.010820459236459558,-0.023495231608346864,0.0037012358925257497,0.013273865700465405,-0.06558837685021729,0.07158895842291448,0.005390685028656882,-0.09983051358722377,0.07711122963034915,0.026195298113949644,-0.01911293494373584,-0.05467603883303705,0.03780685057374838,0.028995070010692996,-0.04166215771087623,0.05495542314764093,0.04946144117476173,-0.10621925330630883,0.015807697425896494,-0.02126315737492162,0.00490046723638108,-0.0528577167114145,-0.030167251496015474,-0.06635293605673509,-0.1080493471406519,-0.1057407464730923,0.03570652031820449,0.04252376629681632,0.01134450966183661,0.11698651263226505,0.055664407249653707,0.03690806291470498,-0.03973869109987694,0.02257228786010275,-0.1254378584210325,-0.008934800361212324,-0.002537197610151898,0.03883104409870504,0.06203575276037324,0.0765194379008275,0.09387795103195523,0.006524249878584457,-0.03532597441741037,0.021106088303293934,-0.0354747398883682,0.04357857295423933,-0.1612204247083868,0.01643870833333858,-0.08379179855979368,0.023209618122525748,-0.2532598074619667,0.05171789883524597,0.06379789752009972,-0.1024404452080921,0.13077175692831683,0.07456430436989953,0.048609587565335295,-0.01753021577389853,-0.12424990489170575,-0.013850032503863555,0.0566961807734543,0.017696107180881163,-0.06933372673991793,-0.10574486444007344,-0.06317997529597168,0.014190466888965107,-0.08093328253208491,-0.1078616044285788,0.05647831068566208,-0.18636834455206414,-0.005069850372837943,0.011447612039533398,0.028609130479629073,0.01443574368536972,0.009339583581689175,0.07849302143831288,-0.011115548094998711,-0.03609977272766226,-0.041983457144848656,-0.09120760415865682,-0.010691094499610445,0.044987189800788155,-0.004166296824416714,-0.01648145344716872,0.000946365699925257,-0.029845475601589948,-0.014413423996670444,0.061145107481107006,0.004742140156543929,-0.06282707125521587,-0.019308084732773456,0.10671797216747912,0.07697281770970663,-0.001417062175704506,-0.05219204420676736,0.0441835886083573,-0.04156073085426579,-0.07268117884383132,0.0883141614280162,0.09072822267362575,-0.005004733669255319,-0.04368664358630788,-0.0010581148281935784,0.0013841708576931317,0.06379555710299163,-0.012084951777098408,0.020518270731323538,0.04301762865078798,-0.005233390142737133
Mike Tyson Usia 16 Tahun Sudah Bikin Kewalahan Petinju Pro,sport,-0.09674597014609254,0.04046397072783075,-0.07640370422240864,0.06192585477669886,0.04640700520554098,0.026427926715304584,-0.012213434435799595,-0.020611933864038232,0.06263463972896276,-0.013464544788418308,0.17104556029832876,-0.22308975675580553,-0.0030192173878256273,0.053759637045062224,-0.00426134999940697,0.10737741385910991,0.29797620830684707,-0.024956853312177514,0.0004670768201341238,-0.0873791644269238,0.019651093940547145,0.00015938717714324485,-0.021415748617329977,-0.01847803233954032,0.07905036557647063,0.019236314231663606,-0.0331491230645138,-0.06240311626643829,0.2739076622393051,-0.19447201468779557,-0.11674382981869348,-0.01861861418368837,0.11923855440486919,0.17875940713909533,0.01292853378633672,0.07298516812680593,-0.11946673277906238,-0.04249508359646046,-0.008589844251886032,0.05678527055692231,-0.030874376752913005,0.03565765399391604,-0.019133961103355225,0.011222395137080633,-0.03238774328766202,0.07181284804556276,0.060672059553676674,-0.02729603681442589,0.10601694143637716,0.02488182063605512,0.0371225104475156,0.0064281377237660866,0.007630601483135696,-0.09585792543564547,0.01637473452718344,-0.10588357121769153,-0.038824887191940896,-0.1214027604687762,-0.0020430982911965536,-0.042186471018818554,-0.03199505645633759,-0.07320122059645677,0.0291247308719497,-0.09288288180571043,-0.01809868720194905,0.02553369706295096,0.060739948475275626,0.07380270943311489,0.07756684854945395,0.05865072215382725,0.010427279688631658,-0.023771406674918647,-0.003689186985721097,0.03938142972245659,0.018839611650948884,0.023278098862478724,-0.043479761082085275,-0.016761667648974105,0.006041968297590067,-0.022348759282128806,-0.0012802037022599769,-0.02837232537187332,0.06862505941049275,0.006193962421690404,-0.017549196756413817,-0.09682933125614124,-0.06802153060648185,-0.0634919161378166,-0.010285771537631638,0.03040888273468405,0.03458030346288392,-0.0012700786305878758,0.0399091776867699,-0.024247513543440603,-0.024431859061560833,0.11520885149664038,-0.07795871923769129,-0.04486240964296423,-0.018666255494673573,-0.014147760076845163,-0.05668006276064956,0.025939434728440788,-0.06833130438832699,0.049798484143912795,0.02432802365546546,-0.08146841099353892,0.09049552046006404,0.008138584597839013,0.02356830579381924,-0.043562151900584406,0.0667637587966342,-0.07632796793578507,0.009885404911387567,0.07110263410102353,0.029885392338808502,-0.05403009663029941,0.056732271923176154,0.04075552526123065,0.2161165572448778,-0.023159093387684203,0.13909066520318572,0.010412844402004422,-0.08144322488729838,-0.05341255801830553,0.05715287467723831,-0.001963213448800551,-0.0005995439905410004,-0.16578893164428318,0.0625024796474223,0.0817229716070381,0.22302613487610395,0.017551680087271645,-0.03757162728817379,0.12219658127277093,0.025755662772355872,-0.09383480313778776,-0.15165789006313732,0.0532630554884978,-0.01350559945348189,0.1470542011596782,0.0704440793101864,0.029494437741649556,-0.018263567071234672,0.04270338981818566,-0.020945466978144322,0.028047752966494387,-0.05760723270124675,-0.008558987098910462,0.016641125966399564,0.046513714250523426,-0.055642012426639915,0.10286689829706261,0.08163649824911502,-0.10441321427355203,0.14527508725039368,-0.04142224577922751,0.041466255339767034,0.061096516807565907,-0.004444150089613357,0.04601805150084279,-0.026599849778298202,-0.04039838205948237,0.0055826673481500924,-0.013367918464476882,0.01621214645162905,0.005128431718634684,-0.03592530802891611,-0.10320451494766997,-0.010331086676752685,0.006134877993700371,-0.06908916330281359,0.02515315455349034,-0.0314378021266334,0.0022154536786444957,0.009824297911815431
"Pemain Utah Jazz Positif Virus Corona, NBA Disetop",sport,0.15748173214101044,-0.12561918289571022,0.006555923103408671,-0.07867331782107928,-0.03464630488996375,-0.08574058284918704,-0.014939709726711686,0.012718361580214213,-0.060647040376161206,-0.03046242461990656,-0.014712535502809007,0.04769689774138113,0.01773656316654269,-0.1506137774608002,0.06853963434338635,-0.050692789082235526,0.13065002620321226,0.20267833338123886,-0.04852403313482705,0.03998170255738716,-0.12000821685178958,-0.23400095969474685,-0.04322325682541525,-0.06621856081794156,-0.14771530200392613,0.14058979115805978,-0.06342957007775817,-0.09274647512635396,-0.021970248066482397,-0.05842239790151467,-0.001301967502323001,0.028418580194449625,-0.013559299144827123,0.005592586752371703,-0.05347165269083419,-0.02422142394747556,-0.10563996824627303,0.004962086886074622,-0.1423316368656043,0.01887724210715194,-0.040790234626026066,0.06035763002387379,-0.05433948549320339,-0.10268072751344384,0.07445525444578145,0.006398699165015079,-0.024257396414619554,0.015697549257193653,0.036540876877342664,0.03355227349117628,-0.1265063318133296,-0.0248406281071016,-0.021392958061369014,0.006411712743935784,0.0028104437626729137,-0.05956366875748205,0.06522534858985506,0.08552886616993643,-0.054582632560604916,0.06473413605309827,-0.04884393161573241,0.12755603953642847,0.09034666787401957,0.049629892707539106,0.044629537338404295,-0.022053189384692192,-0.016170053798123245,0.014436543472137508,-0.0017807546418949077,0.05648241199248429,0.015036079407764557,-0.059280260382634564,-0.0550219609310867,0.010539958279436204,0.014946363236194377,-0.08224912992394068,-0.03848623598758937,-0.10091173970999279,-0.09569015265993627,-0.0037358335409463225,0.020682809337501204,0.016765255943887575,0.007328973057262295,-0.065458626204854,0.10075906090573798,0.13998438098758922,-0.129109101646732,-0.077924390440563,-0.08500970470365468,-0.031829747516213674,0.02157251535242339,-0.04251746371899163,0.03753301178391036,0.0014118971910737144,0.014650400456589932,0.06345470896682455,-0.07439648282747484,-0.11272079083971626,-0.008253140762288384,0.09806428025499164,0.0767545889839676,-0.1454990743672189,-0.027254735801688794,0.030392964049417662,0.15073215420011934,0.014629759382074255,-0.13739358691023246,0.21352799685949048,-0.04478356163627299,-0.08585277549219592,0.03516824986360913,-0.054357169476912465,-0.062235924161593015,0.010372720631904694,0.04927946860072847,0.11170127485658064,-0.0033313153707925317,0.0003735297540674591,-0.11038564859268322,0.01784430007188944,0.0722202019065998,-0.11263526650718286,-0.07120415973682764,0.04137449725910157,-0.03718941577317432,0.12607982745500967,-0.02105801010229565,-0.1293573542381293,0.06682885638218525,0.0749930173139068,-0.07563342085235027,-0.16693919045053,-0.08226272370734677,0.004646444179522587,0.0331038269258831,-0.06926715433626077,0.01810404675844134,0.05784391031304294,0.02828472446464751,0.007821154138631764,-0.13424908252157305,0.01109846567217016,-0.07487764184709342,0.017316971672719977,0.019086107803228565,0.0015366225947760692,-0.04374867635209509,-0.031105007247373133,0.0032340346084513078,-0.03773762571844592,0.04662975251200838,-0.027506439419144796,0.0066149041690768,0.01974157144544094,-0.020261545038561903,0.010677074720145473,0.013455550639215094,0.014287613640380387,0.02793230055451717,0.087198267732617,0.028598053031089164,0.006288329404927976,0.030894166708304416,0.055169080264200886,0.010781194211110123,0.03023368470333529,-0.005699145033557672,0.0025388943866733746,0.031173698124739843,-0.08313216122776343,-0.10954780615185683,-0.028074243772971085,-0.08191469887905373,-0.04475321613005416,0.04753197545745286
"Holyfield Makin Ngeri di Latihan, Tyson Siap?",sport,-0.11010168470665802,0.013347989621630519,-0.06865812869447599,0.038357366696414735,0.08259030697135661,-0.05119087590576012,0.04969120175465401,0.052950993580556584,0.020417861007724594,0.07817636174591179,0.03184260384191714,-0.13695547202113914,0.037733370955065425,0.13777624767373473,-0.0428770585353498,0.174159743844148,0.08730441405472977,0.30702821311590595,-0.059174859249773414,-0.1442041017008752,0.15588995597053124,0.01034357983308195,0.002033516228793594,0.21568800462330986,-0.01913942857555132,0.019357127824205147,0.08514741915516306,0.057898212926639006,0.11803135953207214,-0.04253151470388575,-0.034569847308621796,-0.04415326396201591,0.06759424521580414,0.11429887866892227,0.10432054393081613,0.1348587238277926,-0.052041481366754495,-0.06213196627478441,-0.11240078829605755,0.18520594924849457,0.051032125811091476,0.08614663253319679,-0.16847915406674074,0.12123950402742639,-0.07126007139539375,-0.06967668615314462,0.009279461838269125,0.11391560678993798,0.06011423251460748,-0.06320412597601771,-0.08408369664467898,-0.04032032865057075,0.00893789850118279,0.008206524698438425,0.07620118089063906,-0.027280975598128376,0.014909881157402653,0.020849072909454227,0.1725992895905774,0.14234769677565345,-0.008623375106384008,0.01736926586625276,-0.05937763072517454,0.05298978143371793,0.01891517602692046,0.08028023664382607,-0.02792411651303242,-0.0030520371986824824,0.10617925142810357,0.04990397679789495,-0.001619978925398711,0.059900147874820495,-0.0022746335111046307,-0.025197120919348833,-0.0033665130603244883,0.00308518745581697,0.04278198896148757,0.011620036458645403,0.011418305941688465,0.038091807942476213,-0.034484670856698506,0.06250405127284105,0.02453209732790803,0.06575948173328883,-0.05385831107840672,0.031162205765274162,0.035401133212028014,0.04138152469980025,-0.017094703387403536,-0.014835943780854939,0.08648714782965464,0.08664397275241911,-0.03396183219319685,0.012555766472562657,0.05906025084709589,0.04441512385808448,0.011705171000826999,0.07861028715991025,-0.07978707996985948,0.021715160572560135,0.05637488284501413,-0.05420201889789458,0.04753229471090823,0.05251565799558648,-0.07501654298868628,0.05714947389096104,-0.130716774706014,-0.015631549110092485,-0.009030677954050832,-0.013774416418270898,-0.03146273108202084,0.06203176060748952,-0.028787969111173827,0.09404144520914932,-0.04216721174579433,-0.07944212463330974,0.04749055466875257,0.0003993900566519966,-0.02559440381605009,-0.00842515152928961,-0.02325441365370988,-0.06661184812322132,0.053661727676098545,0.022231989986460393,-0.18380219661171526,-0.006997385614952655,-0.06148170712505394,0.062189010106068886,0.04742470277046313,0.02932035019875368,0.09386020094029905,-0.024560329531772986,0.11581689666641304,-0.061101373337879544,0.05771777658629028,-0.05536706774226118,0.11154072333668709,-0.01868197304788839,0.002545049895028589,-0.07310480985345026,-0.012022879870199236,0.043187629019959234,0.045883717941429716,-0.025504774824469553,0.010324999780659328,0.034059918317062815,-0.003260373090364472,-0.031169034126092135,0.047228742553716396,0.02607687223584359,0.033768311672936945,-0.08643795883778252,-0.07726597629704848,0.007694134040012057,-0.028398190643034366,0.001748223226678808,0.051936321607332435,0.05126444749026708,-0.029650617564312733,-0.03737268899198029,0.0748555472479913,-0.05696477947763994,0.005359945753356954,0.04444877846476951,0.10000766846479416,-0.09880662248038552,0.09401756903765543,0.0019728593718880976,-0.09523926361468019,0.038923801645248515,-0.039360591289137575,-0.0911741751331501,0.058715710797382484,0.012942972520693583,-0.05386003464365141
"UFC di Tengah Pandemi, Sebuah Pelarian yang Tampak Aneh",sport,-0.04608541337079112,-0.0017792878413670403,-0.06549221651913081,-0.08295520705536029,-0.06484100708143949,0.012184643288259705,-0.012855752460668068,-0.021129856150678934,0.05393627631132688,-0.04881783650592466,0.09175797032378326,0.038609956047433704,0.01609929999132376,0.010150191031429674,-0.06342475347715903,0.0011208538399597805,0.011065608477866789,0.10319022657914469,0.12893769173206096,-0.015741140086868576,-0.08200674831397085,0.06704234570332153,0.09225053683690666,0.030715609843793287,0.06845857519713738,0.04876605500618119,0.05177084256409486,-0.12587128940788275,0.0674070008432348,0.030722608685691037,0.08722398702390353,0.04284444393751697,-0.135999613486281,-0.07461806571538958,-0.07150474222780857,0.03420895629819388,0.09284822883464863,0.09815103583452789,0.15110890445690794,-0.1297879105865645,-0.11644638611482591,0.03835510424314153,0.016246447910815018,0.011489634988557231,-0.1583883811573513,-0.09228496496057517,0.05125820540949337,0.07292635523258863,-0.07670759835180725,-0.12288384413073654,0.042043346799586274,-0.11951404875918281,-0.010366424216503677,0.09046301405266209,-0.005102644570675693,-0.049973673173231335,0.21633576265751034,9.318429875709855e-05,-0.014757252685425309,0.13559781509988153,-0.09620773328782711,-0.03991658350902333,0.08293021767324635,-0.20875873970484896,-0.17577929511407087,0.039299239167229195,0.022517599445299075,0.05566625153897188,0.01885025369622506,0.17203578067369954,-0.08509695179284266,-0.06337154612388031,0.12536500169919504,0.052228150493221666,-0.13214692446982132,-0.18346564291534842,-0.09007283055934721,0.026524982511906416,-0.06578483847205298,-0.00474926119488946,-0.07910207247735214,0.021456409097883006,0.0819344166864986,-0.05474047972433583,-0.09733998236944376,-0.021315482972018452,0.11229841256947794,0.0737548131203488,0.10669872589692095,0.012333420236453395,0.05734659496009334,0.03876412306660753,0.05923003349600536,0.15684359422439728,0.014617031319078601,0.09995562868525752,-0.05454058662543732,0.034319582260088084,-0.007990647873833778,-0.1981881856251268,0.030664085839433246,0.03596280591203941,-0.11242381806829635,0.10318065905031386,-0.03397144499250406,-0.015900074876332156,-0.1376427965769283,-0.002629367946611513,0.09149026375006687,-0.11200334882294796,-0.005767172712060165,0.11396926315299172,0.0033304609992416503,-0.06971873080852664,0.015587024681694102,0.029485852202777392,-0.13852423207015138,0.06915849380486,-0.17123660321129125,-0.03948954463535018,0.036480348600420216,0.00915038841477906,-0.08600026447216227,-0.017489776530701853,0.03457813777009187,0.029275491722203444,0.0120074104518121,0.039766353544968616,0.06652669600646098,-0.016784475770720234,0.0022789864194081282,0.04267410258043141,0.010137468957489007,0.04917360106036778,0.07956396589828127,0.007059374960024012,-0.016907877974057916,-0.0716150467600275,0.03282600515629172,-0.01109507449897218,0.03735059275919135,0.05356210590045951,-0.02599429717364412,0.06344493625185035,-0.031943082690485305,0.032742916729783696,-0.04404386490161376,-0.010234197851660765,0.00043295089223733456,-0.0018888023155998782,-0.02270996597136194,0.04774185271250807,0.053865613313218916,-0.009285356728430555,0.04156967610721763,-0.05012057911904847,0.00017167361068743742,-0.000980254724460981,0.007377139312254267,0.019816623907717667,-0.042811274344196536,0.09936716576220316,0.004817194689750363,0.04000871447005268,-0.05309197992961771,-0.033245383338110106,0.02960001674147314,0.028337292644260336,0.052810748028901046,0.056870149619432785,0.04532948047332806,0.05379035931412819,0.026344126636719457,-0.0274590588409005,0.017818308281211344
Chelsea Siap Obral Kepa Arrizabalaga,sport,-0.09981499151271557,0.017627390193842535,-0.057826618346513474,0.009140225612725837,0.06381131148161527,-0.05673074679989061,0.023395643691071232,0.04791390530286409,0.02254086616070611,0.060258647852555906,-0.02379343660742044,-0.07933376970960221,0.03740921694591317,0.07321216967187805,-0.026731811062237733,0.05974922231043825,-0.010523796217057088,0.2112617182715033,-0.04640479243926641,-0.01713466427085333,0.10117229934360815,-0.044314511571990886,0.017947418449724875,0.13007213476786733,-0.11545358848572068,-0.057644432049428325,0.09222944746237118,-0.0050679527762059,-0.06437828306873539,0.15357551220664484,-0.1239509371321163,0.02529821756787473,0.09582093250244848,0.09416571729568761,0.1394618726042508,0.05574840027151587,-0.005708105825895423,0.1180967467095397,-0.1188028777498119,0.07140389025722527,-0.11686604446406608,-0.021357682018260618,0.0976009902265383,0.016361108024017693,-0.058425507407639764,-0.0999595062417902,0.003771290387370825,0.1489197993372814,-0.11051229086031153,-0.039391775915763406,0.11160680462528112,0.04047004246740138,0.014663392268505946,-0.06571013151758563,-0.06252825817292595,0.05899486409027278,0.1201944317482431,-0.010770025512179973,0.0146004233651074,0.12629354082278813,0.0366392845677745,-0.14949341578475353,-0.0016103413122948282,-0.10550442059867686,0.10940139641606952,-0.014786724657965968,0.05147312386341224,-0.12792642995758233,0.10782084703582848,-0.2074490353441348,-0.001106231412012483,0.06086630056377892,0.10497819883213504,0.0010925508276787327,0.019836197479508346,0.06782454783756127,-0.030964761483438442,0.09987834585575824,-0.04452534678180383,-0.006458886454927582,-0.04005593110864839,-0.018448684936810657,-0.08270259034315548,-0.15420777661549767,0.10691637864877572,0.11762328208635643,0.025661728532697162,0.06990146645059442,0.056153368093487234,0.0026182542381712184,0.011009683854610073,0.0519815260012283,0.013794728709251986,0.05215988006946588,-0.01843571957505886,-0.05662597120687437,-0.03639572701667366,-0.052332526468965135,0.005902070091212039,0.04345475040495362,-0.26819703359291447,-0.23819300546264813,0.054332524497846285,-0.0014095981930546465,0.12558648227124794,-0.0719957962322049,-0.15926151485640527,-0.046589028332907276,-0.048575834082494204,0.029174985745763046,-0.054439303296829916,-0.027451797367059452,-0.021498169907146408,0.013026416216172981,-0.10391460276170009,-0.034097127955491316,-0.019531255913008534,0.004391455923917631,0.035297844376081536,-0.04291785079386858,0.00015748027265195471,0.004328807506366896,-0.09785580934568414,-0.03308166013387056,0.2087408070345377,0.0796419192498949,0.06460161003668263,0.02408004207660311,-0.06113068937818797,-0.0300329064437592,-0.05549805334638516,-0.00062944055471999,-0.039996530906029046,0.028857957157409367,-0.0647980726969308,0.05352086676715452,-0.01836103506332699,0.060731944574546455,0.03075147026646539,0.05511213362269191,-0.0005377736300130016,-0.03989346485399252,0.013730596958531047,-0.021277831691374007,-0.021063313414994265,-0.019714414815616196,-0.006097566684168284,-0.031063363549114018,0.01747428834844141,0.022506798264626426,-6.211629900190182e-05,0.022939933350219974,0.024944293349544417,-0.016064630725454214,0.02411108684131978,-0.04262375195761979,-0.004952026775826745,-0.0021306743426271453,0.015937706961097652,0.014318785036654146,0.056970528726304814,-0.04192372189060954,-0.16629456444467336,-0.02704788256301464,-0.11751392581370079,0.07470657226369962,-0.07971573127111378,-0.0010322077996683093,0.014056188567080992,-0.0057012146656359175,0.04574926355205604,-0.0016766382321201968,-0.005167333622129443,-0.022646920861308057,-0.003938431089041255
Resmi! Ini Jadwal Baru Balapan MotoGP 2020,sport,-0.1336632015189929,0.07868157025249833,0.24008508873077983,-0.00019959620177912937,-0.20425238743190696,-0.01738788609251153,-0.03052470130519838,-0.04090647933493054,-0.10297703863548573,-0.0032801177918373517,-0.12326859679339627,-0.04791058712224865,-0.14130524748398718,0.1334009458754343,-0.06770155816118895,-0.07449911170200674,0.15812901445063066,-0.007946287521520119,0.020208751051918113,0.14406654643210498,0.08157849331120548,0.041096503112166026,-0.1252503471090007,0.004787982492454144,-0.0520902304961846,-0.15806909657231555,-0.010641252051020044,-0.004482838389549438,-0.03739287034534419,-0.11377959307329988,0.025889056161961257,0.02917381664925082,-0.08408386070075763,-0.007399108954785404,-0.036047244449700235,-0.08056037826963926,-0.004922361929283713,0.10360776547632457,-0.10612043936158234,-0.058374584296113696,-0.09801514940453794,0.0326017492253177,-0.05634124083451455,0.16747280547608487,0.09729523277078879,-0.0936128280942341,-0.14485873157662868,-0.05418315846424796,0.034241114746581106,0.004178465415637073,0.14704750028168181,-0.0985015987929191,0.07124092622317466,0.014465803154292571,-0.0022129154169091294,-0.17843502490568727,-0.07200411565910576,0.008597737177290725,-0.09590159034604671,0.18138658557516785,-0.04760167944247939,0.013650306895644743,-0.09101119494269579,0.004904539378594251,-0.18610175919587219,0.09073219130957681,-0.050983111733487095,-0.0008384243930978685,0.10367425672966475,0.0061171857965628285,0.0009270567368214909,0.011332270566176498,0.09528912769246795,-0.06091100587597055,-0.031069676219500308,0.11060347004317983,0.12370311258253028,-0.08762575366482582,-0.03757451443575527,-0.036630785941163195,0.06806560483929587,0.00989254146217544,-0.01572543485771862,0.007659484417032198,-0.023542338387641627,0.022494959620080343,0.019649223537702327,-0.03513624536014768,-0.05101483066263134,-0.03731904308488511,-0.09281502467785026,0.0650212864534984,-0.0037952659961841485,-0.041356227528666946,0.05023284594012913,-0.011668528995217772,0.01749629423090163,0.06993615280303679,0.06575507604193401,-0.018215652244944452,-0.04491481719905152,-0.03063206603364415,0.021691280633267477,-0.12131478555749685,0.07184926844138602,0.04132802308416147,0.03105567641217241,-0.0057032881446004964,-0.0729052846881349,-0.04025713800927376,-0.03780847499395592,0.09432446889056308,-0.02493570651043448,-0.08086137573693224,-0.013615127850992639,0.01289818335301583,0.008616515160042266,0.025670059906300526,-8.986746798639758e-05,0.05850503016912111,0.04348471582836128,-0.024180900740917288,-0.05815688990009623,-0.029764962575197063,0.004114339097796514,-0.04401579559221146,-0.05246022125389199,-0.05988830215661416,0.007282758460424663,0.031178934262082347,-0.013073018506591701,-0.004361289269574247,0.0009929105172996118,-0.009786637488588127,-0.05144459844740736,0.07642347133326982,-0.010762237017545405,0.008467916187733678,-0.03099429110892618,-0.027522259671830984,0.03337423084440077,0.14541489699286683,-0.05355096329840988,0.05297181729524585,0.026727816373934333,0.015173543327448366,-0.057901372039190845,0.026109924486484075,0.009771083199027359,0.0989289152088523,0.09895279731453423,-0.07275573999101792,-0.07783551262020581,-0.043311184943305055,-0.00902854961147206,-0.027386900710453813,0.010087020111522215,0.043160932185698796,-0.06328858988174677,-0.011303990690505026,-0.11963533418514714,0.012145756198170078,0.06150050021022989,-0.03969420794921926,-0.12767692350395415,0.030245071178776103,-0.008003371948218627,-0.03560749827168714,-0.057785681237148306,-0.06908699268452886,0.046969205674882684,-0.013689270747654006,0.0028506480061336816,0.10500661522424909,0.003235860405378134
"Legenda New York Knicks, Patrick Ewing, Positif Corona",sport,0.06880396095106418,-0.098974625515782,0.02573096402088425,0.001988843482613397,0.2124773671170149,0.019478726394415575,-0.11948966768026076,-0.07199436047498343,-0.05163264829824285,-0.026483765288377335,-0.028127902192277284,0.1637401303952096,-0.12435394705346015,-0.09596047296051737,0.08020281677492067,0.03260682867980901,0.160114733457315,0.09080837293105634,0.10285752886457677,-0.07457516819303468,-0.058714655907496166,-0.014201718855292483,-0.1367526864862282,0.06037636991481434,-0.2091445207866175,-0.021525512616278036,-0.014367276578304692,-0.04993775085319299,-0.10014410552293124,-0.06721021816673332,0.04635207434058849,-0.17443192462611898,-0.06885152302469508,0.043452342718141634,-0.03174538286571513,-0.02338589690089585,-0.020691501176807795,0.0845042156921669,-0.016944568103113063,-0.00839349826441988,0.08775473720924216,-0.023049592341983716,0.04175911826901505,-0.08171320807665833,0.0011723124392866344,-0.003121858401602129,0.1362045839144423,0.10662249281932332,0.10270968305773417,0.10543421615667017,-0.03341295282469792,-0.03280056006204167,0.05727986546097341,0.008590452865799701,0.07524714277340268,-0.06177830435571173,-0.011358968060551977,0.04249053131152586,-0.017707183975051843,0.04605364455762846,0.08645434801155565,-0.026667518335640347,0.09570753353051588,-0.016950927713765124,-0.013089725387432612,-0.0027515354460408118,0.03618043947910048,0.0026001882140910416,-0.037830595753612625,-0.05015011733384569,-0.06558435146857933,-0.03737983483341043,0.09346061549273271,-0.0035366420245452265,-0.021527447598157286,0.03751544839673415,-0.0063950141808545285,0.029334578839729626,0.021237729574157295,-0.036706272642678374,-0.048760876194656515,-0.010494125763639133,0.008023581220067579,0.006803987210784602,0.03568514822556641,-0.05286158823957645,0.06042399499732214,-0.03261190537967806,0.10434272967207078,0.0631630781773825,0.01067772111152177,-0.1853218048306323,0.037286997225756735,-0.09165287708612148,0.015218164987685199,0.03860937606155227,0.15327292770429715,0.13795347689969034,0.0027703070403143656,-0.01791607760417551,0.16709051071280576,-0.2753306036144773,-0.06554158969056674,-0.07520287509001554,0.14921819049712437,0.08729559853692208,0.03398474499761378,0.11837233170722616,0.09080694588884643,0.05462118275066507,0.017749302322901863,-0.023221128033697958,0.1735604523930985,0.04101848783527215,0.0830397574395763,-0.07660915736828701,0.009184025863245961,0.06227634041432937,-0.02055264313094922,0.0034885459151532626,0.042887556407173635,0.05840323060108066,0.04440317433524106,-0.027954113005736744,0.04664703739133596,-0.058278788283942166,0.08310099268301606,0.08206438730087061,0.0586862211575475,-0.05054255129702468,0.036818256449522975,-1.8651581160308243e-05,0.029597227777344137,-0.03730390699749656,0.0482459223939393,-0.026205176314801196,-0.05289348519349562,0.030703357801707694,0.02811566309158079,0.05848383064215295,0.035975357077453515,0.04382529700260977,0.07224437419752017,0.03806947952227261,0.05095955035299933,-0.028472852646571283,-0.005741986497603297,-0.07143769969810017,-0.016944126971100405,0.010468908564335447,-0.1371084859994864,-0.08315665897087242,-0.08050435482391101,-0.050858874749855634,-0.003184988721937903,0.11063688477131922,-0.06806630895745751,0.020156395323112156,-0.006566609920783099,-0.07505183868783022,0.02458943767944597,0.08906133612741778,0.013589900666741834,-0.07778830999667997,-0.07669189247087921,-0.0224036028352588,0.03196391497819846,-0.009207297352474546,-0.032068506489502234,0.03832291751829098,0.027210541632747765,0.003980299936002862,0.06865498874916956,-0.003926827533443369,-0.02148270641170854
"Lama di Rumah Saja, Hendra Setiawan Tak Sabar Tanding Lagi",sport,-0.1015588807411255,0.00967544230003977,0.18163007283442958,-0.009872915868864024,-0.13795064787379363,0.0409627119611261,-0.0370150076535529,-0.045937388813930516,0.12348561394205608,-0.007922564448840244,-0.05519262376522765,-0.07995162452338801,-0.028510325730007564,-0.06116333372905256,0.04282714229099606,0.08781704713178815,0.06200146880679172,0.008272831539287808,0.09993122954615355,-0.12696659335958696,0.04683704313915936,0.012296351739707775,0.14869824213295754,0.0957956216522685,-0.14298428322097176,0.08412767551505095,-0.20009563302582128,-0.038686042929125,0.0742544516547595,0.03772933465202742,-0.04351723365294856,-0.009772641963443872,-0.022901777921289047,-0.045747586105097424,0.03396208801695049,0.19066948129464129,0.1870970060668236,-0.1418109210193574,-0.08559819422469658,-0.1128517941478904,0.059483133019459886,-0.14029283839807627,-0.014485783343555226,0.03835163858704721,0.07041564934414257,0.1679362837971476,-0.025014151266913122,-0.1178064891927271,-0.14611737002712802,0.07015221637778078,-0.018860525244064282,0.18587517055167332,0.090466572660124,0.07488534809710459,-0.04081494003896685,-0.02500742903409879,0.05606750589441945,0.04752080030953786,-0.0025785568965520566,-0.04367912058972027,0.10814125752796606,-0.0785754696407322,0.01772310650689103,0.11747749458675341,0.04155795396216066,-0.05032695655947624,0.03785522762044648,-0.05642958281858401,-0.11109699502409817,-0.02933912436693866,-0.08839697359349519,-0.08767313324457716,0.05050779938820576,-0.0034961751761862785,-0.08494457145873248,-0.044735169430170904,-0.11254516242336444,0.054882714942414944,-0.056742787534093314,-0.02314969161939674,-0.0027307481336989654,0.010063713045795,0.025170318637580492,-0.027461087817446588,-0.12812545596671332,0.11694802599591464,0.061005601652923167,0.014916024354132092,-0.018334446053395854,0.031907067879010396,0.044864846349137184,0.13879503797031378,-0.08540144459802665,0.009726698399606522,-0.03604644075594869,-0.05771112221498928,0.0833409174132793,0.06533767893570877,-0.025503394776071504,0.005001974788319518,0.016658062130983507,-0.014068906143114412,0.029511458691260806,-0.07956389706231505,0.02449511842209242,-0.03140880474186704,0.080989433220355,0.10078646443487181,0.02245897652886227,0.023017170409459612,0.0014821510366088521,-0.03979126798034465,-0.1309172971415044,-0.029471286094194325,0.021955808329061893,0.02615974845370917,-0.05239955802385617,0.02535914489448059,0.0023323124156673673,-0.07041881502226045,-0.10900741206632328,-0.09063822172641052,-0.059912409014332986,0.020527494396809873,-0.06868806916837877,-0.004167401145867342,0.006851405139107063,0.04885969302086681,0.061940168137945416,-0.0362671858346879,0.025861318394970544,-0.00860925780714644,-0.03128707653897532,0.07217056213940527,-0.05953390961928013,0.035559927822112834,-0.03198778502051046,0.06001100075436398,-0.014567375713255535,-0.054262123186426425,0.13336327477142906,-0.07093728181166647,-0.06846296782273219,-0.03336180299961616,-0.0053990849677924896,0.1523576144840256,-0.036334299390849464,-0.025085568524191096,-0.0756689968838601,-0.09827784532800009,0.03654392169015091,0.03534134919357037,-0.028698384622811435,0.01514913650596589,0.09316145700888148,0.026522073643026438,0.017392784177750444,0.08003658708994406,-0.09317673444306271,0.02356954054311732,0.09060310734093426,0.10086000458148789,-0.007879624120875419,-0.023627893175723856,-0.056524060613681495,-0.01109510030423882,0.012321550790928719,-0.04270635796583803,-0.02390329738325974,-0.0823120172318697,-0.037135900985364914,0.04982655287134492,0.05046629743486052,0.012174352291007615,-0.052454812961288136
Man City Juarai Piala Liga Inggris 3 Kali Beruntun,sport,-0.12172995388449101,0.060937686292966524,-0.062226404698030105,-0.14605667132399983,0.11043854202009491,-0.04678498555708002,0.3215978601502639,-0.1114928861975718,-0.026519585038757742,0.09068137465496527,-0.059929605308660594,0.06675419429153556,0.027935136099769876,-0.055728477011052366,-0.0023513652613112697,0.029777399169711477,-0.040803722978838004,-0.0348345077116627,0.0035780282656473106,0.019276349627914025,0.10417557908300423,0.05274212484621318,-0.032357141093025496,-0.10675370851670568,-0.05205440939821915,0.10481936266697747,-0.07303853185326493,-0.028317795079193422,0.15228162713150353,-0.07259213954330199,0.039180413329644816,-0.1751740491049083,0.08234608385953221,-0.07283347890732106,-0.08380081117064125,0.09412278170025105,0.06193549393850116,0.05228476066332128,0.04640299651400257,-0.12837303583046705,0.04026834426379116,0.006500225885742941,0.012094170967517403,0.05597992559916409,0.12254330415111658,0.0012338185028112722,-0.12178538371839329,0.14037600497901173,-0.03368763504098615,0.05166834421492337,-0.003884942423567745,-0.017539433086581215,-0.14419646289635066,-0.07903684340221731,-0.03388405600964657,-0.009270332125759376,-0.0019757878161993604,0.08385626835567489,-0.11620529426356169,-0.05963203935614758,0.042028836765072956,-0.024490627090933283,-0.06307122197353979,-0.13350621343755684,-0.02679478724266964,0.028719307820618708,-0.17898617831073524,-0.033483822547750855,-0.035638698269309585,-0.06498859247658072,-0.06482259903465164,0.09930515611261183,-0.0027529492098858164,-0.06760201247466058,0.1108114351257631,0.03640130097385503,-0.033887406888226404,-0.019703785041165923,0.008488460714369019,0.02121066882148865,0.035370765058279886,0.11280573236614577,-0.0005371112586438092,-0.003784662767316453,0.007217142763234265,0.0038098470127689607,-0.0426743298017989,-0.0108877558219306,0.017891663824349754,-0.03720317900579693,0.04083174185875241,-0.023357051777797535,0.07327759032964586,0.03173355207417453,0.027963352087646505,0.0026103826428290873,0.0462227165767859,-0.01952216533618362,-0.005268421288158232,0.051075096248481444,-0.02473985359804647,0.03833090718703977,-0.04115146502744391,-0.029347927606805397,0.02504729218812393,-0.002504078721456926,-0.011947153048692807,-0.04115641606349054,0.11216054555658639,-0.030218356732437498,-0.040807365871190326,0.06369489031701286,-0.012846632884116341,0.05644297585674408,-0.06720434559167629,0.003178602378597564,0.06726565213144306,0.12895975134910487,-0.10338020815456188,0.06849679187276023,-0.005917109862403197,0.008856251080799375,0.16499485047231865,-0.06626628659001946,-0.0312795902600568,0.12093728185690573,0.13015105066928023,-0.03340349084547602,-0.10018771136245497,0.07363127543229854,0.027525849768128215,0.010218134656672116,-0.0898427560505344,0.03578252331165246,-0.014384671330426157,-0.013479885047971835,0.0698172059592439,-0.012338508276112745,-0.09549525800011723,0.10175053169576934,-0.02031999749587996,0.06587141012070566,-0.01896025155219122,-0.05372404527038684,-0.12752176533790818,0.24804025963846812,0.1367926771073893,-0.1516799616947065,0.07811425744340185,0.14085561267092306,0.025306992066989702,0.07392204921214952,-0.07654307926991065,0.03920252461089907,0.03255317709813131,0.07918171920721805,-0.05235330903063552,-0.010244667116418686,0.03301059594467865,0.03319789870848285,-0.05210220203316377,0.077564970760373,-0.049839976196667087,0.014072069711769232,0.059719969865643895,0.007126100181198642,-0.025893076663819094,-0.008506044980276241,0.03962452158393168,-0.020897426083714317,-0.024405130334213036,-0.00919654812092025,0.053293016724742785,-0.002275710003738783,0.003121780078650216
Skenario Tercepat Liverpool Kunci Trofi Juara Liga Inggris,sport,-0.12077115317313894,0.05986187875824612,-0.05815959003938006,-0.1394427548067037,0.10923783822939681,-0.04541202517236754,0.31003807203194234,-0.09903752807293265,-0.019868955955897737,0.08338967487892199,-0.06336078034470123,0.06023194021306708,0.02203818308086665,-0.044136337749867985,-0.019246651736509232,0.03673250553475831,-0.029150268960126433,-0.02172606526306414,-0.00567587924531839,0.008130290821758642,0.07563687639593547,0.06244103982732241,-0.020873974137135987,-0.09660071966518649,-0.037376896712625604,0.08756008695374955,-0.12465892353107962,-0.03447200175474399,0.12580083325140673,-0.07284004882801477,0.016583966839078364,-0.18896386948810415,0.11154928464491026,-0.07690688543624594,-0.08482219096049368,0.0914556605090153,0.061859640515669896,0.018217130722592987,0.027511181437661115,-0.10900532656261898,0.05000458280723065,-0.04813566298627957,0.007230421448338101,-0.01872658739481319,0.12813656747190563,-0.07595366006108784,-0.1131271651665636,0.1264253050542806,-0.09599984697752093,0.008952874985998411,0.13908139151881277,-0.11161473557690206,-0.11846528511528524,-0.07190539156853934,0.03589769048564199,-0.0017326346546002575,-0.055875841533150894,0.10827250057878064,-0.08173329481226216,-0.047026707526053826,-0.09497097316208794,-0.013348211308858876,0.02673717727916982,-0.009896897747077088,-0.032570555559942475,-0.05428813998317292,-0.13199763941236012,0.0022438480486163433,-0.09833826687187235,-0.006933592711684034,-0.04694854222727674,0.11594681014603918,-0.06214277037945646,0.018047906593580527,0.07994414443667368,0.04005134931783757,-0.02424944162115172,0.08143472919857642,0.005116795774287032,-0.009896645180731406,0.019909459662908042,0.037421075577700184,0.037010030082327505,0.03600218738068047,0.05804918763778935,0.007232719579854726,-0.048779703813351276,0.08988871915107416,0.08000532275215722,-0.18263649181967162,0.034297362450770745,-0.0012659723172542025,0.08468520336480115,-0.004796767790616013,0.05434322936174732,0.12462606347643229,0.004055580458858153,-0.0006057416151305331,0.050944975293977283,0.010739539755541743,0.05797606366096056,-0.05138674369291849,0.02071072089005328,-0.09743962764432694,0.01630339907859519,-0.08276227277162504,-0.037789746565213105,-0.14432491452956464,-0.04604300949421454,-0.014479127995639525,-0.09362611620042861,-0.08705321816270054,-0.033551068138584966,0.06129927304992588,-0.04466447124845096,0.0322304640044415,0.01724789640043789,0.07081905975569489,-0.004610513279781266,0.03369032809259644,-0.0621090341854068,-0.03168055543846194,-0.01969943539135357,0.04495331939830286,0.010358559172813331,-0.07221202678557243,0.0029276389204124756,-0.013549692922108026,0.00035106569477953486,-0.030689984514560547,0.05289591642870889,-0.025372531565429523,0.02546448420342163,-0.001558474926307068,0.10068192267816549,-0.020075147353850326,-0.02619779085669344,0.012421855110933072,0.047586790631785565,-0.07604520852497902,0.0468065990124644,-0.046194082244134724,-0.001998847819393622,0.00994930763446724,0.13306113413966014,-0.24420064201676955,-0.19429458740048872,0.1284259688003397,-0.11420178261714777,-0.18207140511777611,0.002974044945641009,-0.029075012845872474,0.09307646464761074,-0.07738041202529629,-0.027981473466851262,-0.08344181885223537,0.040615786955069934,0.03776026573147528,-0.06165733431213781,-0.011902418117580919,0.0722589234743673,-0.06653207110682835,0.058482940384422956,0.042100053701640355,-0.06722633794322706,-0.0025141906689888694,0.02839372288124734,-0.0006454646508085747,-0.002569582428135428,0.027647760283712013,0.020598371003854823,0.008267250186065441,0.008542659983636163,-0.01184693918395488,-0.007752694351242306
Melihat  2 Gol Chelsea yang Dianulir VAR,sport,-0.09456680157974065,-0.014435263666210785,-0.05705408357985422,0.028338174910429694,0.019254607541087414,-0.044538165397433306,-0.011590865288656126,-0.0005714867444423288,0.0322405533000477,0.03280594337121333,-0.01678041011195232,-0.021875551944804752,0.054736851249806366,-0.023618869706195644,-0.001994297842034202,-0.03918196070779792,0.05203211039075836,0.13647976121331534,-0.06980295017958234,0.011250511924388687,0.004776288356793748,-0.1052718066555644,0.07083931123200626,-0.034154597640873016,-0.1616985918160601,-0.1551022892965038,0.0775358633584514,-0.06490117421271548,-0.023187784922918047,0.1697128396872099,-0.21670543349384927,0.12325932119493413,0.21032173974313942,-0.048475536243764626,0.10701405812552738,-0.024264092123298518,0.26356599409356174,0.2631238238867433,-0.13072315590929207,0.02303516007220333,-0.1761686739335151,-0.006712485814771166,0.07276563349788104,-0.04607029573426677,-0.11717964978514105,-0.10556095188825472,-0.07189960125160283,0.14145920423228434,-0.04746141189500763,0.16414949067002604,0.14461627200054444,0.03897690592277706,-0.046177031882735385,-0.03617605189222292,0.001212532797513508,0.04580215394693413,0.02641905059410241,-0.1309371273739562,0.0317872603271376,-0.13504313562439924,-0.009707820554520344,-0.08391865852321959,0.05515570330657647,-0.08755703058110326,0.005623255429312646,-0.01081158073539702,-0.010662842716411443,-0.051482830318385166,-0.027490265251498554,-0.09276664204475658,-0.019689626782482237,0.04867628914119312,0.05795108766617658,0.08537089021485608,-0.10357120142259477,0.09203999005496825,-0.04197264709874471,-0.10255468860312181,0.1378885306875748,-0.027222086522319566,0.042668594191032735,-0.025149947758793922,0.0048834930728818915,0.030985203786689598,-0.004083010052204638,0.007738207360658575,-0.024012406150220215,0.062014109157953023,-0.0714915651016133,0.1109630109837584,-0.060346510723518675,-0.02801029443897455,0.027973716584569177,0.0316768405636291,-0.020697024996130235,0.01344574205711211,0.07786068705897117,0.03419023705321314,-0.007442632902918919,-0.002602094125930537,-0.03635342256604771,0.0384884900340146,-0.022677843446060275,-0.020577786263228794,-0.03840696109313081,-0.0141255411249272,0.0066571195344391435,-0.020859907075568885,0.03746941654850568,-0.0013950551835332397,0.0424101874933429,-0.058406705811082135,-0.016825513136852592,-0.02166736014513166,0.09446567125173659,0.09246202382515643,0.03797845505929645,-0.011921029306445433,0.020155207155067908,-0.012373095442337646,0.06537565210028855,-0.03694108909683457,0.026683596873620177,0.008705910197890661,-0.0262207497233853,-0.019560526424252087,0.02696988770479655,-0.011954573266689594,-0.022131195719576346,0.004389437917629202,-0.018951832527596635,-0.005669313879971655,-0.013621769720157703,-0.012935091176733454,0.009757749182196454,0.03800021146657657,-0.02764237399257596,0.01580685146976606,0.0025874422278931706,-0.010131380331659771,-0.03285164492792034,-0.02897261980703826,0.005228437418091551,0.02378553078929792,-0.019147680477377926,-0.02051164477681505,-0.013321256246834902,0.046367228212134355,0.024605151662552623,-0.06415833940479801,0.0042520601868727284,0.00612636263772443,-0.0016560970022484283,0.02419179028681408,-0.013964723530838786,0.07099579450434712,-0.0036531691311482936,0.010185486320633519,-0.03092902945083702,-0.008173856026528793,-0.13402818994697166,0.104636246929454,0.29991686995926814,0.018857425109808694,0.17915944908808662,-0.0934556141034345,0.1290833421604642,-0.010115586944701842,-0.023144894606790183,0.005425255191802141,-0.07565624431871532,0.01526832487160886,0.015972021737624235,0.017502453260649233,-0.0045412331515047154
"Olimpiade Berpeluang Ditunda, Praveen Jordan: Demi Keselamatan Bersama",sport,-0.09739516575907112,-0.09496144564024896,0.07673935081895818,-0.056691220744220845,0.10425340003858438,-0.08024666923214531,-0.15737742605835123,0.032690912895833694,-0.09028414611745468,0.1711344003159519,0.07885699213861241,0.07744175757498324,0.10702485161284346,0.06170397286940902,0.0692806843097575,-0.09267486417529038,-0.051075783183898084,-0.18453974320284833,0.0684813141435955,-0.04698699105134345,0.2668173650504278,-8.445083665103928e-05,0.21385941105587308,-0.09032942396724904,0.0814827262986037,0.12673152530135023,0.15561879712867777,-0.04598313133390119,0.024479381904282088,-0.08074957250483224,-0.08348451597428992,-0.013056249298313973,-0.1314414458779189,0.0025118989437987104,0.04554882196229914,-0.16854295528511895,0.058521656773866865,-0.05263918503636656,-0.03316832137313914,0.07675350691495138,-0.1290362485426377,0.03406248144278317,0.03863584649470774,-0.05314451279554915,0.10181136033182392,-0.03874222643156673,-0.08177266315970123,-0.032104301964222766,0.04328380564026046,0.1373667556941276,-0.05448031615778616,0.034561058396915534,-0.010822627495981419,-0.06731123147562554,-0.0675834783736857,-0.036040598646499514,-0.006074940383422975,0.10647949677321199,0.1529513181077235,0.11928944848687831,-0.08136886256353022,-0.019962101170111057,0.03603200226071031,-0.083653816720954,0.012756776009523164,-0.012611193450322983,-0.03172871695279998,0.01410653669014978,0.07104188749153259,-0.11136069686409014,-0.028506671768285325,-0.03722795542242627,-0.06939919054636068,-0.03872690333147915,-0.03776781852895096,-0.08962454544553826,-0.08028835009751475,0.008756955175953143,-0.01639531767653159,0.007720709199931687,-0.07268601387226273,0.04300216334379321,0.01690420325775852,0.03444817212844653,-0.03742293890006003,-0.011474223582571177,0.09100501432248634,0.038194961531871685,0.05250997187460934,0.004491605527049972,-0.04491796766426187,0.030327104325045255,-0.06329038028161374,-0.013816523837279491,-0.07843526692447594,0.10828898404058272,-0.01879642880764988,0.0349105515629439,-0.007862508084339168,0.06475913108787938,0.10469313310254517,-0.05226100805794632,-0.019183441447283046,-0.07958292759234496,-0.03903199999594098,-0.02483378096600203,0.05882425636553041,-0.03380522628137976,-0.06888467015427015,-0.04347887879310545,-0.016987112708153812,-0.021730026736938406,0.008946519201099052,-0.023688161488442223,0.07141763318157397,-0.045469073675684875,0.018655810351413567,-0.03933075807573303,-0.006715288691379714,-0.007718060770119881,0.06506453762386386,-0.06652885307764249,0.08764309305929785,0.007926928618311154,0.07655688693735953,-0.01147183624880143,-0.015969812114041616,0.09077917334023482,0.05035956805051249,0.07839888624094313,0.003230651595898938,-0.043604732492215706,-0.023098236629870466,0.038637359379762835,-0.08311358577543204,0.00743527807325251,0.04344779022709435,0.04980586632700766,0.05511923038822086,0.06915086104708283,-0.014407990914135237,-0.023574021807101102,-0.06179106589265749,0.006520993544718232,0.05694130174882996,-0.05167026523595326,0.03412703299980591,0.06332026177670377,9.194353413291487e-05,-0.07972095522765332,0.11113604385509622,-0.030114265855212097,0.029576425172794924,-0.015447508756994,0.10729238023981666,-0.05333839277478479,-0.13267339361592168,-0.03929449080113432,0.08953375972926425,-0.03337754426966703,0.012211433410401238,0.061594329297992294,-0.13585915737500112,-0.03552891910503697,0.1121600121428168,-0.08988875565947957,0.013158929162450123,-0.0809389778784501,0.09394107310702432,-0.019312355002097683,-0.032386399856582385,-0.08852685951333146,0.05076000833794196,0.06699024044451252,0.04791549996098541
