Judul Berita,Kategori,dim_1,dim_2,dim_3,dim_4,dim_5,dim_6,dim_7,dim_8,dim_9,dim_10,dim_11,dim_12,dim_13,dim_14,dim_15,dim_16,dim_17,dim_18,dim_19,dim_20,dim_21,dim_22,dim_23,dim_24,dim_25,dim_26,dim_27,dim_28,dim_29,dim_30,dim_31,dim_32,dim_33,dim_34,dim_35,dim_36,dim_37,dim_38,dim_39,dim_40,dim_41,dim_42,dim_43,dim_44,dim_45,dim_46,dim_47,dim_48,dim_49,dim_50,dim_51,dim_52,dim_53,dim_54,dim_55,dim_56,dim_57,dim_58,dim_59,dim_60,dim_61,dim_62,dim_63,dim_64,dim_65,dim_66,dim_67,dim_68,dim_69,dim_70,dim_71,dim_72,dim_73,dim_74,dim_75,dim_76,dim_77,dim_78,dim_79,dim_80,dim_81,dim_82,dim_83,dim_84,dim_85,dim_86,dim_87,dim_88,dim_89,dim_90,dim_91,dim_92,dim_93,dim_94,dim_95,dim_96,dim_97,dim_98,dim_99,dim_100
"Susul Italia, Denmark Juga Di-lockdown Imbas Virus Corona",health,0.42922351942074205,0.02858194572716933,0.3196518179868892,0.3021698519976515,-0.1612820112804083,0.5633181173789971,0.1717014233029621,0.07474490318900852,-0.4843158228761855,0.15807604596238653,-0.2308653356539269,0.13545525534737352,0.06253755771973359,0.3620572404909805,-0.26099287729541887,-0.0901693884455693,0.21651221435724657,-0.3362351763235512,0.2726501212770459,-0.006472577714865392,0.5542366976443408,-0.16857171627345632,0.06016994839943373,0.28237475116892924,0.18252832671937358,-0.1551685235096353,-0.17858201120002046,-0.5977296869852023,-0.49324821501065763,0.17271118673592326,0.04927513538217449,0.6039945012177413,-0.1306384978258292,-0.2041173868177306,-0.1691588321091995,-0.620335109954398,-0.2689768022131018,-0.11501930609433784,-0.013999713034854533,-0.04208943596983612,-0.20185413267676403,0.3647325122908918,0.24777302627147405,-0.21457544497680492,0.3173830060531512,0.2821482337128708,-0.2231719945056814,-0.15498396295366912,0.12116220680308255,-0.5753065052570917,-0.10691846394694535,-0.0976570511829821,0.18450525866905917,0.005806830588001791,-0.035331121570495595,0.3980220438970911,0.10553404557527656,0.2946423229428598,-0.3197074538291521,-0.23366951773601605,-0.0018508465835236829,0.06739688513484034,-0.14296459055181296,-0.14550345107838733,0.12944947051566905,-0.04769182863609967,0.10669033070893645,0.14577319463758057,-0.5597524092253107,0.24931853504132456,-0.46164189885212653,-0.18461036054002497,0.1661574368695536,0.02135922753043861,-0.5891439200912065,-0.41545390091916196,-0.23465054220473178,0.382195240453479,0.15781261444027986,0.25680794254422484,0.23070009828424626,0.05613948964848355,0.2707173552447745,-0.34090472567616253,-0.18291060254765537,-0.21621721109370892,0.0755746364226565,-0.04481736762942475,-0.06912363370888298,-0.02500139920413153,-0.2785991347216096,0.08058024165820779,-0.2404099563208612,-0.16032371576114812,-0.3125236408138912,-0.079068828330717,0.03639276596385216,-0.28995933955509207,-0.5181010345758077,0.3405987879299989
Mungkinkah Virus Corona Aktif Lagi Setelah Pasien Dinyatakan Sembuh?,health,0.4938741299484736,0.06295013115520516,0.511895224907889,0.3689278386291848,-0.0642948850944789,0.7702133254187615,0.28933293063644255,-0.07772743183263522,-0.5998486455957925,0.23257966019241574,-0.23981705692044392,0.13712883624728528,0.053354179292016315,0.5556763566551055,-0.39790931412884784,-0.16061567757163733,0.17493915217127878,-0.35427895834056267,0.27120789026092246,-0.004817659298190407,0.6394123425364847,-0.24127211721438416,0.07611154366332894,0.222251156684343,0.16804534404068533,-0.13126054365888493,-0.20971088209721708,-0.723919283756425,-0.6841061502242479,0.2797710244008576,0.1591052964444192,0.7587320220124345,-0.1334935555434862,-0.16603255637240716,-0.2309750715291661,-0.8039972947439091,-0.2900423453283206,-0.1271284646993789,0.003929225870327434,-0.0006496540344778764,-0.1199740268328894,0.3683086446542047,0.20514596500133606,-0.23204392655775816,0.39412798476476213,0.39691487198989767,-0.21845779785739966,-0.026854187228294805,0.05150108545905011,-0.7293986123357781,-0.09351466565572883,-0.06402311922568323,0.22485955262568266,-0.0550254046082423,-0.09380337150172327,0.41494919347829856,0.2161019649753451,0.3580829889814939,-0.25831174437921595,-0.20948833857005106,0.06549721669660365,0.06983727375801285,-0.17397768567109434,-0.33992064791017906,0.1347608677468796,0.02029116682184701,0.20795716289541252,0.37227692579152044,-0.7440689742528969,0.3427451054490721,-0.5979080190417825,-0.17852772520390242,0.14540830764237223,0.034744606048938295,-0.7474486614143308,-0.5533247566980111,-0.20520514994603634,0.46534762004792624,0.17711158111972214,0.3351605985181803,0.2671907074089762,0.05502143411235135,0.3335896538863979,-0.4858465176918206,-0.23421816533564369,-0.1411687766700641,0.06728819247494752,-0.16007673350957136,-0.0980869422442791,-0.021076847567181468,-0.28643617170814023,0.13215874581315815,-0.30987393013292286,-0.23285697815357193,-0.30909128940357306,-0.05548319031861874,0.004973533777642154,-0.3096531921525111,-0.585923586211262,0.38446831783522495
"Sebaran Kasus Corona RI 9 Juni, 11.414 Sembuh dan 1.923 Meninggal",health,0.5885552147165068,0.11680430398449089,0.5954480843004538,0.40747077150333116,-0.09787585377678101,0.6685939672415603,0.2507618940455347,-0.1033843796174331,-0.6500735363331105,-0.0026716648714016195,-0.19233754865558042,0.053372076581447214,-0.07626189411774734,0.5181041358838879,-0.35175482818847287,-0.3435403976272027,0.15316796844124586,-0.24140724401018288,0.24322659795836926,0.08547794952492685,0.7105377861269704,-0.30320732492385316,-0.006658168734028572,0.3362760302606314,0.15888808434429835,-0.021474527195056582,-0.0896288221388314,-0.62258280874099,-0.6392843636690978,0.11667882396816912,0.21249857251219065,0.511931152740669,-0.030130630473467757,-0.007664664878386541,-0.26299586000488734,-0.7334984775353129,-0.2397741097393993,-0.08146131323062224,-0.19725774439497443,0.1368464945945931,-0.14472734003282187,0.5118617647403206,0.21872966226871568,-0.12981917849131777,0.32552904200714405,0.4023143515122388,-0.26714149913914104,-0.14900740658897801,0.020005213492820473,-0.7723148280428601,-0.05555658969155071,-0.12492836520497162,0.36934819542952185,0.018631474698932747,-0.18615203826113222,0.3725627498426613,0.25335966310508223,0.26789064836449095,-0.2612552386569767,-0.089430289473769,0.1659603933770184,0.12601445368733247,-0.24538828768727547,-0.3474381099742371,0.13367880521787928,-0.04951834906131757,0.2016231215418132,0.28719425014499095,-0.7621951139643751,0.27538716397103247,-0.547606883108467,-0.06655878540670936,0.1226400045081428,0.010586691918852451,-0.630487672597514,-0.6504055667627486,-0.004138458379958203,0.3702174845244208,0.15979807146674016,0.2975771362800091,0.23384952420977717,0.06692908074671065,0.26381813748747357,-0.46818885253959835,-0.21488812253516915,-0.008859716879226145,0.022192835065756502,0.06562667700410281,-0.24494618023493928,-0.02011193178903589,-0.18301773153971732,-0.007486591653378624,-0.2933758913882066,-0.2908887484601182,-0.2897307384841508,0.09629226440955287,0.04180197186294423,-0.3724205237038759,-0.33192577012225416,0.3680213708074883
"Kisah Pasien 03, Buka-bukaan Awal Tertular Virus Corona Sampai Sembuh",health,0.47141512756122894,-0.06158691916103227,0.4580714504865927,0.30942912465323846,-0.0681191464238201,0.7435557934244967,0.3065955507334741,-0.09522479892899746,-0.5602093056024358,0.269476005468984,-0.1928238998624947,0.250204478350155,0.12241092667398887,0.5349370090799558,-0.4429417360260707,-0.07419860393758822,0.145786967313146,-0.39721698239588177,0.2919743544959169,-0.044140264362491216,0.5115444178614331,-0.1964224872570126,0.10895256379944326,0.19010153660684107,0.1330737217794639,-0.15426833024146802,-0.227838031683294,-0.633888459547982,-0.6051432977633298,0.20428356880990278,0.07965386588520738,0.7621335428024268,-0.10324598525180448,-0.2095189485205434,-0.23042802155011385,-0.7531350924207764,-0.249339883480179,-0.15295600591512487,0.04443867571035465,-0.10049856345722918,-0.09365199739859169,0.24707074248794075,0.20783138564741177,-0.2760525643186646,0.328629381338225,0.36461908746775823,-0.16994268942163876,0.018864232816499186,0.1173245640371051,-0.6113370441145071,-0.06775823755094715,-0.05736419215710875,0.16664593723974408,-0.02709267786942312,-0.07731674346531625,0.4107882245650788,0.16722493467140648,0.33387786931561325,-0.30854198294681967,-0.210598296373102,0.04067160688044934,0.1101862144610261,-0.23600112316762267,-0.24506134055464646,0.08832336024597888,0.04426742219521271,0.181560189184758,0.34061774945008727,-0.6769302203640232,0.3171050778948182,-0.5389191595057692,-0.20224847190821307,0.09464894013169071,0.05698265167426525,-0.6368517326009508,-0.47275585600755865,-0.23706596239656536,0.47217665844322176,0.2005354301405344,0.2616066785645003,0.2583433887276023,0.02226128820388131,0.35425580895896597,-0.3779658032065372,-0.18299077568120367,-0.15603047590655866,0.0796929477826968,-0.185233822872367,-0.03808197480346118,0.03496311492371421,-0.2721433300000349,0.1608851638277143,-0.31494012352971956,-0.24869620644142237,-0.3321301227823095,-0.10039518855106196,-0.08965313630487112,-0.3812801281036488,-0.5740125938502526,0.36019556066272734
4 Variasi Seks Ketika Penetrasi Biasa Terasa Menyiksa,health,0.11373310495895632,-0.014917523843254399,0.09301849762421532,0.10226233060850459,-0.1860722433020278,0.05236418497509657,0.19938262256442518,0.01509944722756249,-0.1474495962023801,0.0651467097281811,0.14854803381804926,0.2806323746897951,0.215142037581069,0.23602583465862245,0.02884430786663113,-0.10558792325331057,-0.002483082153472409,-0.1779887653738709,0.06190050632972113,0.10971962220694298,-0.039586415765635125,-0.003740276417821356,0.11890734856248479,0.22567526939184712,0.030268142288656458,-0.19266751532563517,-0.04968419253777153,-0.20470212892262005,-0.034682473169097394,0.11007592676284111,0.030103444314979678,0.20983712322937967,-0.0036392059293298353,-0.026801784137511567,-0.06366637315089,-0.04564755943336521,-0.18263961853107394,-0.050468135325264875,-0.024843380175607183,0.05256996814986074,-0.053008126457077705,-0.10181446218669453,0.059919020334915606,-0.13436180056248848,-0.05570973273443899,0.21780686938915553,-0.007877370610441038,0.026511959563657175,0.14637920190435405,-0.07451040596834693,-0.15991713550835748,-0.08127687193438125,0.08760540453665182,0.023681182525442435,0.08126107246537703,0.05513667519595228,0.03227709981166107,0.055317943114669636,-0.14579614399430027,-0.18852804612922744,0.05826070585533999,0.1522080423579601,-0.09709882813072535,0.0036254166684846615,0.06793786647012236,0.07111839762114601,0.07342288481761776,-0.12013950722659143,-0.2499430123404789,-0.04072738522877492,0.06930972750127071,-0.08939620643795758,0.02596177235846378,-0.06403678207637975,-0.1362106355650856,-0.21422724270800464,-0.04878520533841125,0.1085864265530125,0.0784196976218419,0.0937667543916404,0.00024176328862760056,-0.09620131977985502,0.1023784781658927,-0.2635518822805217,-0.13623311343073655,-0.1805674030569369,0.09093183206617232,-0.0474321971033963,-0.030740287126085498,-0.07522812367989352,-0.057712363612391744,0.1500119169053946,-0.01726589881506686,-0.15809173137864377,0.004775205687662452,0.20597959617328954,-0.19305060982610234,-0.16191541898509473,-0.022738369844613995,0.09291348336999856
Ibu dan Anak Berhasil Melarikan Diri dari Pusat Wabah Virus Corona,health,0.5485140791156194,0.1687656684600255,0.3394181158864127,0.34932266128485645,-0.16529831239195092,0.4295229066225588,0.1615530097829179,-0.10108886139712465,-0.452591578405024,0.023964347730651443,-0.1552859374362784,0.04515043139295232,0.11813355930232995,0.47197720828214507,-0.24812558307211643,-0.08367789230930495,0.09513907445456347,-0.18603836299478158,0.15366244109663452,0.08255951753680232,0.21156498871152893,-0.2194117593053898,0.15654187901401817,0.30820842808115134,0.028854583628213002,-0.28276565399899944,-0.04850812722911874,-0.46226854182295274,-0.43282935405167833,0.2224038003101805,0.10708697615898811,0.4153265908039303,-0.18009216963016886,-0.10228699134017587,-0.06400022454103334,-0.43702243889953185,-0.17460625470567046,0.026902023030133216,-0.12618751973875372,0.011770968741415144,-0.20293788140354485,0.25063178150386656,0.16468089816477482,-0.25284204476049665,0.15995916422434434,0.3177200883495623,-0.08812843214341776,-0.11434159147492456,0.06077173697822737,-0.45060600204154727,-0.12140619821748538,-0.07266358475854645,0.21993235366023212,-0.00825351049646463,-0.07815120520833825,0.37300983193235343,-0.01064981956379285,0.08819207576433213,-0.1038616543334646,-0.14515878352324293,0.012737002151691879,0.15210708196347747,-0.1558017772975816,-0.14632100155473637,0.1830852067317569,-0.14432466507876646,0.10013723884852904,-0.003758107322110375,-0.5667624118467308,0.20289437347973086,-0.33172230451659257,-0.1297651813254965,0.09274177386291346,0.05278226975665804,-0.4652702565450127,-0.4263320402336104,-0.12587937973485516,0.3893789689449286,0.16742157235093788,0.28291827691500626,0.16664795025250176,-0.04045100674067029,0.1209135661704605,-0.4248931044689608,-0.24445974754527836,-0.09005984378301417,0.040734610406886376,0.0026152590182248656,-0.11230072726857626,-0.05006811778839304,-0.20058497233222145,-0.009327734246182965,-0.15177960888905087,-0.1414742218434989,-0.12594594442341892,0.12393051574663404,-0.0778522241891601,-0.22523994842759146,-0.28919898069044414,0.28551349899140643
Pria Ini Bikin Sendiri Hazmat 'Anti Corona' dari Kantong Plastik Sampah,health,0.2852826757038876,0.021634998287269645,0.3013135197301949,0.25536794519842004,-0.11813807131932116,0.33452666009943655,0.18077934997945688,-0.02301064243825511,-0.42789002434258205,0.025209747340018587,-0.08215202394281179,0.1673509238544439,0.13936083683760203,0.3619867645771013,-0.13670652722745258,-0.2148650007276471,0.056469601658472895,-0.2913008434074544,0.11178564375461386,0.035128392217052135,0.33682614155978247,-0.15065579980574692,0.09140823393812,0.2562066324033267,0.06856411628465972,-0.06976840648576149,-0.10309700270516751,-0.4211410182083265,-0.3544416227549946,0.10635112615566764,0.12817012000516817,0.2992881234742051,-0.08035423505299308,-0.09156435153130044,-0.10538564107436892,-0.4136379496932352,-0.2357336179584778,-0.0895143253248538,-0.0403051012873865,0.05875424157337014,-0.0865131630901499,0.17182968431955598,0.12805288903762452,-0.17536431940464134,0.14897472961585792,0.32448244052268976,-0.11644902211685348,-0.042609300952647415,0.05903341519987483,-0.32967135373151807,-0.051062773372914344,-0.12012047892521655,0.15472546600625275,-0.011034999398668659,-0.09002175367236873,0.2685809866437687,0.10133494967880609,0.18363424142018328,-0.17872340192567837,-0.18066957961476066,0.10757722169162469,0.08192377431714831,-0.2040510910264209,-0.1889097844499303,0.1226696788984942,-0.04723117612342059,0.09538333041670205,0.1057090617678325,-0.4033336467994302,0.1307624673949895,-0.19609637857380666,-0.07853143701842596,0.04949045677159129,-0.007655833423028524,-0.3995776694180084,-0.2800873900614262,-0.08883173284488909,0.24704532129863244,0.09314097843306886,0.17205219286712803,0.1163058797041148,-0.006315827321999385,0.17608810369722636,-0.3435681384092449,-0.17276887004368863,-0.039816340843107555,0.08186316777700162,-0.0846027201501775,-0.06149231389765687,-0.06243936891459598,-0.17495319691438171,0.09569524112390082,-0.19044054022428564,-0.17926956068374672,-0.1510747209649957,0.07086408094637466,-0.07236252136012843,-0.277214784315982,-0.2592048748905458,0.23999865034394224
Berapa Lama Virus Corona Bertahan di Dalam Tubuh?,health,0.4725195017588868,0.12963503355601988,0.365737970705676,0.40148914745661424,-0.09792865277564848,0.5336378434542081,0.1097587877171071,-0.010503524442667986,-0.49681282101221513,0.19014608799680896,-0.22163995541891957,0.17431460214842734,0.018108419164675937,0.4770230902183445,-0.29995728486981127,-0.16262227242252816,0.3058536997209129,-0.3319779261857293,0.25586402711169853,0.01965073860800523,0.5765122080955313,-0.16235069961238077,0.025471663259550085,0.3619785707549023,0.0969948779567761,-0.17763990840239952,-0.12166777105750975,-0.5928334682533728,-0.5895368458628419,0.1483616973758808,0.09107153627840425,0.5959233093296284,-0.15899261280717555,-0.18884099489748266,-0.11330322170575287,-0.6923909065143579,-0.24410937219612547,-0.04291863345648735,-0.112633151529774,-0.025758638376329218,-0.2815031783197137,0.4374013278921882,0.1967335123847508,-0.160550178963649,0.3967931901943688,0.33129462547865096,-0.2767759174945274,-0.1276131336656809,0.16858816473421182,-0.7062611338937123,-0.06697054645437227,-0.14585119261488014,0.2573898726445774,0.06543860985989146,-0.1299046821679727,0.4139159762609718,0.1496599074723881,0.29579190268730987,-0.3173698791710543,-0.1668098071236518,-0.0027968351712340613,0.12449614801221899,-0.07476066788162833,-0.1525976301009808,0.1020741534042024,-0.08088810544289814,0.12607363792031148,0.17273119548373575,-0.6768844544794184,0.24358410251507703,-0.47123401547644156,-0.2689214891905085,0.2514596530619739,-0.044324697712102866,-0.6503582132323822,-0.5666444990446338,-0.3549215177379648,0.38177361687431194,0.2066922044726659,0.328833988867106,0.26443812980063014,0.10216425627101015,0.2926878122227354,-0.42222654850503544,-0.22274873689206034,-0.15600256473587681,0.021915738827780768,0.01905145257968503,-0.037374061504608716,-0.07933133476773845,-0.18634215607303908,0.008037018412391439,-0.24439916332411346,-0.15952397166221832,-0.3838645524608264,0.039051441968924586,-0.008930980397197882,-0.28830628355332827,-0.523347933378132,0.402130539132147
Plus-Minus dan Hal Penting Lain Soal Masker Kain yang Kini Wajib Dipakai,health,-0.06965699438378306,0.035992650873226645,0.08969137080144789,0.11134347639543403,-0.1453176632312707,0.15669870968017366,0.3440808388521168,0.09716395613918932,-0.304953656093523,0.012557313122281602,0.31123816123900094,0.38805694334537855,0.5374343030116119,0.295947650250262,0.16306623915676982,0.04590743501335313,-0.3064405539323132,-0.38357039897863937,-0.14005551744787612,0.26175533117115324,-0.0940093844484422,0.10744978487466099,0.29049884363047,0.2342750764518105,-0.10811009138524819,-0.2831014965918657,-0.10810801418412735,-0.11936451237043949,0.06733025213317068,0.3180091120744793,-0.08495724277232743,0.32593429024484044,0.1369525462815469,-0.031340673474438564,0.07804883643653412,0.02641534485151008,-0.16954550667806653,-0.13533802979637055,0.15031040246819616,-0.0013589484361154988,-0.1881725694858414,-0.2017439179183129,-0.00303692570840719,-0.26397999569188485,-0.1530118261750083,0.36966966254909345,0.20138274002159462,0.22703928943606055,0.24383004741600786,-0.015388026948769848,-0.2060708922493548,-0.0638165735164675,-0.09627111936706957,-0.18286299052296542,0.5502522111817827,0.11073990877999841,0.1709012042321308,0.14904714848128595,-0.3338948370936964,-0.47903135917208317,0.13929654275940825,0.14668448444277044,-0.3478045032521268,-0.39474269338697787,0.1354911953750624,0.3189965243155916,0.31924383496047765,-0.2503702473978858,-0.2079404663983216,0.04212686711744065,0.12734278563016957,-0.16399978493783524,-0.11313017592340964,0.13379591539214697,-0.19045703069768277,-0.14609923511826273,-0.04879389560141389,0.1959812661735248,0.1190548912170421,0.19020646521982557,0.034297942035786434,-0.034097946326160096,0.3196990019103999,-0.2711769778865563,-0.1367652160714114,-0.11266267196279582,0.1523489169006402,-0.34809828911635693,-0.11806338308012185,-0.15869551563258702,0.005312311729091319,0.28668440402800344,0.16762803699436632,-0.3207053623861162,0.15732144749450863,0.10609586560463986,-0.3135394361453431,-0.22695550615800186,0.012292250375507446,-0.002654705742260973
"Viral Tegal Pesta Kembang Api, Berakhirnya PSBB Bukan Berarti Aman Corona",health,0.1853679808733337,0.027286999610730115,0.278656220135264,0.20002695040972143,-0.18997615016846756,0.2566743644498413,0.20302255485164486,-0.002559835107431564,-0.3007304556494335,0.08377270052834852,-0.02727189804795974,0.20275882587436422,0.012572087715740336,0.3148287588205952,-0.1128212888013457,-0.17697458643418087,0.10163740592584308,-0.28039425409563795,0.15954535607489834,-0.014679581280894858,0.35839918999697673,-0.13857852056834555,0.09621864675356825,0.2853111837263876,0.05121165934203733,-0.07404809172226923,-0.0590894037705938,-0.3152087600624741,-0.2771425686419191,0.053124009757780595,0.11031567252215342,0.3012405837409522,-0.027577522952047094,-0.047124028857483596,-0.044041059956788906,-0.2894781448020081,-0.24433057076230688,-0.0595101527525649,-0.0828394692956571,-0.0020396628062689785,-0.09801734482387091,0.18313711243363598,0.15327316556802711,-0.06836116909018651,0.1529832828200849,0.3024079057234386,-0.10784884783766913,-0.029961617187505188,0.1535327724688154,-0.33305286324287253,-0.09871482812837863,-0.1374489348876765,0.22004713248118588,-0.001217060351982309,0.012128955685957373,0.20063182800245122,0.18604146645691388,0.1524023815977806,-0.14361464354386702,-0.17593085638732492,0.14982933163788353,0.07966077436453914,-0.10699514854413236,-0.10134910777936733,0.11616992881722886,-0.001288692372596444,0.03988434055994055,0.08084756058566764,-0.4378184096317353,0.07392799353764108,-0.23151222126055693,-0.03350895063591644,0.131376237215904,-0.02489360293435827,-0.3731320306171125,-0.32515999588838035,-0.12867195835439685,0.16612220653866097,0.10424569036797063,0.13316227889619558,0.0843497583432932,0.0003741768360349421,0.21266729867545955,-0.27060701963669026,-0.17378477342172013,-0.1186278831154921,0.06863136008191932,0.04584469347626539,-0.14180202521408286,-0.04429952313803153,-0.11569368255425197,0.11403117724954032,-0.11614413437862475,-0.200191495574496,-0.11251309543306562,0.16154052488566994,-0.133166947431655,-0.22919914721075435,-0.2251760278371087,0.24029628577847378
Catat! Ini Bahan-bahan untuk Membuat Hand Sanitizer Menurut WHO,health,0.08853545179314522,0.07611792042915953,0.13772305811000973,0.08390476809116798,-0.21506899059080878,0.016292768182942233,0.27305852408006226,0.19909002346514337,-0.22075957211191327,-0.015291468724990783,0.16627887946664138,0.29635716221051617,0.27258958092632185,0.1696565263106621,0.0535403770736243,-0.0952367362219158,-0.06786956140659861,-0.25238531209031934,0.06939443913319002,0.06542708942730678,-0.056256425516979056,0.017472370235107487,0.2927178524781711,0.22005336927019656,0.05831295265104123,-0.26053342844208405,-0.12026377786068096,-0.17588488318746315,0.19248482998567368,0.10344389921247484,-0.017220771353235038,0.32102745688857504,0.06398996243590141,-0.10736026763649563,-0.016515129565589638,-0.04075709569344947,-0.1724560109999587,6.043803452913744e-05,-0.030284890858848463,0.02269548006826988,-0.07591668518266743,-0.12717487115635898,0.042762926487918,-0.077018622647096,-0.13810373594064942,0.3440438763966716,0.02279103718133749,0.08408880063042037,0.19527257913562443,0.015449146460821577,-0.2529367863512439,-0.134705399366172,0.03794673451949309,-0.051047457735277114,0.31299096402773685,0.12921060811755397,-0.03015800056474586,0.05347291143353493,-0.32137298985431245,-0.33414253168670516,0.0539568946904345,0.14223534003170293,-0.16082403801018752,-0.042926756248515094,0.14968554052133018,0.10522706242430875,0.0822508038311969,-0.2355886671230221,-0.15400662161460718,-0.03407641084134414,0.11790040175477128,-0.10674689479921627,0.11862072296757653,-0.07406896831400116,-0.09410914737218046,-0.10853280942896233,-0.136268451421329,0.02580367081422253,0.031585342306398215,0.18810596865599444,-0.03211569616769404,-0.07199566575631988,0.09574090558594997,-0.26309295623191736,-0.2283086992945405,-0.2792114602290032,0.16344546007743518,-0.18458176654339006,-0.15156382533066676,-0.15063172818998555,-0.013938878098502569,0.2142868230895219,0.11811180766894534,-0.11164464231042916,0.07954066532220076,0.17496828750867993,-0.3617027005941824,-0.2593770863668672,-0.044662983134907096,0.1476513898405205
Duka Cita untuk Para Dokter yang Meninggal Saat Pandemi Virus Corona,health,0.6590790468551834,0.1440678971045377,0.45755818180431174,0.40407982977111506,-0.13641238942693049,0.583395794176748,0.15313060360500086,0.01797301804325987,-0.6142059302513293,-0.03675851737898088,-0.21703647074809135,0.07090584172497037,-0.08646030669425163,0.4567425433210229,-0.34828390531016407,-0.2852081345391124,0.21678381562352206,-0.15528494055438283,0.2870445895965156,0.17790286291263419,0.5396766064159176,-0.254556050580623,0.04904261142148657,0.411425369351434,0.1617214971179047,-0.17452655507222342,0.000757071359891789,-0.5245566450576421,-0.5704533112856045,0.11344581229587138,0.16470501997856005,0.5234257841198906,-0.03418734872526292,-0.016967716387721456,-0.21177513353000155,-0.6444488857696226,-0.15532800357516638,-0.02722812887617445,-0.2513627810048172,0.11495622316613378,-0.2659343201849333,0.48456035388979307,0.27793799290156623,-0.19090236733900875,0.33696441620384027,0.2920030801833657,-0.29272232338400966,-0.14685808393521946,0.02066667236273966,-0.7427499499096243,-0.02783181463719387,-0.17060806615729343,0.36886883286154065,0.08473117015000188,-0.12572820157993198,0.3799078696298139,0.15721006076009628,0.14809945095145063,-0.27953134958319753,-0.08143622655536786,0.05145481882183405,0.10342347182256392,-0.1357076179898669,-0.17301867311149524,0.1506120670599593,-0.09834323013396393,0.1636960089707098,0.1335356218929124,-0.6802597635772154,0.25349642760686236,-0.4671457680705962,-0.16490286466864276,0.1610305574074576,0.03895438061151343,-0.6043868686863973,-0.6610487165808123,-0.07878381270966472,0.460737987065062,0.19971218292617063,0.34358030817139207,0.25853328236204615,0.1436271690424332,0.2829404804486767,-0.5189241054218058,-0.24491389966909208,-0.05770570986511624,0.018265392176731544,0.041530781121143674,-0.25240929629597203,-0.02014244669487533,-0.2421703140702678,-0.060659203442733525,-0.2390742103891625,-0.17034130600262978,-0.3246744322212644,0.12082869805855037,0.0303631045093273,-0.22667242480899574,-0.34444150777872645,0.3581730399044029
"Minder Punya Mr P Kecil? Faktanya, Pasangan Malah Lebih Terpuaskan",health,0.013056071623998536,0.07927870271510253,0.032020617926457474,0.13138486942513983,-0.26492635870296427,-0.024558181877614604,0.2619751840914064,0.059273273861581384,-0.10469109536103155,0.057943925057516305,0.18780947240518028,0.35435238187657964,0.2083706441170767,0.23205596870488876,0.060816364017623074,-0.17474806148447858,-0.040182062183230935,-0.17111338878251903,0.0017931765070846024,0.08477441470298377,-0.17341541322154347,-0.04702042074657255,0.25292445153320164,0.30044426672038704,0.08703099075731235,-0.3133224315095808,0.030716142957888222,-0.17716984809397449,0.05663045727498274,0.197621430826014,-0.013366269980409233,0.13968999678241062,-0.06827546095411169,0.004945389314408771,0.04771921488796418,0.08085656820914795,-0.21718589998163093,0.032205823673150474,-0.12830889137446644,0.14874420527708215,-0.03682154195578505,-0.04878528248739981,0.100651872917955,-0.03566254023664367,-0.14100005012392414,0.2777840969670779,0.038134802436687834,-0.0033404608423865975,0.20754288135387966,-0.009986937677040444,-0.24192324113124197,-0.17695111953194825,0.0654470410719657,-0.008503493733140167,0.19855602164259964,0.007630252503431729,0.004532318286559375,0.025419204116634356,-0.2930345560964563,-0.20952288617240666,0.0680484797322713,0.19297261519897874,-0.10442451641972451,0.00542176733973972,0.1171047230443923,0.035762764592315144,0.03297909930277531,-0.22943880507603095,-0.26073419266866404,-0.10444595900948654,0.10924846666629236,-0.1220931029886802,0.10166091713337305,-0.14303372622636343,-0.0836755721093331,-0.22027108859959818,-0.017603203640383792,0.013990355199981937,0.03297761488290331,0.20215308299385037,-0.042006937105641434,-0.05356989345991989,0.1361853720315447,-0.2173762503768656,-0.17182892754359497,-0.2102014582188901,0.10195612336728972,-0.03569678720256885,-0.10923700603498779,-0.15783726759802588,0.03272854306604541,0.20619465705232112,0.11485530428583826,-0.16086785334945375,0.08166832595675037,0.2770287337033464,-0.37713185922218057,-0.16434398766516367,0.033342002542500415,0.07600267719685333
4 Mitos Keperawanan yang Katanya Akan Dilelang Sarah Salsabila,health,0.13183163142715085,0.04076567067517065,0.0945953160951471,0.12136538776653098,-0.15399215878878053,0.11123148905126092,0.1968692151597415,0.06861930386538494,-0.1586073514361855,0.05786263125903124,0.11500770408929517,0.2353756617332683,0.24580145676228693,0.20184132644379837,0.03983640646517397,-0.09695706659081837,-0.004444227299888839,-0.2094006861337335,0.015149241292527255,0.15232126252927097,-0.014596236262987295,-0.034448038612756214,0.1141538318314028,0.22310210744754544,0.06259884214001778,-0.18197970364742186,-0.06454508920987904,-0.18092248947201658,-0.06553532460394128,0.16226660612098037,0.0015687434194201148,0.12873640694776228,-0.015859002806083426,-0.03359018873798693,-0.057764592522968256,-0.02425409705511979,-0.1783703897426883,-0.05078862975982576,-0.04455867366296338,0.037636156845793,-0.062385868794185693,-0.022828600725948018,0.10546152869638785,-0.1391447268095298,-0.048308861692852235,0.2480767047921856,0.014603235081022596,-0.025086595689480212,0.07992054128787375,-0.07210736903770575,-0.1792437547861467,-0.06887616327751206,0.05687004507599746,-0.0021537153780101345,0.12916662089284164,0.0976767762485229,0.016703736747000382,0.09912560896870737,-0.18122220069430336,-0.2042624154334216,0.09590495603132426,0.10596388462114666,-0.08696069282996499,-0.1191610527581054,0.09346186276695907,0.0994282939317561,0.08945781493940602,-0.14332245720433248,-0.2744569471443555,0.002101317635622607,0.04982513778166168,-0.09047508785982611,-0.009071640630077154,-0.056466179003825244,-0.1535996153563618,-0.2664020142913616,-0.03816981746833573,0.10965804696571015,0.10510803098052006,0.0877938657884318,0.04687022238474891,-0.1046794304655042,0.08807729488562681,-0.22095943118641126,-0.06379595169974883,-0.13767040124272245,0.06808156438996359,-0.05974229248757661,-0.04961453429438584,-0.0693435582623871,-0.0452956087651482,0.10874192335624477,-0.02419733518221059,-0.20203061536498967,-0.017098648662140406,0.22245381473419765,-0.17667581815078923,-0.11160978312032656,-0.019179376950815254,0.101038437259839
"Positif Corona Gegara Buka Peti, Begini Pemulasaran Jenazah Sesuai Fatwa MUI",health,0.17510887205528497,-0.024563166870029476,0.2518781363727474,0.18893198160663277,-0.23346486074525163,0.27014214872632075,0.27332518081192236,0.05167893139778023,-0.25731072249958203,0.05181003481442415,0.00329382122584197,0.3141657273627243,0.1588420471700327,0.3085398242628577,-0.154064109695938,-0.13910505737101445,-0.005773250562833843,-0.32873199804678555,0.13100750515532553,0.04656927583547426,0.09167727399957343,-0.09729213344796789,0.14506721887466575,0.17899320267152338,0.05745943650431334,-0.21174109015015438,-0.11358091705429835,-0.26103946945129564,-0.13193611250606518,0.10987356575983247,0.06893009287228963,0.2815398437112377,-0.014112617221768554,-0.06961655639622326,-0.044139491977891146,-0.15451825861039092,-0.1950788018514788,-0.03702864988185987,-0.06749929119107986,0.04258856702869783,-0.055118830139899815,0.0714326570580177,0.13542909381874205,-0.09931553434054914,0.06999326265883818,0.3067884898363864,0.01864853455668461,0.057155801037531824,0.11696432964861952,-0.23582500712921386,-0.1282124806468964,-0.14584961979214733,0.14861139548550406,-0.025655535630720552,0.07839122069230217,0.15951408612757512,0.07241457224598953,0.08302402902820533,-0.2594884418811867,-0.2497668781000324,0.16346653451339213,0.07934259047164527,-0.23211569160866666,-0.121452247241082,0.12736657932911186,0.04498314851167852,0.07823857206225339,-0.047686397841767786,-0.37138214985163837,0.042773424501034794,-0.18041631333175698,-0.10310681543540641,0.026476040244581913,-0.01909610130233923,-0.29162048518248435,-0.20085302360028665,-0.09270620843038596,0.15063250622187457,0.0389143701683738,0.20805542813136507,0.020794328910959822,-0.029007833289980214,0.21280533198120902,-0.264055613444181,-0.15087812709426682,-0.14699702322051086,0.10777749438351301,-0.059029683842975404,-0.14519035978927392,-0.019954738001663995,-0.12106223619457278,0.21147711936351007,-0.028328289170882547,-0.22728765598641107,-0.0784009005933418,0.08405355867746851,-0.23552129130729957,-0.30218402438006997,-0.15187182262367419,0.22261426753892122
Peneliti FTUI Kembangkan Propolis Sebagai Penangkal Corona,health,0.23482201550138085,-0.005444775948987309,0.4302535568637483,0.18718622260654008,-0.20810128828263155,0.3162669451983226,0.1981493798809022,0.0352944335448482,-0.3503644288926056,0.061275458539346496,-0.11800945706556065,0.19565796715872644,0.060691963638446776,0.2957116922618293,-0.11834139282502855,-0.1812858676844261,0.1224128488534549,-0.33132530547868955,0.237962150107766,-0.0405757707880842,0.5499070639975164,-0.1825164318460899,0.10446574098299359,0.28981077554325,0.1058576939729035,-0.013421414500554923,-0.1150346562405613,-0.37523496185911065,-0.3017318918969478,0.04804951341142758,0.16584014223424084,0.34344349253072753,-0.051361760329196676,-0.10378138608516689,-0.09103395845416255,-0.48282491399637567,-0.32345489048272835,-0.09147744961949565,-0.07810923270832722,0.017677810274975673,-0.10917050520951233,0.30723208040912536,0.1391697217828279,-0.10276869042030579,0.26787461152746944,0.35728685735693544,-0.18993249103938523,-0.09921108220182014,0.14481166423056924,-0.34426861072966247,-0.1097579654070116,-0.15299002774843354,0.27485823347872634,0.03770012815239918,-0.02016399588973909,0.29380023935658345,0.201721070644727,0.2598135434833843,-0.2167973084459441,-0.275460773866595,0.12577379285330223,0.007338252243831676,-0.10781124768180099,-0.0845672572687887,0.15669634790556483,-0.03169836483345464,0.06551436794799305,0.0398166151207762,-0.497145360401428,0.13292338357126607,-0.3412072350826015,-0.035926217937438394,0.11028983570942168,-0.034727294717593636,-0.44948948583900433,-0.30625382265421724,-0.19356897804801765,0.20159410673516995,0.09357062153723213,0.12858502609468958,0.09378974751141766,0.00825069141251362,0.24180306733047155,-0.29335015199302233,-0.23317521089214266,-0.14968622331485978,0.08663051500075207,0.06959147197005026,-0.15046327427854425,-0.007390134979515545,-0.1492448557178405,0.09661420545178438,-0.1790621363487528,-0.2070291895158852,-0.16988450401760435,0.1281532329349331,-0.07803794253313026,-0.322147145969653,-0.3185258811303385,0.34593940425130015
"Disebut Bisa Cegah Penyebaran Virus Corona, Apa Itu Social Distancing?",health,0.4874261040759217,0.028124903048679012,0.44284881765141654,0.3825001769876035,-0.09068166583624293,0.6361575106506597,0.2614837232069669,-0.10707902020579417,-0.5406971414250427,0.1838998125385256,-0.16607057257794716,0.18005110106532904,0.06869348729502175,0.45712490521719984,-0.3453637554887879,-0.13224101674329114,0.18106580345187193,-0.2953871135904302,0.31090053792897576,-0.0009451752756347292,0.5424406977203676,-0.17858232327654436,0.008598307002014733,0.24706963934019915,0.09158300183202485,-0.18851475266137496,-0.16351033414904567,-0.6248984199454848,-0.6317400731659957,0.15614731874025156,0.12450276490966697,0.6397145585050725,-0.06902971810647812,-0.1544282199219336,-0.17894739059284803,-0.752161135989533,-0.2584590977030214,-0.11909976297139575,-0.015821255112597125,-0.006441934646846082,-0.1674299435352924,0.30624953584139614,0.20401611868414016,-0.18620475839082565,0.33503688869525045,0.3133130694583634,-0.2254104878882655,-0.057904711751893594,0.113487584982298,-0.6497732322462187,-0.005882495069955668,-0.10404797360884403,0.20761453290044166,0.042728746063848445,-0.09748166529801058,0.41426801280375014,0.1394617956142841,0.26483052672979734,-0.24350226249356208,-0.22450154670773392,-0.0017504066454095222,0.146599690656153,-0.18967519254541396,-0.18412541939262195,0.07013738284714549,0.0007031375897467128,0.18478014162601872,0.1886057782102525,-0.6323994318627886,0.3110775902132209,-0.4915245778606554,-0.2031837865527166,0.11203086113161925,0.04031739848910426,-0.5877876788856957,-0.535604894044113,-0.2065645550964188,0.4506292555895323,0.21129720773678487,0.2842671129811263,0.30010557116788195,0.11347992894191664,0.3278997475887897,-0.39420917066358163,-0.21858210735024375,-0.14845249072466063,0.06633160501500006,-0.09248550401370983,-0.06332483523397726,-0.013943529059837924,-0.24035143301491174,0.10035571088265445,-0.28334957944707323,-0.20961333395348009,-0.3513109194240489,-0.043901303354157636,-0.04005502600632609,-0.33318532430802683,-0.5222681373406661,0.3377901379420521
"Sambut New Normal, Kesehatan Fisik & Mental Sama-sama Penting",health,0.11733926016485424,-0.16875170483920343,0.28426139774367776,0.18969642050285024,-0.2775502798666159,0.05158617230582988,0.24294754319246406,0.08990815337722906,-0.15803687722773113,-0.10343079324619872,0.10157273891907753,0.3717161072556041,0.23235164949694675,0.21564779949450535,-0.11367289846125479,-0.1914244803017321,-0.08666699700488094,-0.2132620432002588,0.052200161524648285,0.20590947404605187,-0.16845978148144605,0.01270978975602761,0.15407473347405487,0.27736173355536153,0.21483672234692733,-0.4432553556010871,-0.05610594532211642,-0.12030695765469347,0.0792599406804104,-0.024657055743753094,-0.058388380751149827,0.4474310340045355,0.0896295629346094,0.14686124017331756,0.0428080464258475,-0.11437378995941067,-0.020384944218641492,0.009334340987005417,-0.10081932278842999,0.09758559757384576,-0.04862564454719527,-0.13449674752064916,0.20644986826309855,-0.04215162117932568,-0.27900923595579424,0.3275904111159146,0.04384812815561655,0.003565867566485372,0.1995503502801135,-0.14611342732873092,-0.16395883700530386,-0.141970165710947,0.13483730157206142,0.10837983387035985,0.1470750482035751,0.08987298667023183,-0.15260421566783833,-0.10274992401508445,-0.32317151265143146,-0.41203680217699223,-0.05837382976880016,0.26717794373462106,-0.2628987299321623,-0.058116854854284083,0.04611985286691369,0.006990086055012594,0.10189544995736591,-0.40761905405008897,-0.38985186789437004,-0.15072233323243095,-0.04254762682040432,-0.14673397740130809,-0.11396646935512139,-0.14190681569848274,-0.0798791572667058,-0.3040148902562152,-0.09523019673103347,0.2750087723176139,0.10348662758910998,0.31886600369189416,0.12958376137815225,-0.14518406915006313,0.23552243567448855,-0.33947788809942314,-0.22082662800082709,-0.3034178928681902,0.12589528495997448,0.0071640976405264,-0.1682825283298705,-0.002067731042077277,-0.10280123287612312,0.21528834333111474,-0.08126780663849413,-0.43494678199585945,0.07970298613576147,0.3077846993245654,-0.5704060172956642,-0.4381391610020258,-0.05936012447201987,0.16431278577648173
"Cuma Sekali Pakai, Begini Nasib Baju Hazmat Setelah Tak Digunakan",health,-0.022000621639793518,0.00019199571593931793,0.05006406626044657,0.23469944380701013,-0.20119389936371848,0.21468897266227002,0.2949900470921911,0.1283057569991097,-0.2753699772110794,0.06519392569795396,0.1744253106887551,0.32304611132010286,0.4252326816368375,0.35500941674686637,0.010409308509623268,-0.1430066104654196,-0.17056910179844137,-0.3603030893027698,-0.05422465206780677,0.19684720940138933,-0.06935393109862487,-0.03480164924646367,0.17902485154236505,0.16696945264493024,-0.016775959335910386,-0.28114832375338816,-0.14652681654175664,-0.26377886114658095,-0.013712136847438376,0.2849418921860189,-0.07876145826757348,0.2166775951635792,-0.10187748789793179,-0.045128385521862754,0.010289007345407981,-0.02551621134498578,-0.22422777679118244,-0.11201240503679706,0.04487233179814394,-0.006024007492949017,-0.13243776661235918,-0.0790539193422007,0.12462092190170658,-0.2156118467375704,-0.06258886559167194,0.3183459544021098,0.10911374908980204,0.12492933345353902,0.149484172249938,-0.029745825038901122,-0.23531424543309884,-0.05760684870707301,-0.08963214404221032,-0.18761652399661422,0.2396298029330598,0.09708586210833617,0.013562794858482106,0.19152763788925373,-0.3161618697476221,-0.26546325651709296,0.15742259022577304,0.08290634881298319,-0.4072246996547847,-0.400000828909006,0.20762457604024437,0.08511551685721899,0.26099518412994926,-0.060049093186491355,-0.2592755510829755,0.03285211792055361,0.021105259075922797,-0.11808615138362767,-0.07540723320265262,0.09501811168972892,-0.3438059005168401,-0.0749263744268451,-0.0343936688843531,0.12168719463838729,0.16028480023105166,0.24883853341208895,-0.028183289383380532,0.00468572810219924,0.19588399837550727,-0.2811109373381821,-0.028091219684035235,-0.02629014621611426,0.16616857421830428,-0.2938822530409175,-0.0039013185632319402,-0.08752205371307431,-0.03860403199751391,0.2120369126189673,0.0009124705918561985,-0.2976940048492511,0.0006016402460230866,0.06206947711135723,-0.33747032315900444,-0.2650496059024111,-0.0685435377881658,0.06810554301130838
5 Cara Taklukkan Pasangan Saat Bercinta,health,-0.03578585336571443,0.07104253437050623,0.10706973327005857,0.20177238883163456,-0.12465543761687818,0.026923269148192153,0.24549344604694207,0.0021930035285336437,-0.14372695950690365,0.14044175129390987,0.21252508503626133,0.35137169187297834,0.23302253788879368,0.2131704208056062,0.04748607818506983,-0.17024577038717142,0.0061755174878292745,-0.1919030445489767,0.04684187228219988,0.012408838051229377,-0.05006503619157972,-0.02150106531359915,0.10847430673802913,0.26035234463461737,0.03212758428683099,-0.26787005639323486,0.019265290165975696,-0.2914046228407947,-0.1271035113144761,0.1363782313921811,0.0002950019397348746,0.1672192440481488,-0.05861631276871089,0.012507335163318173,0.03924565938773478,-0.07219914693336116,-0.24254881170280848,-0.03322322509567006,-0.06246344931332447,0.13268887938822926,-0.07255089902940962,-0.07732803596608062,0.06651082357779907,-0.009216620744497542,-0.05586745158235204,0.22102563893490498,-0.009765278577322834,0.019265093872150085,0.22738931082941738,-0.10606473140395471,-0.1313767345712261,-0.1741563766759916,0.06949613703845454,0.010644043580761764,0.14842575600781863,0.012278268904838092,0.07845144715090605,0.11099983570431496,-0.24287925972729665,-0.19244248892736193,0.05963340276062482,0.19543925255991224,-0.08716549290247803,-0.04575033969147619,0.016760785821444364,0.06638310989581352,0.10183166367473169,-0.05090186606442501,-0.2553074031735481,0.03489007396549753,0.14422397487665178,-0.10700704080747395,0.09098844115137128,-0.11608930768759798,-0.0918144391665573,-0.30671303090294927,-0.09086988229980736,0.06006173329383693,0.12618958685273923,0.1321109527895096,0.0391707159784229,0.030691873397586826,0.18292478595515566,-0.15377368082543044,-0.18974134072358168,-0.18600971430442215,0.1031102519024043,0.003981430607457297,-0.03777278990025054,-0.1251673358186405,0.07706830984581002,0.22896831042406027,0.06671492009447552,-0.1960371740849871,-0.04081615979534382,0.14977552793710958,-0.3476690339761106,-0.2288293442870553,-0.07539211641626811,0.0571466365061955
"Mal Bakal Buka Lagi, Ini Protokol 'New Normal' untuk Cegah Corona",health,0.2664290532891639,-0.12210771764603753,0.4240438333881199,0.369857769564448,-0.23078211737764226,0.4381031080699346,0.22787047856415346,-0.045296512788388525,-0.27540424423383353,0.027122102809599993,-0.2228321881005244,0.30502933884161826,0.004834807061262924,0.29932350761303805,-0.4066810914141029,-0.18704680495176046,0.04882874114453328,-0.26552106405235015,0.20817460048485345,0.07794770083826899,0.22876943564274516,-0.17165160860410753,-0.010223219227664504,0.11382189422556074,0.1177619024112758,-0.2708629299482836,-0.23564998683234695,-0.37675092503384894,-0.21989444225643712,-0.04614228233599669,0.10986629877180931,0.3940923627320415,-0.011529086241491696,0.08093918363471606,-0.010212323205122525,-0.39746545446765635,-0.08199427928307272,0.05674557762741578,-0.15822265674394198,-0.019983373043795945,-0.04623334112575657,0.27129266416862385,0.28170972898051405,0.04016075060542917,0.1279958875304771,0.3303636617515888,-0.06204270899225206,0.02235217388501458,0.026619478481200956,-0.43047486435043714,0.060378803416050064,-0.13853030375354783,0.2499148380373169,0.0793700433468447,-0.11445521439679313,0.2569364575020407,-0.02372903429102606,-0.0232224672855892,-0.2755289350214738,-0.20096831385141325,0.08202371157395927,0.14227489587223374,-0.39037352555954746,-0.21643329982005313,0.14352465617170662,-0.17864720158180442,0.14845820542835986,-0.04138388034438678,-0.5189480166611733,0.06343748544051342,-0.4657855224360926,-0.20485511485036412,-0.06550082252609826,0.008384375582385473,-0.3552685244559199,-0.3777703456210808,-0.12592111409832657,0.34032128158267927,0.1386796446247904,0.39434541990134775,0.12620298236044286,0.02434871371364663,0.34668938491709744,-0.24474122292756292,-0.0683546411647623,-0.07199782170054803,0.12187246590109824,-0.012724051243106146,-0.1613482988002386,0.12010047779592667,-0.16802512321531593,0.1029666003581847,-0.21260056175120817,-0.39942041349001356,-0.20964710756052352,0.1104824632938144,-0.3010170364123694,-0.4116694675338825,-0.2427454100327043,0.29451481705195315
4 Alasan Mengapa Seseorang Bisa Terobsesi Pada Seks,health,0.16267317547640103,-0.11486202114964364,0.20311657568803762,0.09333423702957672,-0.10642888018160179,0.10695424499424604,0.3192834008998475,-0.12840242438593502,-0.22020001632949987,0.20075039050095161,0.21736582242899183,0.4036641694527005,0.3209110412035833,0.3526359114503559,-0.047499641556410684,-0.03851903091814481,0.03190311068180563,-0.25404374600833635,0.13385769545953574,0.06405547598601728,0.05370190878760122,-0.014436759912067823,0.04148795281582786,0.18278937214073676,-0.08596293113788707,-0.1485543736612588,-0.1434979609159162,-0.37557059184125124,-0.1897780236335349,0.02985504131031877,0.10426100962651141,0.29340600140191897,-0.03164216562242953,-0.17565744237700803,-0.156583105554899,-0.26509790888930684,-0.2994017685388542,-0.14514682696263895,0.11813122691005658,0.09775898846323652,-0.02862481051142384,-0.2514009723996433,-0.026669655148080604,-0.21705086926921857,-0.05650721328158902,0.20233773025855786,-0.014655960008536605,0.052221699649964363,0.17282986696117486,-0.10607379790000378,-0.04090734663965947,-0.08568776205270617,0.11051684401174838,0.07459193543658378,-0.0010130881480877336,0.08932217903163113,0.03614999851561398,0.12402378058950736,-0.06807937275234802,-0.257122170426502,0.038627781098837924,0.20640579179031587,-0.14251408213309652,0.06475953891504545,0.001513668236948526,0.1402437864904555,0.08104319240689954,-0.028593464602175715,-0.2747580877931092,0.06930208624655293,0.14877993019481733,-0.12888461893554945,-0.08210379875243509,-0.09954326713970418,-0.14769625274758338,-0.22066498261042286,-0.06758326842141578,0.2229764319877402,0.10368200027102865,-0.0011130694313064605,0.06438396944268034,-0.11213669564930778,0.13156865910621882,-0.3201307115888854,-0.18438380709936605,-0.23885234743562445,0.11125762305376247,-0.10525749714594032,0.09133049649352207,-0.10889675327862093,-0.10710342675870511,0.24143643521138652,-0.06741873609741507,-0.08768111628579416,-0.08246749518856993,0.12401655425328068,-0.12982987631481424,-0.262704354433589,-0.12762505448128647,0.1447884389567353
"Bertambah Lagi, Dua Dokter Indonesia Meninggal karena Virus Corona",health,0.8639137303519001,0.27118141601580975,0.4557951585505227,0.4392091182092444,-0.2724097324335779,0.6477534054880068,0.10172264840499938,0.06475071327775885,-0.7831440347155304,-0.035733737243457346,-0.24346619110190257,0.051576235005788514,-0.2100589622847773,0.5879140177600952,-0.37439721498421913,-0.21465806887330793,0.210910024356422,-0.2505969660297697,0.3626419865602899,0.21587776178734544,0.6235263190597922,-0.2587397603054021,0.04256868804369222,0.5646428497866129,0.07979763746917616,-0.11341782259544642,-0.10802546599174423,-0.5705870620307284,-0.6081087743764535,0.06677571283618014,0.09059787497961114,0.5968826226332361,0.03396816094334352,-0.042005684180589746,-0.1573828173742128,-0.601375828724679,-0.1518621426307376,0.04123993141554138,-0.41158026513351875,-0.007624104330472957,-0.26726447594277375,0.6650125335179903,0.32582847213885224,-0.20854609588026538,0.3967059569190063,0.35324297468009025,-0.3124255924083617,-0.23695738769275088,-0.006347401026968315,-0.8728517911814969,0.016278015081547016,-0.09415698893290714,0.4002753758334892,0.06004385819785244,-0.19558702402050102,0.5154227823157194,0.20052179476671272,0.06207012353807437,-0.39870723218283816,-0.04255264060330605,0.04358232261457529,0.19216373715630342,-0.22834932147084466,-0.21487483243197622,0.24196278707779384,-0.20595966003763225,0.10884878085993255,0.10008247345447537,-0.8552083497025599,0.18098616464941766,-0.7255582164332597,-0.30411598041241134,0.14777426864413679,0.07473343327329919,-0.7316537067824763,-0.7660488482398473,-0.1204509681112369,0.49337946707884317,0.29029381707660995,0.4701294304496619,0.23815772502589103,0.10068464234131332,0.27671858818940526,-0.5537326173249626,-0.22053374779674692,-0.11878424120859732,-0.04986829101186089,0.0024971409500473087,-0.26326951870657705,-0.14481621947602344,-0.17747726990196813,-0.2139243965336789,-0.1541422522821969,-0.21290498026699134,-0.3645160811300328,0.22913792863878138,0.1659135992872266,-0.13347171684001774,-0.3572176025397604,0.44823549739523605
Bolehkah Kelompok Rentan Terinfeksi Corona Berpuasa Penuh Saat Ramadhan?,health,0.2689573231942775,0.022340307341516222,0.36609251675375704,0.2304969002049526,-0.1399084787288875,0.3351861270053,0.1783293200223397,0.012390585379204797,-0.37937358628576723,0.0030895698026292143,-0.09515125369400057,0.16668627274999756,0.07418501298259605,0.28088710748758033,-0.1292170949892423,-0.1903866607602533,0.0661526750063804,-0.2295099202835708,0.1709558376386304,0.02691584860192156,0.38859454983429736,-0.15726697580376214,0.09725870192606141,0.2131649648443992,0.10314071911490447,-0.060565319349041774,-0.0840661934570875,-0.3528021120553975,-0.3252916624843416,0.08403594077425972,0.15832032248333813,0.3270829416827757,-0.02877344275550832,-0.05529787475108945,-0.11210381476268985,-0.396162189857514,-0.2238739140542077,-0.04472031283072617,-0.08212955183690619,0.10875266923499122,-0.1153240573791708,0.232790757439525,0.09671366548108445,-0.11711958876444861,0.18462323288272323,0.2823939422064641,-0.14414183559123855,-0.04518591922023132,0.07005751650883943,-0.3854729824733269,-0.07026379248847965,-0.1529499828285316,0.19347155234538932,0.009156247209060815,-0.03328177307048025,0.23641208955058418,0.16387808670826803,0.1812396623718861,-0.2083116181741063,-0.17780282105985293,0.12294963891728808,0.05833423633182232,-0.12079369792426974,-0.14405230078331985,0.11485987856325662,0.003691871995807414,0.10788484316889589,0.04967700597278593,-0.43824868659599214,0.13059912969095183,-0.2725770696070918,-0.06425682019804868,0.07444364814792537,-0.011337108107717092,-0.3685627684663501,-0.30427100380219657,-0.09287836332794779,0.18811059227968405,0.06526668314858898,0.19265594444722875,0.10725469594467521,0.04349164971956773,0.22717279055242862,-0.2817848086928805,-0.193464789274655,-0.06830140841805098,0.06720981244313498,0.014024189236219581,-0.15546822586282455,-0.03587888574478404,-0.1819468750001194,0.06669148761944253,-0.14867552931091715,-0.18143575547289353,-0.15626128227831204,0.05496689754002259,-0.048783699775928446,-0.27948118836689617,-0.2509435275900517,0.24490010577589166
Mobile JKN Mudahkan Layanan BPJS Kesehatan Tanpa Keluar Rumah,health,0.16550586870922734,0.015538784775155173,0.20001087306667018,0.21902207275379612,-0.1533499259864269,0.12792038317248414,0.2220798573025671,-0.06390012371987815,-0.2194459952389174,0.0527732999047983,0.10335083087715652,0.22675363355947278,0.1856632693558359,0.2417530172383838,-0.14676396306952724,-0.14135283423403974,-0.013262478111743841,-0.15222165790475092,0.09375715092483072,0.09520630757044242,-0.004151711301347474,-0.05247717746021009,0.10457035885354535,0.19638662961977676,0.05064512743073257,-0.23498311922076534,-0.04143371344986952,-0.21435798456754165,-0.16076390377634275,0.0732778148268409,0.026842357596736633,0.2827445175454305,-0.016485170430980484,0.006849632564056556,-0.02595490540379226,-0.2129416936428588,-0.15798061163924923,0.005808616887294887,-0.025382746665543833,0.05177748626714312,-0.056405103023869314,-0.025375586093211694,0.05105639434109356,-0.10381306818923039,-0.005481986751356496,0.2546180434933624,-0.03749661719603958,-0.0036290068384934506,0.08770500111946705,-0.1719870435982117,-0.0696106871010474,-0.09250846209163685,0.0769744184585926,0.022662842437991597,0.013399090116269555,0.13771256672258136,0.023241903313314192,-0.018166372443964685,-0.15004021099381812,-0.19489667619887646,-0.0138163864621034,0.19384892017910513,-0.21434469685557075,-0.08449989853757572,0.05726795720924686,-0.05391120564622894,0.11690873809259879,-0.12698469919006894,-0.2839734487517027,0.02049935983990155,-0.04416999511098965,-0.1120918310562586,-0.06925341225571878,-0.026435916666627424,-0.1966093572819161,-0.24651203997924526,-0.1015690022038693,0.20873355374694674,0.08681236410118487,0.19111343867001618,0.06743258419070657,-0.0662483934420355,0.16676283925960902,-0.28446576343083496,-0.11591170357665179,-0.14121685284004387,0.07562747934452765,-0.010568185804612166,-0.001335236101378529,-0.038057820390771976,-0.07815053582665482,0.10897966250904406,-0.09694478099949815,-0.15588362553872975,-0.022774647870156955,0.1121708171546171,-0.247976378117988,-0.236456379341074,-0.10481686033456285,0.12587842678277425
Deretan Dokter Pejuang Corona yang Meninggal,health,0.552047712241255,0.0708559645911306,0.4990661828132807,0.30553759281085763,-0.19272905709757146,0.42133185673783197,0.14015451229886333,0.14116246585828868,-0.5765040857145347,-0.16980255620856716,-0.15603106367810118,0.13204886957570172,-0.06834440966962711,0.3479586742296882,-0.2430537368665103,-0.4036340665919707,0.12023207732617572,-0.1614291054031633,0.23620196549704292,0.15747697268463798,0.5290518254649739,-0.2956951787966558,0.06573058686734848,0.48204762510328525,0.23683402530762065,-0.01098503896635467,0.03837264762070291,-0.3856641967741291,-0.35218653469284705,-0.007609006050876907,0.21025794152959745,0.2996166568354749,0.01280316444106786,0.076228305022827,-0.2847362555560809,-0.4903719641522303,-0.22525455382555223,0.03268112739706923,-0.37032068545635244,0.2512541888448999,-0.24075253690394974,0.473572355329699,0.28815290343430633,-0.14098296137891508,0.283447460196295,0.31061950330385174,-0.17633898746945348,-0.2266059728410771,0.033336576448622555,-0.6091995556972932,-0.12840896396694998,-0.24005572567583555,0.4302046221301835,0.06624867485412925,-0.1408390390220096,0.25385084061109964,0.1997248544164764,0.16432320251783883,-0.3381777665904174,-0.11836620830846285,0.17298201654399653,0.02389769457933772,-0.13969764447142455,-0.16285341752867816,0.17328457656100835,-0.10861627610524746,0.09049140039199996,0.03503308045607748,-0.6457345664014509,0.1772027503761764,-0.36135470096299727,-0.07444953050643782,0.08093239985186149,-0.037538578711800864,-0.5035130793320249,-0.5431063128646594,-0.013858496752208339,0.2873074120650355,0.09495259429183325,0.2556020008249968,0.14413543045930705,0.12175983107083037,0.25214854532265213,-0.4396430958339657,-0.29716887226517225,-0.040653992701828415,0.038670733524909025,0.19935872254463735,-0.3326968165450513,0.028167236675812325,-0.1803748530829853,-0.05304102995092823,-0.19664674098845053,-0.29300725337610434,-0.2180380890137646,0.20760281394402158,-0.0018173261589861291,-0.3254850156148025,-0.1907724259195105,0.3389267738638522
Sosok Berperawakan Mirip Kim Jong Un Munculkan Spekulasi 'Body Double',health,0.0754916919667393,0.05419496494129259,0.08258993482782825,0.13964090310252875,-0.2478672820146744,0.03500246521292403,0.19163260554673878,0.07254187594911611,-0.1528872037680244,-0.008182104267604278,0.10121970451281208,0.25339876543911893,0.19246004565650449,0.19581219968619126,0.022782158358452945,-0.14388939948240753,-0.015380228595821926,-0.19208263094054473,0.03406228895165128,0.09694313123821799,-0.07867491124775394,-0.015087735170093205,0.19190682780707854,0.20719262019431697,0.05409913987151159,-0.24338542723739423,-0.014766606990978459,-0.14439201492766096,0.03988508898586034,0.14021079597139366,0.01710174102517678,0.17879712883953028,-0.010105578149268145,-0.0013800407516445957,0.015989132277372635,0.03765807174445425,-0.16170290075283705,0.0029648694438779923,-0.08108489177426145,0.04375084136078304,-0.06974644984139886,-0.019227846312691123,0.07839671857673174,-0.0517252727480441,-0.054127762497244644,0.2514238244862222,0.012378657775134574,0.02236223009187728,0.1110438155695224,-0.0757557398252582,-0.200485612019275,-0.1183712069354473,0.07278204587218888,-0.026367634448401768,0.13762372129620992,0.04117989417468719,0.019612247281594115,0.004588442460653312,-0.18528667722189401,-0.18806230593416168,0.07886693096104007,0.13455350121428747,-0.11376997505942699,-0.011496251474081561,0.12501071522266646,0.0355626119285843,0.03623167613703236,-0.18211031594069674,-0.23550125688868145,-0.07694426636070774,0.038300283495716944,-0.08836576891422919,0.05598828525793672,-0.06353871329947894,-0.12354669314081405,-0.18138457725759224,-0.05135194578287002,0.046265147816108645,0.04817603996284693,0.1931255405483277,-0.034177718516757175,-0.08329950044717985,0.10429293072128003,-0.24022358696922558,-0.14666610818746828,-0.16903186273377896,0.11572565956418908,-0.05978341582987038,-0.120901096208051,-0.09229508465254621,-0.04865928742280505,0.14353573939878816,0.05677115332581344,-0.13821197972002375,0.05118605745674833,0.2027623529892512,-0.26219931431141597,-0.11412071502273077,-0.0052176267576286945,0.07912940889228044
"Anak 15 Tahun Tewas Karena Vape di AS, Jadi Korban Termuda",health,0.48852252593686013,0.28650077146282216,0.05978881705501355,0.33031442202633476,-0.12011000138005823,0.21816868353347033,0.31162166686120885,-0.10999193987823468,-0.5594791167925814,-0.2571529259423947,0.1475403792353492,0.10157863173008647,0.26481633906066804,0.4379970811725226,-0.006434871383993044,-0.23289290583254185,-0.23887559246480203,0.013994023023592116,-0.03355766790066746,0.03312410171786059,-0.21481591828594032,-0.13114488111538347,0.3408580748965611,0.2661026039868774,-0.023685569380139816,-0.2341257861956718,0.13180582375979086,-0.15359162596704098,-0.2963792094068512,0.30610043405935367,0.21765419803664815,0.22681654871414647,-0.02423900611841142,0.12425466670447503,0.04220181879914241,-0.08592622519358188,-0.1610353636054067,0.017792592227457917,-0.05873218722001025,0.29259413243681076,-0.16306346225553162,-0.18739977565078106,-0.000737809366927019,-0.3539820274629148,-0.08561518757297439,0.2380695352085206,0.01440713480943421,0.17054312975070063,0.03165057711964101,-0.2090225514361851,-0.13654891672917924,-0.07732278346766609,0.1299816035627089,-0.2318618840557827,0.14160478641546898,0.11451470933408961,0.06106156265455378,-0.07011086985527726,0.12139243147578609,-0.09305201656238432,0.17328787811631832,0.2813570758285204,-0.19357507215016795,-0.2794803480987173,0.11043641550862558,0.1650311130271023,0.20089107379666218,-0.09882658388548812,-0.2685943789920391,0.12610370104221247,-0.001382257592694995,0.015052905471591289,-0.04884103276422646,0.09982590185072368,-0.28083912399586436,-0.3219640892235605,0.20271036465041917,0.2609366901397646,0.0674038168056163,0.2874662487066368,-0.04622767612980988,0.12737616157022663,0.17157019331233414,-0.5216118682786665,-0.41475277641975133,0.09160959075265013,0.07434774434411469,-0.08912203102594773,-0.2589312318660375,-0.15651812548079214,-0.1348607640800565,0.1560685013493347,0.016434313980201093,-0.053584826350095746,0.24326582335180275,0.17564022018947856,-0.05260491274338867,-0.029465539419476612,0.06229359095494136,0.07505996730512655
"Selain Corona, 5 Virus Ini Juga Ditemukan di Cairan Sperma",health,0.44683283901947135,0.026617145874149893,0.40856185553824415,0.29351739444221653,-0.1472401525644111,0.5460678365829381,0.2054563015370967,0.018425308334164562,-0.44548975131428287,0.18168588727623933,-0.24401551123290788,0.20770001575792546,0.06220653001903879,0.38982319637096047,-0.2576087119243754,-0.1102122919087551,0.23706714031947876,-0.34616978849178215,0.33666888387102106,-0.009302924058768291,0.5695200003370419,-0.1803500432798068,0.12983878020571926,0.2626418562424493,0.23040124257851174,-0.19278504258353488,-0.18116812268396248,-0.629082319971317,-0.5166315202814656,0.16385493191999198,0.15201171596447668,0.6453618067705025,-0.11552482289015542,-0.239674507467515,-0.1842902242043301,-0.7025264461139135,-0.2851815162688983,-0.05595306840432941,-0.018722698459686247,-0.02307163361327239,-0.18276815688856896,0.36158082901065836,0.19347999050331025,-0.20317273508902187,0.3832168198899564,0.2800081751779156,-0.2848691146128258,-0.11028214948726592,0.13713706393306638,-0.5857030868544354,-0.10292243295842238,-0.16926524664383205,0.2218712446626264,0.12713706311235481,-0.026418699925118312,0.4365797578506256,0.11651546233864485,0.26331771686449196,-0.33392281952722125,-0.3218582681654433,-0.012713858690483016,0.06461310214665668,-0.06514310390889252,-0.018235502762739043,0.11720565586298617,-0.032748850846702385,0.09713676491860437,0.05656019588024168,-0.590026078623933,0.26234396146491673,-0.5137968446640689,-0.24653036397743056,0.21336568586273136,-0.002499968075999187,-0.5499653661755217,-0.41072009273065146,-0.3019867591091134,0.4188102807265057,0.10556364820410938,0.29908329933940536,0.25069138876691843,0.07278945664055511,0.271311272981308,-0.38773554464026605,-0.2485376535403035,-0.31001818414108107,0.1302658097696772,-0.05435452365862166,-0.09295089588201222,-0.032677333757349235,-0.32064068571607224,0.12388414601239524,-0.25484422353585157,-0.1054299940270361,-0.38192227282086477,-0.06658225850677706,0.023874876781876476,-0.315514571568314,-0.5869542983306966,0.40167752935490403
"Yakin Bisa Kendalikan Corona, Singapura Tak Terapkan Lockdown",health,0.1703349003720134,-0.05678199299269897,0.27919059682251035,0.28841007077178793,-0.21853772164470303,0.41866028203795774,0.176777386791461,0.12737886206528884,-0.382244643029523,0.1708868033777153,-0.15795511011811122,0.17360074008072818,0.20809910907259235,0.3634884663012442,-0.16893448755855925,-0.19650041283376246,0.04439709486528686,-0.403099424849294,0.12497074511933437,0.14685110854730588,0.4361468653433957,-0.16289140971756774,-0.013587394897587509,0.24164303460492417,0.1533646617289863,-0.10360812915352034,-0.24999341674577744,-0.5131271447123281,-0.23522236054931536,0.1657288395656227,-0.013335141881277308,0.33216070860536867,-0.23981165802756635,-0.14086715476098274,-0.13984949735304367,-0.39969490287534626,-0.30383753357056026,-0.09634446591248991,-0.08418494065622416,-0.06622991514316488,-0.2000792839035682,0.2724314281842458,0.2767520340146735,-0.180550188611375,0.18677587322711076,0.3496842712080551,-0.06335814436778663,-0.1727185943645575,0.06214807331145766,-0.24818048732569745,-0.22066530355389724,-0.03425552198252348,0.06033088100484355,-0.09208631778623998,-0.08870763848558713,0.2862575888961688,0.03278240877562696,0.35639109317098716,-0.4064854001093319,-0.21431364439041872,0.12347561953880794,0.022123683841307484,-0.334187278989464,-0.3742806544582389,0.24027302120057867,-0.20440627713088047,0.13059193339137384,0.10988487484242057,-0.5569112355475025,0.12324404796784517,-0.371019321811579,-0.12451257049791645,0.020394961057882854,0.04994638174877182,-0.5762478943711989,-0.23174562113644595,-0.13143948142816117,0.17568333888114726,0.21408828314519207,0.23417799449027196,0.03526181826599139,-0.07512488407452536,0.16396189823681923,-0.22059418800833194,0.025319559900946437,-0.06404851939326395,0.1457845829366497,-0.1002501996936365,0.10110214670768315,-0.03241550611941311,-0.15096639888327654,0.00033963793347344714,-0.26558269897659176,-0.3618182104795298,-0.22403330091929693,0.0005361640788179499,-0.11851483700370181,-0.40149210814340286,-0.34196885211880756,0.2970700729072215
"Anak-anak Berenang di Genangan Air Banjir, Waspadai Risikonya",health,0.23448902292721147,0.2187281433658403,0.08993995238577546,0.29175248027598927,-0.1431846602700002,0.10346930836470669,0.2920501026678758,-0.09608127204685879,-0.23534579814205553,-0.1360118106457606,0.2552901318980299,0.21621699668536318,0.3184044104912224,0.3524128940889698,-0.04662687180125046,-0.13794582894784352,-0.10987508980376753,-0.14447856170760656,0.010895617950077296,0.06364405105044263,-0.28706101448962074,-0.06976464367447271,0.2946641547127499,0.29624896460863653,-0.06275081517464585,-0.2973398318884267,0.13995710856514212,-0.13681756124041336,-0.15598128564678934,0.2518882713170613,0.06706056100018953,0.12046341127174749,-0.026126379230592734,0.04989032632731658,0.12166883219038836,-0.04732567991329582,-0.22910155884914904,0.05791000375144943,-0.06387760285993122,0.18778859917897872,-0.1625360142920025,-0.16990370249745262,-0.031683898152831375,-0.2298337345148353,-0.07247211833162892,0.30358629630008827,0.10992953256494284,0.10938834951665585,0.1776502007758698,-0.09425026025648248,-0.2744339200829435,-0.1636093893204147,0.09990292695197933,-0.12369321232988223,0.16976065934049042,0.0014931629604837025,0.0350280973991529,0.05692650347688027,0.013891884897290381,-0.0890568850519905,0.09813379276791824,0.16873780212671582,-0.11946807569560522,-0.17083616606504684,0.13061767276029507,0.0916434289431999,0.2420694753394608,-0.20197708021250738,-0.27385320946091957,0.07527543991205735,0.1861185152428752,0.0374166914842068,0.0027798610428262805,-0.06155488285398888,-0.2008489194136758,-0.31053824898947957,-0.10550326478620262,0.16225424193009355,-0.004853188583403613,0.22587516530960786,-0.019765726518841568,0.030868904455370848,0.16195066998567234,-0.5314362789407838,-0.29580727933681034,-0.03945744609989259,0.08110924287786986,0.014904892026376172,-0.16927309778533828,-0.10511396575162499,-0.030172959662311587,0.2119556546791304,0.0019850754184957296,-0.08795277579307975,0.1374132815149227,0.19394285826933985,-0.3291463392300671,-0.12871490287671125,0.06169079542842416,0.08468387810753228
"ITB Perbaharui Prediksi, Puncak Corona RI Diperkirakan Mundur ke Mei",health,0.3551145588537008,0.07639288633783686,0.3507257663744976,0.25258208004453203,-0.17698507167467142,0.35625821725265516,0.16032474173078792,-0.025835448203504807,-0.36543219883689443,0.004274239177497329,-0.10209123920071582,0.08521357563291529,0.0175491726639672,0.3440681459294863,-0.1977672258423232,-0.194640929412746,0.0628230349848665,-0.20842514713756996,0.15813119829410927,0.04584758231074185,0.38183585863042585,-0.16200397769304758,0.07702574211309371,0.243823934159159,0.06877779290869247,-0.08969694937895732,-0.08562825604425431,-0.3757320339521779,-0.34646067371022454,0.09676467956367035,0.12327604430428202,0.3275153315758985,-0.028496957119759685,-0.04625355645771216,-0.1158343294468754,-0.3590923094868047,-0.1874539177309904,-0.013744040408204617,-0.11681524993125876,0.00971044283110429,-0.11034856032660421,0.296658600799544,0.16927779660606737,-0.11280246819974184,0.15878263591238692,0.29539959237800106,-0.12601531766133994,-0.08717496702919003,0.03770354881606425,-0.37150862461211936,-0.11476104323236264,-0.08729783010390521,0.24572570551544326,0.05693160321324293,-0.060949367623800224,0.2512630128218937,0.1492784349582844,0.1378337218036037,-0.23793365358303087,-0.12979896246869613,0.1409682103058783,0.10427711717908776,-0.13846812668470954,-0.11175491427975559,0.11269562350641434,-0.018015239469033065,0.04857607106861628,0.07081997121080058,-0.4519909690050088,0.07177021953291647,-0.35362843106249753,-0.0753592641943683,0.11343234640735056,-0.01192780932713315,-0.3997004676263638,-0.3429573084483186,-0.05941190477496962,0.1840212582641986,0.09482696786425099,0.19725678672559613,0.10416691346101047,-0.030383626993511898,0.17746924681921997,-0.26702729369426614,-0.16392447595673545,-0.1276303327716644,0.061186299742367015,0.03937588455353637,-0.151779439480175,-0.04337010675742704,-0.11694559232863802,0.017272908519760925,-0.13794519285923493,-0.20472504332637217,-0.11793365022531072,0.1141856200725247,-0.0105936831725172,-0.24679886596115738,-0.1975623102850524,0.25057687008590757
Ini Lho Jenis Batu Empedu yang Sering Dikira Boba,health,0.11313305086850732,0.054050805849059316,0.1263050881149832,0.12367765889142486,-0.18466083558734075,0.1236795297781306,0.1867059880307293,-0.022368629356706252,-0.22612085102697638,0.017800847009284977,0.11641627710318092,0.20362172877992624,0.14001062435057224,0.2151114226744766,-0.0703860292639708,-0.22760825077895017,0.013508692886102805,-0.1745830243851704,0.07930331911928121,0.028865706979321004,0.0773875261022587,0.0027933668065393247,0.12930085479111303,0.25241202471068946,0.003121836844569323,-0.14202437867307288,0.034094521589953596,-0.2569486541603084,-0.11398755222822102,0.11520992567281518,0.04721650999720612,0.1903594774083279,0.02242006828651722,0.02371589374421431,0.04605768958246723,-0.07088863496935886,-0.19033218110506528,-0.03480066978708046,-0.037517710461063766,0.06754023168195351,-0.08150570233292147,0.057958493236425136,0.06331582293147801,-0.02961118936807743,0.01705195054777132,0.23027065864132162,-0.06884580890026122,0.005567014867193835,0.11009942883794663,-0.18338928560701787,-0.10018630231686845,-0.09544650573206348,0.15188775674026753,0.05376527208054201,0.07714340489826711,0.05235876738377145,0.07056855089004764,0.05557477924571737,-0.21340536701084237,-0.11923305567104578,0.079424605045527,0.10892869400645,-0.13492974166304803,-0.07035118584294106,0.06277046831883556,0.018923447434033954,0.05881390638694426,-0.027834387385096766,-0.280775219774477,-0.04386667029060322,0.0023294709715091133,-0.013785514041656054,0.08758705446830382,-0.06112365226421736,-0.18898997169811005,-0.2858351816979215,-0.05142418262661151,0.09321051342815372,0.07253383309823021,0.16284363758331327,0.035943213757816506,-0.07805907362969962,0.16251889253078478,-0.29296099625488153,-0.07532345058653919,-0.14122952226014895,0.08479805384519398,0.026328963654800003,-0.18767270045596393,-0.02027567901985383,-0.021204870609190685,0.12936040349621217,-0.0635351744325566,-0.1499313110094961,-0.038918475224893855,0.15627927366397376,-0.2068420726676426,-0.09163314478166219,-0.008883518304752333,0.1245440088735434
Kandungan Kalsium pada Pisang Baik untuk Tulang Si Kecil,health,0.014810082066741972,0.08220850031212257,0.008101776346500469,0.08584720699699896,-0.33104117992093024,-0.0963137177301141,0.2587258807735198,0.10159117208680382,-0.09276785523999964,0.044572054263575536,0.20151989760401653,0.3828758733208568,0.2190199124110952,0.26508221965025325,0.10355888568998199,-0.1435520486607383,-0.048474626223676855,-0.16484940741020976,0.02012105630103834,0.15379905149637652,-0.22093538214118733,-0.02155814349464044,0.27261215801478733,0.3107320974712068,0.08578581420050388,-0.313011401085385,0.0037398090612970752,-0.11545120874061589,0.1019344845898256,0.17301846013526445,0.0015679400029762964,0.15419192057584744,-0.0750747004945197,0.00083911128924511,0.06766527882501207,0.12162347288637977,-0.19716268984597476,0.09560908759905365,-0.1738558630177097,0.1311597570317093,-0.058356500053779466,-0.031376273840848914,0.11865965940188625,-0.04263987349540583,-0.1411120038928783,0.28000138057691587,0.054317455059932636,0.0008694382972478066,0.21425635958818715,0.037413369385591734,-0.27543594708013797,-0.202149404934965,0.09933777283667608,0.009184419004052632,0.1925122357602947,0.006810144405809846,0.012515327228294534,-0.0023356235652675678,-0.3267832517636808,-0.21338585033462246,0.08667066442266855,0.18442712352799842,-0.08747800735846192,0.056610583198045884,0.1500144513965096,-0.02426661921852601,0.0004168299606387796,-0.2895015493408291,-0.2621971092146153,-0.17334633869362162,0.1100711041674806,-0.12217306724169506,0.07810868646491176,-0.11800064890251913,-0.12026315564408845,-0.1641338137201658,-0.02716111437623958,0.007882440283008106,-0.007952110326622854,0.2002694374379248,-0.08365417935752804,-0.08933664710751814,0.11210761270574317,-0.25616766021569715,-0.16194254888480328,-0.2248569036360144,0.10239414529104095,-0.04788440084012544,-0.11775035644038169,-0.1473527322270891,-0.00842468513577643,0.21296996781349062,0.13100789379712643,-0.187696157857339,0.13474400123749208,0.30814052539524867,-0.3699245258250124,-0.1371984946612393,0.058693849339605676,0.06213204661111917
"Mengenal Ad5-nCov, Vaksin Corona untuk Antibodi COVID-19",health,0.2855077705723738,-0.0012433227373221686,0.39828295694314486,0.23451632751920376,-0.11941258019865415,0.403511406287577,0.19509913788673647,-0.029361405910073326,-0.38298622435462437,0.11908840369618237,-0.17739521517321594,0.15718622196516402,0.03311426366950941,0.34871968312987317,-0.22771111363403068,-0.2529456212879376,0.14134908662316076,-0.30007677374913033,0.21615628692556124,0.03195118703114715,0.5276369666367201,-0.17713708785499901,0.03620098930620003,0.2566042412410431,0.17042577316054466,-0.03715107542334727,-0.1270697481283268,-0.4686279005936283,-0.3506858275752096,0.09939051138319988,0.1371559563333774,0.4399367309065558,-0.05818084076555274,-0.0784448026151238,-0.1357143433298456,-0.5556949766572019,-0.23112485183088777,-0.061895666249147344,-0.0564402539988068,0.03882357489502451,-0.12871970550012604,0.31702963732988243,0.16235763835394204,-0.06223678048598226,0.26777539492460095,0.34865072068467284,-0.2097566407687603,-0.04864454200175232,0.055906101132187344,-0.4674974633887415,-0.11432542473377057,-0.09932734222989567,0.21991337988208884,0.048621170164780916,-0.09609050385792794,0.24795493668095075,0.1797289356250205,0.2681892485991128,-0.2967084201441846,-0.15285242595724993,0.10423526123335973,0.02209299049198143,-0.14231638126596238,-0.2199034162761528,0.15141522255624615,-0.06608825526008992,0.11110428241575618,0.12411259940438926,-0.5421461186702684,0.1839083581809013,-0.3438999412152624,-0.09875715738837607,0.10942276903597362,-0.03177179621251359,-0.47671595865792205,-0.43887672065163913,-0.20877430685418813,0.22683084521856506,0.07622256104739725,0.206948398576123,0.15530684982933624,0.04402748992891338,0.22617522371056584,-0.3659485595399166,-0.11157756572051628,-0.07872917915490099,0.06565914676538877,0.021677211162502596,-0.06077678625209621,0.0010784302325135989,-0.18202601247613479,0.05742760659165612,-0.2732099145329456,-0.23356521276483777,-0.2199612974799668,0.04078365472526866,-0.08741062623060443,-0.2957166316723279,-0.3343794195571494,0.3273713596984065
"Jenis-jenis Pertolongan Henti Jantung, Kondisi yang Dialami Didi Kempot",health,0.07557501899287085,0.09163893160296949,0.161337827603323,0.12850454030420455,-0.11629416519395758,0.12591711932051794,0.22191311430093127,-0.029023705360786824,-0.25719578000093335,0.05206564579720273,0.17926875358634373,0.23761553654955314,0.157481773745801,0.21730626690196495,-0.10843592844282536,-0.2853225657185359,0.07486814055093834,-0.2216928824869565,0.1076406844949413,-0.0005343214923859958,0.03250121226879622,0.09524538981983016,0.06519074042263012,0.2988844354660819,-0.027826249642959013,-0.053341088150942656,0.11261240467171046,-0.27124885010195116,-0.16399091213035977,0.14528041028411684,0.07242477863279628,0.1807348770180669,0.0015068106463691673,0.032516189124421474,0.06712225011314416,-0.12202791688025721,-0.23573667924364963,-0.042926946775319226,-0.025420079948998604,0.10529803403221111,-0.16046996616695683,0.005397357846746924,-0.035639069224952385,-0.0014964684723691422,0.07927201175998028,0.25210991386754483,-0.07923535184780878,0.026551481021431962,0.159771631697317,-0.31028750363659574,-0.0518961329131825,-0.06507732379800141,0.20598092614497227,0.021749935867368238,0.05307393003924658,-0.0288171133322676,0.07256818060596096,0.13614227829330222,-0.2414582188776903,-0.0356281142724073,0.08907418633083151,0.04000996566487427,-0.0461751845970296,-0.12325792195235685,0.08223032791286414,0.03306811570647091,0.09723811982746051,0.05993224149753404,-0.3000500782135875,-0.009928232837646675,0.09410586641504566,-0.0057517661903865635,0.1419234244396215,-0.13939975406575106,-0.229502489339134,-0.39917211382164236,-0.16209318435726444,0.08480232514202729,0.08440138786069368,0.21309731579548433,0.02320276299038918,-0.04791409626420571,0.22843373036891357,-0.4046042060786364,-0.09696807656977663,-0.10840481131539513,0.02700622732643278,0.10008937737477899,-0.2568010906907829,0.09347775491744398,0.008233689229784307,0.1348140995440863,-0.13851966845112992,-0.15738341884117538,-0.10992749932843449,0.16557015896259106,-0.26659608234630994,-0.05423499566227468,-0.026372910916214347,0.15145905843560506
Benarkah DBD Bisa Menular Lewat Hubungan Seks? Ini Kata Ahlinya,health,0.2361862951798085,-0.13495276914284643,0.16331645533093206,0.053960648805031694,-0.10872008156838879,0.18192965054265245,0.1888956115680179,0.007705329020237765,-0.268277191992813,0.13491744867674413,0.1668606354091242,0.3150902782587207,0.3394999681207265,0.30241570602754086,-0.05579438908038542,-0.013703315532283785,0.028435383599334806,-0.26754233588956394,0.09790438016901917,0.09129830735807128,0.08756276433448074,-0.021099327746842166,0.1085787541091559,0.31486545408161687,0.063434374819838,-0.14226155873972074,-0.09841175731610555,-0.23393086114194794,-0.13366459147310628,0.04829677959289194,-0.07588840854242769,0.3722323272078657,-0.04304246949212612,-0.14145919406564522,-0.22879682059891787,-0.2728301144956769,-0.1980834209881151,-0.14760897874378492,0.009516004665714384,-0.06325192854977503,-0.0848000080322525,-0.15066738520727632,0.11134393091733728,-0.28247254993993365,-0.04182453766595637,0.23548462382617097,-0.02906956412399378,-0.06618363109512988,0.23609950692606635,-0.05432300969745004,-0.20351994427765618,-0.022293896167371766,0.041685552173478975,0.06778021791148453,0.02531270680644344,0.2021145372549632,0.030871193275010266,0.23501047145043438,-0.2970912388253851,-0.22589930003947595,-0.015203258760374871,0.20346509436523152,-0.13369709439225738,-0.007828298493665481,-0.0052386682781342085,0.11517552898885493,0.08172228981269282,-0.04719585455105611,-0.3829684595123005,0.09366130990045782,0.04017904921885183,-0.09101229474181963,-0.07830709348027937,-0.031695686463006446,-0.1927363494139718,-0.26757617021224706,-0.13021458646756778,0.21831069209784024,0.18048191198729888,-0.030760534283226726,0.1433585764897069,-0.1297322898727829,0.1114257830247463,-0.24519191308976815,-0.11784476035178781,-0.2263915865114892,0.06856654438786412,-0.052677714276201375,0.13633543829573802,-0.02547645956615644,-0.05849008967644578,0.10587923755288026,-0.16719487527362695,-0.27485482329662114,-0.09346797799337789,0.13730681020009922,-0.23097138753589422,-0.3130625044394151,-0.14886185134000163,0.12750860446492335
WHO Peringatkan Lonjakan Kasus Corona di Negara yang Longgarkan Lockdown,health,0.34947824830707375,0.034840864009389405,0.41028259919999954,0.2410203125239371,-0.1359122735980021,0.46180946272197837,0.17437694795244266,-0.03343419299685882,-0.48106174949360664,0.12537309566533578,-0.16657661185674488,0.12422422884549078,0.06365120247619202,0.3367088430953879,-0.2018263375768523,-0.1047047217822154,0.13562423390790976,-0.34626531385512044,0.23208925312884396,0.0032133696838864394,0.6561081078376649,-0.1832685429203635,-0.002000082263824242,0.24143550956063614,0.12174185759742571,-0.02667673546972469,-0.22105530848009455,-0.5150510076965321,-0.3598001359581603,0.06639291174418736,0.06924844370631711,0.5484255288216129,-0.0397679504201177,-0.17506795382511747,-0.18722378157047984,-0.651488915319603,-0.2827839791347695,-0.10957930970256961,-0.03193052363122885,-0.008009423924740055,-0.1410332656647556,0.35433515474740834,0.1308376284318815,-0.08159742026784225,0.26477091931848745,0.376824748171336,-0.1953290230932324,-0.10218619826934591,0.08060501281814489,-0.4640662834575511,-0.09083919553013875,-0.10424624258072641,0.2031702549537309,0.051131596810683605,-0.07526676157402384,0.40403500178173657,0.16621134583079394,0.3001414408343344,-0.30543123338891737,-0.2502738577176106,0.059548507992837195,0.10159528209594504,-0.21816591430920332,-0.19894471475188588,0.13833400774549245,-0.060462709855855945,0.11735381037780954,0.11261614564032568,-0.5228849701098012,0.27964925518202244,-0.43380914879611043,-0.09762915727904549,0.04676866237466082,0.019171519628733084,-0.4765505750262929,-0.3680465404892909,-0.22520379678006247,0.28454700976694874,0.0939741862241366,0.16854526821490695,0.18327310074007935,0.05203793098329356,0.20826273365092282,-0.33514059257367396,-0.17199814249414294,-0.1239016015845049,0.06916862146451419,-0.021890354550904816,-0.035361719035719136,-0.09773307775176504,-0.17092457829645893,0.08278095552071232,-0.18281579149069271,-0.23611519101820752,-0.25647041045901386,-0.06153326520938744,-0.0004907446736351229,-0.3917485244108303,-0.39484070556715795,0.32156090882488436
"Sama-sama Lewat Droplet, Ini Bedanya Penularan TBC dan Virus Corona",health,0.3847914481914097,-0.18193851606721473,0.3081559699106922,0.09138941219950993,-0.20469519215158025,0.3192502269277936,0.18632278141576122,0.0879213291878323,-0.4221613007330709,0.0749124406706609,0.043099855796110864,0.35944411707588986,0.33528537052204016,0.41957438362577626,-0.15653975189245595,-0.04429005995921155,0.06469055954442658,-0.3970927103394956,0.23137045631889766,0.08268435891303673,0.23158832454187234,-0.03617122926034623,0.2803436148207109,0.47701476228325124,0.23832650752892903,-0.27582194957075834,-0.0727433048025005,-0.32755429180845597,-0.23738496968419534,0.06900028454572327,-0.09131460047589711,0.7163524103708424,-0.05014644019353682,-0.2121493908195453,-0.23384025822748963,-0.48190697324299747,-0.19836746834005398,-0.12985670572502447,-0.03112123157667181,-0.06869842682446979,-0.2370495506668696,-0.04126739712271919,0.20379583768966741,-0.3752975579543947,0.007984897795882566,0.3215032106528124,-0.08982483403013387,-0.1147614758800995,0.3403646945846142,-0.2350594317984499,-0.30367460453539785,-0.10213462924367665,0.12766213460389159,0.1275803946709234,0.06277968303077361,0.3492661930033665,0.02495167707856313,0.27616170367218973,-0.5095610276307541,-0.38716582506224423,-0.06741243130661007,0.2414145983245638,-0.11688689560808942,0.08036655650470488,0.002106382901745486,0.07149835657173736,0.03468585859508001,-0.13081342703397167,-0.5809618263493135,0.0888189358959291,-0.21142387886074804,-0.18923329554071142,0.0653059327442067,-0.056439631051181216,-0.3611231228980883,-0.325857068988657,-0.27685156482007,0.3589244022769966,0.1809506999418068,0.11629390957272832,0.2321163722401208,-0.14124608252758583,0.22143079728402743,-0.3736847982062681,-0.3255598848327659,-0.4223575641957248,0.12660970013545603,-0.026199976239236422,0.045482135393551976,-0.0099574490743924,-0.22030174157059296,0.1569091765483153,-0.2200526237241258,-0.31141531266796707,-0.16028022521076876,0.10511477917301076,-0.2879427279000387,-0.49842519412334024,-0.3937497481368276,0.302659834368849
"8 Sembuh dan 5 Meninggal Terkait Corona di Indonesia, Ini Detailnya",health,0.6955458888969002,0.228294771203163,0.5581397219973893,0.37422901029439487,-0.2314307498006006,0.5710276276651315,0.14681366521970887,-0.0383552439058935,-0.729488326074568,-0.05454402822869761,-0.21163935837060388,0.059437056354063315,-0.12826284984892541,0.6005780423095579,-0.31699393693795064,-0.29133732285444075,0.10375176326716185,-0.2832469546530801,0.25227417910727085,0.17514676900650505,0.6505788316306292,-0.2829925505435474,0.04665465885188932,0.47099985633564484,0.10932764601816432,0.025291511362417668,-0.12350380974703591,-0.5193081228351313,-0.5057418924634731,0.0835342833844361,0.15192935121778878,0.4476813824624393,-0.019802506543455976,0.028916771988728735,-0.16950979815499814,-0.5609906551239144,-0.1889706125512011,0.05945213839567339,-0.37370694631458573,0.08527191348048864,-0.1678539690404658,0.6102505293831623,0.21009954345874948,-0.14704089112344168,0.3068436375225413,0.4415968858079764,-0.22559772400118283,-0.20426386447119158,-0.04803376319456953,-0.7459697587071036,-0.037592555585759045,-0.09575276468563032,0.4082614970789142,-0.03978175258430732,-0.2334198666015942,0.4250404311460805,0.29424583921388364,0.13346409527090677,-0.33089644913006255,-0.015088145155141923,0.19071978720741908,0.17098412196251966,-0.3092967874663463,-0.36422086996585196,0.26532379453571386,-0.20677031495308426,0.13651456101269077,0.17997501852550815,-0.8610263144112573,0.14318840043115444,-0.6776325765012646,-0.15812634761933633,0.07611548101115855,0.05041036326910244,-0.6628933448218047,-0.6840553847168671,0.007096913258162925,0.34754933105416347,0.21248153190080413,0.3685009600141383,0.11947632900915038,-0.010573155315077671,0.2062183275433477,-0.4782702681116185,-0.16769399080198824,0.031098425082938252,-0.042207816109306795,0.0787753526827848,-0.2556311377902984,-0.12017309869202035,-0.13331709368186778,-0.1660825436131748,-0.16957974983380386,-0.300364419855294,-0.19718928261129554,0.2714459886520986,0.1143343152154344,-0.2579952104903973,-0.2134826805794815,0.40906956441092457
Viral Hoax Jemaah Indonesia Ditolak Arab Saudi karena Positif Corona,health,0.4895442875982674,0.11636505539400163,0.3678197282580021,0.2715500334275384,-0.2766120040280937,0.3973601838539222,0.14470594513337948,-0.07054594210349863,-0.5098913993648346,0.10974118103760165,-0.15952975374540743,0.1332887580767617,-0.15662278323057466,0.5266356304814781,-0.25688254405592975,-0.13789917363905657,0.12325881098409137,-0.35593034069327456,0.22814111869842188,0.10219180285262756,0.5579347968840933,-0.1725101408388794,-0.006588297160559951,0.40515276089744257,-0.0017200632729876325,-0.012968940024910022,-0.15179951289630378,-0.4146337536549017,-0.3862657949578593,0.0029030422416733326,0.06495389850414113,0.40327854748874786,0.024691001723031028,-0.04444517989969657,-0.058247873723953715,-0.37864547983473273,-0.15622778326313058,0.025116687500624547,-0.21461666924997574,-0.11363403151668777,-0.18520802550794982,0.4632772773517719,0.22940307581417152,-0.10217441447016123,0.26865064035558245,0.35594382290429993,-0.15454300638066018,-0.07905365958052563,0.005109916566693306,-0.5399789358498672,-0.005182772774729412,-0.10870840578908299,0.32564286022578876,0.032778383869064016,-0.17563958987841907,0.3752590519482256,0.28374408393625006,0.06734325177398486,-0.28487081716671286,-0.06673526888137377,0.18505165210080513,0.18051669351338895,-0.22356087344992862,-0.18217095678481957,0.19882446872017903,-0.15525377691227643,-0.021346882023286422,0.13463464875962364,-0.6609295696558422,0.08212272775209163,-0.5850220829172925,-0.15588818091512238,0.09284074435926522,0.0846793080446359,-0.552155641600808,-0.49416638699796095,-0.10522615719468675,0.2495442721927638,0.15934416118294903,0.21513336472867758,0.09455557604417691,-0.05393049955908681,0.2059399789794608,-0.3574375481729508,-0.09610641883830183,-0.06069811818081399,-0.005667692737602919,0.0191021182237837,-0.11794385599819954,-0.1349313602140542,-0.12205607634137045,-0.048204186546537374,-0.11710704012568647,-0.27086390829725704,-0.1626774006743471,0.2342666780257714,0.04574749538311548,-0.17576695106950382,-0.2408191314397986,0.35710939970389066
"'Indonesia Terserah' Viral Gara-gara Corona, Tandanya Pasrah atau Marah?",health,0.4347191851254098,0.1014657761325624,0.3190758888216214,0.25846994502014475,-0.27296133759608937,0.32682650115068296,0.16198958992787088,-0.05728000748375864,-0.4686868955388028,0.0905267742814696,-0.11241465042554243,0.17626134737330337,-0.14543209107155658,0.4941544411422888,-0.1959760030114706,-0.12232005217205688,0.12328951571610888,-0.39433275475826385,0.22064491352620938,0.06499020455925272,0.49002483832673804,-0.15119221727630638,0.041159189993816576,0.42739316506265157,-0.03107113120389367,0.0170748015865555,-0.13127760183065068,-0.3702951278044192,-0.3805455231327576,-0.05264952337655031,0.07318220751890908,0.335883406316306,0.0857050527416694,-0.0765675748596091,-0.04063602817970464,-0.2981771462556356,-0.17691907126520917,0.004456736006063226,-0.20086353287248981,-0.13874818689647367,-0.14043044359876222,0.3736349227951765,0.20921729173817927,-0.11911761780063575,0.22339500512375318,0.3520013378021735,-0.13592950791640987,-0.07554547960308247,0.042175179134054164,-0.5043300961604946,-0.0022834497741757104,-0.12924233596339774,0.2729878491960226,0.007871088342572904,-0.08919931499564351,0.3469463605871918,0.2508077031459613,0.051218807410815526,-0.2147639812201536,-0.08613647450110345,0.18616336504059575,0.16021361862212558,-0.21249500997653323,-0.1715568527436607,0.1939999424480564,-0.11562872292794352,-0.053718228278655356,0.09693219861858554,-0.5945444529623981,0.05546217833071901,-0.5038686015166546,-0.09750609353907097,0.08500939147473509,0.046005717301187896,-0.4768929026781876,-0.45711580919463984,-0.1412163817598463,0.2694430467640483,0.1696075798098085,0.1989534112584965,0.09083024069224563,-0.026841647754698376,0.24563154856158345,-0.31980243465615216,-0.08395364412780978,-0.055291255169581985,-0.011503776514473877,0.04117063324881572,-0.1417866198120899,-0.16903399056507096,-0.12308096090292005,-0.03674156550791926,-0.10433392412546502,-0.2726548644354359,-0.19184002645162337,0.24888594221502888,0.004723630914176001,-0.14580050242267376,-0.2467414318470714,0.32618489611567136
Studi Temukan Orang yang Doyan Minum Kopi Tulangnya Lebih Padat,health,0.11782052952264015,0.01826676904596129,0.1392919647820767,0.12039400117244892,-0.1910819891833719,0.04276417018102613,0.31270974661105255,-0.06429733528447391,-0.19494011250445042,0.15505238809727254,0.17859889783065516,0.3684028930994942,0.2236958730054989,0.3327479044772277,-0.01254163911747056,-0.10611806766998853,0.008665806178201722,-0.20126009578785423,0.09848566768086997,0.07529690211521653,-0.0064831684530860184,-0.04123633527922734,0.13420255693206912,0.24779375355068678,0.005008585947901196,-0.20504104737725715,-0.0756898351880907,-0.30991920327910305,-0.11782719515593675,0.11839967135692217,0.08624076924213288,0.2500955326642465,-0.07672345128392587,-0.10163897026309864,-0.04420502981645302,-0.1703671322946276,-0.2757528399674948,-0.022038690585300003,-0.026544474566852126,0.1345854593708931,-0.03385153701187048,-0.0822663041110195,0.06063093939297332,-0.11516252867038825,-0.04474880940882575,0.25299429220567227,-0.01925309777699256,0.019732120351953087,0.1852016185139505,-0.08697868539381984,-0.12338000844536946,-0.1490144720469641,0.11724365529439518,0.048534656264505885,0.06917703066437213,0.09323902542552812,0.052184023002411484,0.08588770334356008,-0.19636677807151645,-0.21302764631456528,0.05615636789640371,0.18718139776784812,-0.1328858030525325,0.04660796479507462,0.08242749903930593,0.04045664455489463,0.0507192349045612,-0.10841391185574209,-0.29423389795674254,0.008186145111722378,0.06521785844764295,-0.1172107403924913,0.0007633511133180263,-0.09853446029596362,-0.1843979554174652,-0.22762670270602203,-0.06365872134078193,0.14779568448695288,0.049275069075950514,0.13096350737950907,0.01920352926098133,-0.0523465691002004,0.14364924443760804,-0.2949309355765932,-0.1958372251438513,-0.20269303457284985,0.10666905815135058,-0.08672559710893514,-0.025509269667163072,-0.1304013506284622,-0.05617749716880091,0.2366431673235472,-4.097254447132628e-05,-0.13658266146522857,0.001698947624665847,0.17629200142728055,-0.24118912342849416,-0.20438163796602404,-0.0799826212011248,0.11267914634211354
Kontroversi Terkini WHO: Penularan Virus Corona pada OTG Jarang Terjadi?,health,0.4508067388051196,0.04884061550222923,0.306428087867048,0.29210899761027526,-0.09804756870755203,0.5274426420919853,0.27109353575124207,-0.07133147957771103,-0.5501232691406107,0.09061682265829381,-0.05709764129887825,0.17103471921319593,0.18687515227233079,0.42555000323805287,-0.19889099455607248,-0.028881349676554494,0.008386465146634029,-0.27522182243730675,0.21307728454930344,0.0007286020199551465,0.3838020805972185,-0.10964590210470013,0.14892486447013933,0.22141599305905799,0.04001306179672247,-0.1783528731270937,-0.16232248199818305,-0.47759667152541063,-0.42522672177168597,0.21419261950311416,0.025122776336391563,0.6682848747301625,-0.0502802903024618,-0.18264181505054644,-0.14875375660135146,-0.5909342170870452,-0.23425841877894302,-0.14767656964766432,0.05705216774719828,-0.02362742594840243,-0.14082962678270128,0.11283744973671639,0.1021016896387914,-0.2675557737792022,0.1933993953090055,0.3163826427222123,-0.13259069306668028,0.03668862864518631,0.16943911924341262,-0.41826682863994286,-0.07626144167263776,-0.06676358571024586,0.08125217257959089,-0.03866780251409378,0.0535601239461745,0.4030898365504833,0.11394648454901975,0.26695856434517906,-0.2410066935210631,-0.2716306967867269,-0.013455136491154367,0.17615869857566985,-0.20595058353573542,-0.23473698490778488,0.1109257698358373,0.12543853715846595,0.22839311709272728,0.09066075190905251,-0.4807040903235948,0.30488246651820405,-0.3657352420987674,-0.16404528867829696,0.033181330365895954,0.0968070480672737,-0.46289855281513265,-0.36088266966538474,-0.15598841090349722,0.40232635602537203,0.18106275386091067,0.23907797535551445,0.21536542049013577,0.12018570492679993,0.26035887903453214,-0.3822786467455958,-0.2522123890093626,-0.1335531546201906,0.07784737272335766,-0.19894407657774338,-0.024727712779737662,-0.090752904463964,-0.16419494463335174,0.13269417122777055,-0.16154038973827012,-0.1633117027047316,-0.18629160951424822,-0.08825258991611254,-0.048076754084113243,-0.2820208795760597,-0.400562190175117,0.23340427283192464
WHO Setop Sementara Uji Coba Hydroxychloroquine untuk Pasien Corona,health,0.16973087727967254,-0.09910477266699434,0.4508984169837774,0.20714076572394058,-0.1271042898050594,0.49375170217804626,0.43014095340316766,-0.11122642863096825,-0.3453149286356159,0.3049640859992664,-0.17735397844399553,0.22906239303265036,0.036798137033857634,0.2900602318435534,-0.28824514619563685,-0.1818310259531373,0.047209707435005306,-0.3754252522037317,0.2831794787692367,-0.031355633631781066,0.6098132008420515,-0.20717361324821967,0.061511006667058284,0.08570445177399989,0.24983958263743913,-0.06691176236554959,-0.38611532057805775,-0.6148024866239065,-0.22230526963752187,0.13459575893420225,0.22941804043698474,0.7814069771297685,0.1164000048141001,-0.0870379476969421,-0.16679718230292137,-0.76249819936809,-0.388187488278896,-0.1137845593778076,0.158308631774546,-0.01041416483990675,0.09611465056658346,0.19904638957700976,0.14522678510166123,0.04750937690073955,0.33100780328087026,0.5177829963657151,-0.12500022882143727,0.18470048560542157,0.030173261759260217,-0.36317015264820235,-0.19294334645399588,-0.10689886293943626,0.07159561130260665,0.09524606534627864,-0.0051002682860562375,0.23752048335013617,0.2880457000715639,0.30428193634270134,-0.21878386345597933,-0.41370610220883536,0.02825812875122188,-0.08893760482914749,-0.19594675226624494,-0.33504429807753794,0.24494599871169692,0.07279551932612043,0.19450711547851915,0.07160615054811593,-0.5235017330134782,0.3710121690389726,-0.4148435710772957,-0.126162228155648,0.01822748612753224,-0.0020014040675257866,-0.5202476955801776,-0.39825798333206436,-0.3908681700749347,0.2439280880431157,-0.06120228211504047,0.29592098423245533,0.24571825104159764,0.1964342016425835,0.29970702422331336,-0.5306942325271292,-0.19888429992454615,-0.31608877149223386,0.20184519047485125,-0.19677107332665925,-0.0030313147382806977,-0.12163073577789604,-0.2972441437911045,0.3726626528972185,-0.29135410804770523,-0.29569342864869286,-0.1984597413886625,-0.17296621721861816,-0.15287015628410222,-0.36095472631737546,-0.5862090503325516,0.3362183194863705
"RS Darurat Ditutup, Staf Medis di Wuhan Rayakan dengan Lepas Masker",health,0.11163961466830274,0.10953987677874968,0.08647464576783237,0.13694080103220885,-0.17273793876939764,0.13550982630304687,0.195327721542422,0.007678543367013362,-0.24904322402943777,0.0193199188685238,0.1242358280670677,0.1950097179055612,0.16755337053841574,0.32297437617663144,0.020202537247542136,-0.08308941698900676,-0.09114979857268468,-0.2053084022581003,-0.04832328511840769,0.17950544413060956,-0.0008827418796893508,-0.02166211827734503,0.21695258109874554,0.19583718723686727,-0.03322381388909473,-0.1774634746454782,-0.055218038900277835,-0.15690721314357106,-0.07450730971053657,0.2152763207038425,0.016525613950713808,0.23606825366510042,0.03720508584296313,0.04475343935795442,0.01791468758973251,-0.0073515351590512585,-0.11957581865262612,0.025681308653527062,-0.05369297185129383,0.009646504725630096,-0.12184649912407441,0.015273724521122186,0.05692972030905211,-0.12209991258939147,-0.06729825095365137,0.25587918964099615,0.07025701863196307,0.0848778223384832,0.0906541523730362,-0.18025016282476866,-0.15697148612171763,-0.07096531506874501,0.10057495421937455,-0.10677133412426548,0.17984950752963708,0.11704200208579157,0.112342518682567,0.017871051506326507,-0.14886565116215264,-0.162090139575199,0.1297477168463146,0.1288750748498685,-0.2063130460129037,-0.20658506741781152,0.15775178538578838,0.02217085799338546,0.1024079187522126,-0.0903877097964431,-0.2661608567705137,-0.019148219282410076,-0.03143185843723248,-0.1388573075400457,0.03788622737984218,0.025928315023403262,-0.2626329886663298,-0.20612298291940256,0.007833041014777588,0.16903145255783725,0.055607664302454354,0.20202428427117475,0.023566291728416743,-0.08338788338214737,0.17870357766104422,-0.2867467170645898,-0.14489862881731183,-0.09725906869875138,0.09214813544964821,-0.09985766332466689,-0.17141589960966064,-0.04822822193163818,-0.057965688143749236,0.1312695042294754,0.054927180787434055,-0.20564958799119049,0.06340874604275623,0.1996708852338298,-0.21234943899860834,-0.10112761400288837,-0.028678820297068967,0.06353598982132065
Korsel Yakini Pasien Corona yang Positif Usai Sembuh Tak Lagi Tularkan COVID-19,health,0.32012500620390444,-0.02699136950994558,0.43337020748017085,0.30648873224573264,-0.10354162685712179,0.588407346539025,0.2819962336238493,-0.029446070664755564,-0.5183855993237706,0.24025704309475543,-0.10219524806911866,0.16496304030809558,0.13884573692306926,0.5217929270419119,-0.3252301460061341,-0.1518149223233847,0.03371555459470599,-0.3816960757008917,0.14623963312204488,0.08473607089768107,0.49294346882234186,-0.20257395101535286,-0.031227753682215788,0.22133695824597668,0.09508226203979023,-0.06512840653812581,-0.24402298016200968,-0.5859514580070359,-0.42008786095576456,0.21628306402665332,0.015113975673212626,0.5427657202876264,-0.17482309011443592,-0.13788775247393845,-0.242878947173815,-0.5726871080450946,-0.2880503031051936,-0.1692796340132016,-0.0014805500414857315,-0.060961001346886014,-0.09993570060499897,0.23762549404733116,0.2415384843650057,-0.23262784142410214,0.233409280584774,0.3978844029126839,-0.053583483481476124,-0.06499309294992518,0.06308734113132494,-0.3936378507375454,-0.14892240835188048,-0.016389262000622386,0.10802164810515531,-0.09399945776112718,-0.15774220237006903,0.33371705843463395,0.1645240050971904,0.39264559910760505,-0.33653480440661304,-0.16987172053512314,0.1419867502856148,0.07596415649043597,-0.32947565422184544,-0.40045801909109013,0.18320794725649603,-0.03370923451161066,0.18500662106647187,0.31102612503037763,-0.6651572240614851,0.2505457697535263,-0.4196695939376699,-0.10341750249150279,-0.01229249402161518,0.07855960533002797,-0.6439625934537684,-0.39290479075482404,-0.09611950196430458,0.2821292370861129,0.23481008314816737,0.20024253034235145,0.12893100169710786,-0.05566984115793087,0.19924420475574312,-0.3188578251724851,-0.0655556894582082,-0.03463347140162972,0.09762199304840588,-0.1797232969837416,0.07748928419115915,-0.028308452094234233,-0.14016894621965517,0.04484648434395751,-0.27807670237709603,-0.3534756156908816,-0.18429597008412515,-0.011310821883973822,-0.11922378697787914,-0.42478707659523474,-0.39556308746456287,0.2842486437258165
"Jalani Karantina di Hotel Bintang Lima, Wanita Ini Malah Merasa Depresi",health,0.0350825934388806,0.06789561836465784,0.05405991754961103,0.08676945605284535,-0.26219844217477156,0.08492457793691269,0.27326081651540135,0.05026286852657761,-0.12365468802250791,0.00981886144528194,0.11742539698281,0.2514396889295967,0.19025044305520944,0.1776758846658243,0.03417701266168849,-0.2146261591806504,-0.09971658143433092,-0.20885165722262833,0.033448374922400895,0.05282108392913445,-0.08834126015868378,-0.058628199075802696,0.298252749881432,0.20096789578360197,0.20027138137856682,-0.21644530893027408,-0.03820542175928748,-0.22109230685477563,0.05253007509405042,0.23220288943607661,0.044881898386175255,0.20347443322758807,-0.06465477722322453,0.06296747362900229,0.017960299813061024,0.007347613640250431,-0.21777627586949758,0.029669622284735162,-0.0483938198466413,0.1349720244442473,-0.007124741309013676,-0.06057325657929824,0.0936640933970996,-0.08879547241215942,-0.05735807907517649,0.29607317014646145,0.024030623525365336,0.04934921120274669,0.11591387436529946,-0.010385015907367191,-0.2941182865890118,-0.10865027012804684,0.019612112087798436,-0.05717216323188003,0.16413808530482,0.027295989942012672,0.03323477398892182,0.06768494697258427,-0.21222678554805216,-0.24109897622209708,0.10290212815725669,0.10483351812913183,-0.1606943568257309,-0.11834086000160839,0.15728713756907317,0.005309779172537167,0.10289949678707244,-0.13275464750665666,-0.24761415761560984,-0.054816890073092414,-0.005138065117026354,-0.06610941892985475,0.10088528172402228,-0.07290798410963015,-0.16962229460594402,-0.20420224922588773,-0.040243654747331194,0.019090228117233456,0.008236781899530362,0.24177243635854126,-0.04681336536307702,-0.07416845266906323,0.10767514204090704,-0.2836625050237068,-0.15600669163388767,-0.20613315508902963,0.19781423343236565,-0.09285347089616647,-0.08439603559376946,-0.10471414802107137,-0.06842279697857634,0.23156847689507817,0.0369923122828562,-0.16730640134729147,0.13393520079150834,0.1661795685122283,-0.27412263414174004,-0.14494246808564729,-0.02013831902324072,0.09077010205008566
"13 Negara Terjangkit Virus Korona, Pasien Pertama yang Sembuh di Wuhan",health,0.4667684346032959,0.11435661466404426,0.36531740042781013,0.35898126064945163,0.008045333319507776,0.6987363960366476,0.3137580339690359,-0.14633946371319437,-0.585135709533187,0.310061804689949,-0.09647010846413875,0.10091843824410329,0.03387995940503486,0.5368333925910562,-0.3874348028520351,-0.10050268475880283,0.17894536626455218,-0.2690499470096279,0.19750064743925902,0.014640788421091783,0.48427411684258287,-0.14498097829032489,-0.0229263998594723,0.2097151943292377,0.020000835565081164,-0.13296416192063,-0.17379961982359637,-0.662399105805399,-0.6399569309679107,0.2917401629222432,0.06824119883211612,0.7339692884237681,-0.05864644586236668,-0.13793033266662175,-0.18938099954089732,-0.6982817566425492,-0.24799226130111543,-0.17675676794738865,0.06985397690753636,-0.025904314903407683,-0.08962678461844889,0.24514449573058947,0.17184841600044554,-0.17942864828899885,0.31105289112315443,0.3501740345990844,-0.196805543242577,0.03606796578770695,0.07021795557487358,-0.6863440786681496,-0.02488393246055854,0.028934324405903728,0.16511135107109481,-0.09747264074330747,-0.06774990795978833,0.3207641307613197,0.17653990025845095,0.3090967762767605,-0.1691788568046908,-0.09439126979590722,-0.004705619615287366,0.11940275137372043,-0.17689308748642413,-0.36748412948787795,0.09860081076216826,0.07759711907058046,0.22331991732327908,0.4182032764710799,-0.6475417980109698,0.3624850445164202,-0.41018338809913196,-0.14411480747688166,0.10917495087473023,0.044898344560672626,-0.6725581545328931,-0.6025138506873609,-0.1653689295587148,0.4615549345324557,0.22443320856589655,0.30814070398620214,0.27924936833776315,0.07733875307739779,0.31156539728245847,-0.5090236707998224,-0.18969207485288483,-0.11427955839119575,0.014865769726653395,-0.20558716453745424,-0.08714979701611839,-0.039056060442763926,-0.17977859476348015,0.1271627276204541,-0.28887840305686,-0.18918913464129639,-0.2716168565529114,-0.045243328601602135,-0.06256368567537524,-0.17926270634620145,-0.4911730075995727,0.27207809863693616
"Lockdown 15 Hari, Prancis Umumkan 'Perang' Lawan Virus Corona",health,0.39994504327840796,0.055577818208888956,0.2751931896211266,0.2981587079240996,-0.1980527058668316,0.47601164944927715,0.12746895800769675,0.04669315481868316,-0.45407665195922964,0.17187173627654762,-0.22171736901125322,0.15446990475123984,0.06373460290261927,0.3514326495976342,-0.22086953396023024,-0.0883582989258517,0.23197778594796714,-0.3180745941400604,0.21839195660816355,0.04295359089431474,0.5122395010936287,-0.15635022932683956,0.024904185757474828,0.2974426983140866,0.15246673499291058,-0.1790213420402766,-0.17478990832483432,-0.5213678129664906,-0.4184511799850597,0.15830858651685462,0.03599176468075852,0.5509836989870126,-0.1274853523062372,-0.17400141238850456,-0.10885118377005176,-0.5471438737227633,-0.24952440110641483,-0.06035261626668932,-0.041733772167773325,-0.04951787127357992,-0.23550136050608717,0.3598581893821523,0.246671940235133,-0.15722396488259904,0.27160365374133744,0.2656772559632443,-0.21399516971436683,-0.146869910136543,0.10654176869890579,-0.5444144946000468,-0.12148940478104263,-0.06895490078334394,0.1927718523827322,0.010056637680652881,-0.050504977423837506,0.35709979312006507,0.10974497733657315,0.24152091347760002,-0.32715097003044025,-0.18478741406220334,-0.02438099283447165,0.11463374475001506,-0.16467540226634791,-0.12541167106515083,0.13131934239537185,-0.08833951553221066,0.06970463106216208,0.10941432924480321,-0.5553092739298131,0.20441027950221863,-0.424332396423704,-0.19722517831507885,0.15399706659887819,0.0156759991910128,-0.5780158595632947,-0.431569475596591,-0.25047929373609484,0.3586488288988047,0.1298062853092,0.21822648771553604,0.1970719199585833,0.021816010333576535,0.23136338922467398,-0.3534310322731243,-0.1420036357115405,-0.2074985753453045,0.06934856470784197,-0.019215294568390245,-0.03808510936289816,-0.06456062519739288,-0.23806065080469768,0.06505835658952581,-0.23168154834225863,-0.14994673948453113,-0.2801222330727087,-0.022899624326877994,0.03022304795845298,-0.2589545464350147,-0.43982449840826887,0.3400932865071211
"Viral 2 Suspek Corona di Klaten, Dinkes Pastikan Hoax",health,0.35299243497018085,0.006240274247530742,0.3561736767085435,0.25350215461736497,-0.17589224189184857,0.3710830160739859,0.16711818194008846,-0.0592334936009584,-0.4010991552775614,0.10152966181329051,-0.15131851444960048,0.16058186964950202,-0.07465869035688769,0.4375702896395904,-0.22436256582443034,-0.17260793148515605,0.15504958045074588,-0.32220550843069046,0.19327747890651673,0.04704794120264223,0.5424608821588425,-0.16603373384169212,0.024692721328376833,0.31280687583470573,0.054227454040875846,-0.04695633365025341,-0.08432189836959436,-0.4037860411735204,-0.3894605001245071,0.007745169885885408,0.1336299665243374,0.3863488108264623,-0.01426214593255891,-0.06436141779442593,-0.10693675929375364,-0.43087192362732935,-0.20098511663346708,-0.0377315784870639,-0.10241256122350169,-0.04143220819717357,-0.20050494946418662,0.34799635937118484,0.22715522800452975,-0.0930979567755941,0.24143222265539718,0.31859066198586905,-0.1580081685249172,-0.04388726754083104,0.06267382213622823,-0.4839246558499376,-0.04723321241267383,-0.15924606201467326,0.293609399806101,0.049295220777284335,-0.09105889991927363,0.31595412768030984,0.23425801064805535,0.13799246870012594,-0.2109902994636712,-0.13478483472134112,0.17879521596499331,0.09944539819115583,-0.14300725891281324,-0.13985178716924368,0.1407017588600738,-0.05855792036095012,0.011880711729791585,0.13748523366797033,-0.5508606261856067,0.14404624043063124,-0.43147025507840153,-0.09082543152552634,0.11999683193065507,0.050884207028631674,-0.4719132303542027,-0.42093216027880126,-0.12807937300104727,0.2517438973361285,0.11754451372867092,0.1355840359020468,0.13600964591127504,0.016415303615621407,0.24888346636347158,-0.29971647734599843,-0.12046412072749338,-0.039333319245311436,0.05969804730139589,0.0481652129117961,-0.1256134324495909,-0.05300644202941518,-0.19007557378850212,0.05456958111520372,-0.19604233048438435,-0.2517639839934667,-0.21709104078468072,0.14105134762770022,-0.023988931795749704,-0.23379546437995033,-0.3030223260015668,0.3108721494262162
3 Cara Meminimalkan Stigma Negatif Soal Corona,health,0.08573918739763726,0.0030972266868678857,0.37955234256842835,0.17943319540459746,-0.10389127327439668,0.30287289107288196,0.1898949598830064,0.0930361118760195,-0.32729893220904743,0.12991038784098732,-0.05219988750679124,0.27351192421148335,0.23384380306955946,0.2338244140416578,-0.040930192065282346,-0.13824213469601895,0.042563731037970044,-0.4005720823544617,0.1072898644827096,0.08801141488468063,0.39229617360782404,-0.12764206171676698,0.016223625414507142,0.2871637451471096,0.08875256875814656,-0.07857419570822335,-0.11616210593252929,-0.4141107242579589,-0.29610408472973254,0.09803917706609112,0.03820075428118445,0.29193782137031615,-0.031007230325996848,-0.08696233819865,-0.09623357348886263,-0.3557592057185411,-0.3002294203537512,-0.0793612640245484,-0.03923578183419584,0.026991539901885714,-0.17698731473041676,0.19329907448718,0.14605283214652026,-0.11565587866233933,0.16690579224082588,0.33777699757934004,-0.04236580335012099,-0.14393632236912945,0.14894187597092895,-0.3129624115984126,-0.15369686065001853,-0.11793479577562797,0.14539334832393,0.0028014212342173197,0.13030440235325183,0.2609434086337566,0.16992743910718744,0.2777808944853794,-0.34443827404838473,-0.3796969481649599,0.16578084909211996,0.06875803310056007,-0.1671132887343363,-0.23450598668619763,0.09337700955810198,0.0009217652115169062,0.09420394921206982,-0.029896469940552183,-0.5178387834794832,0.1795400560473083,-0.2096468508234197,-0.11017064192514354,0.06930176076114673,-0.005315386875125209,-0.3335739212862872,-0.40144398698242995,-0.17612600492536623,0.19929683081573535,0.16235909306369314,0.10859452091366527,0.12261155932282768,-0.0727605771170462,0.2552991319637036,-0.1302039842710439,-0.11007307892845138,-0.12645582363042793,0.11094486429463034,-0.00790736920386557,-0.031132790998992077,-0.07757199501341572,-0.06344112940335617,0.09523939003427156,-0.12156359338155172,-0.392515114377819,-0.1686041412243805,0.08478567343644176,-0.158601008241851,-0.38604224062357445,-0.2692653774890521,0.24669900914885012
"Kenali Alkylglycerols, Zat Ampuh Perkuat Imunitas Tubuh",health,0.14757546191672843,0.13797371793933935,0.17094298845285055,0.30339556370325166,0.006456693200238783,0.14947317746453032,0.13064899787512593,-0.05294670027861081,-0.26455026430229045,0.18403163910945672,0.0619602877423895,0.24197718300432106,0.08313618739366233,0.32756523739349686,-0.15032415942693111,-0.22066669063601826,0.21889472826975767,-0.16303225899432258,0.0033853214624386375,0.022936055613970125,0.20166338882502677,-0.044870144153807974,-0.0766614519837627,0.2901999700059748,-0.09652742322077752,-0.12001393299956108,0.007143804437951041,-0.3172683090618525,-0.2784669396489246,0.09612599145778677,0.012009618502718283,0.26987958571566945,-0.06301643801943053,-0.06093521215560431,0.008838760357291054,-0.29783557041420355,-0.2001457832149789,-0.053657721534400404,-0.07511484082249495,0.08038561096591328,-0.10706278156317069,0.13226412730235065,0.01805356430728239,0.04344184468910702,0.10705745052107438,0.26879334051601766,-0.14616981776673696,-0.018092394108517595,0.22506862870549624,-0.46749804490733765,-0.05141656424408937,-0.09083497687214392,0.14187257009186832,-0.02657259772584044,-0.06268273368900436,0.05170938687355161,0.10541952018539379,0.21796794142675327,-0.146995573412426,-0.008761193821026159,0.007122059541625388,0.1395145603227911,-0.04847302333598179,-0.16457542412362322,0.03470902969077081,0.05736354450100267,0.1324456369464539,0.12908578455568023,-0.42336648596713217,0.0937853531093931,0.04340388782550637,-0.11278236828339123,0.15698421361494722,-0.20747912921322703,-0.3193823470779341,-0.4926687149783028,-0.2651121688518431,0.09850042410868655,0.15751020183668216,0.21200943227058736,0.13307135573542045,0.0750608666633388,0.20453423186022338,-0.35048175030944473,-0.13434215802832059,-0.03092325415967177,-0.0683697101198739,0.1063128923573468,-0.032711391790237535,-0.12036789451985612,0.05484869016211127,0.03387118791549643,-0.1473595856381523,-0.0905726243012417,-0.1942714421642766,0.16991476063893068,-0.24662732726735279,-0.16263092222670802,-0.1475099976491556,0.17667281621454548
Ratusan Orang di Ghana Disebut Tertular Corona dari Seorang Pekerja Pabrik,health,0.343316479574569,-0.08777494328411828,0.40539496899203725,0.19691358863468783,-0.09886621142324346,0.4013307450200781,0.2509106301159564,-0.12532052599669907,-0.43937710083372433,0.2027010075048301,0.012106052721670889,0.29093507140152075,0.19374443203524178,0.4163548632188252,-0.23681958800469335,-0.08496798804059141,0.08716337692221875,-0.3182002252703506,0.23707596497599676,0.01637269055636597,0.4409598250305225,-0.1437314586081961,0.032274175705893506,0.21839278708088927,0.012881544739113224,-0.05700931478660163,-0.18693548767799925,-0.4728890872886431,-0.41720694979006095,0.04642137219143166,0.07787112006020182,0.4842988766974969,-0.08100484023176176,-0.18784996231351592,-0.23278777107404,-0.6128002222534426,-0.316043722180219,-0.1269051338809746,0.02560323324311826,-0.005625934706016432,-0.08865865030477127,0.08726321216295457,0.09242315410170349,-0.22629363714891246,0.18763103473562287,0.2936961563238816,-0.1269126481175017,-0.06767108572420709,0.14385800956914513,-0.3376996418185368,-0.0266440674108161,-0.1034925005513134,0.14038805523070458,0.06647705360753173,-0.13718215775020695,0.3389373842191131,0.13897196382045443,0.2691993078063829,-0.21817536312088287,-0.21806704843909197,0.026337779172411955,0.17885461595752017,-0.24046096960366625,-0.05910223134796235,0.05579316488349119,0.011993183407166392,0.13194376819770745,0.12310480145311944,-0.4946402813464548,0.21755093765473876,-0.23228878606574518,-0.15391298075047224,-0.029521633988678443,-0.014961091889138047,-0.3975774635766597,-0.3449486392534567,-0.17442477414658503,0.32828748852553885,0.16863123116067602,0.07952967704040055,0.1901339204737377,-0.028138149177939827,0.21371920894638768,-0.2953968372893462,-0.15966015420352375,-0.14217729191499195,0.08506077891821891,-0.06583729402765212,0.08569073320817176,-0.04285788238565795,-0.16845521047396977,0.10461780742763402,-0.21941860554123016,-0.20320730153440106,-0.2514146914642987,-0.01222645786303431,-0.07966794348827892,-0.40511875676776754,-0.3578265466948015,0.25986013818641324
Sebagian Pasien Corona Dilaporkan Mengalami Gejala Penyakit Saraf,health,0.1345762277664736,0.07887541994192084,0.39877986945729266,0.217294352705551,-0.036083628651556114,0.36495149254118,0.26038586108226625,0.018377289893953187,-0.3537990443677152,0.1947848449767241,0.02543854727591148,0.2746941547309012,0.10505334953130005,0.34992724865292973,-0.2202565990221692,-0.26121128375868297,0.1462549295609253,-0.39085657612572045,0.1535976256094506,-0.07513542183349761,0.3737230718233545,-0.06691334399458244,-0.010380021790781317,0.2693597538915034,0.01571729893404836,0.009378797213510814,-0.05225462774333535,-0.43816517193611393,-0.4224282234255007,0.13579743350314546,0.20300743615571593,0.36820922530505784,-0.04600954426592015,-0.10334225928356602,-0.09585189023497681,-0.47919355368066563,-0.3933010743685553,-0.062376522645424703,-0.014998669346204231,0.03758124614290032,-0.17423168472235076,0.12143558312573617,0.033746641990057925,-0.08473452388542915,0.27491924638353044,0.3775269768499838,-0.08790184116283983,0.007127873179771417,0.1909943055515164,-0.4880279789762146,-0.11593641548651473,-0.11784637104283543,0.25069394130436495,-0.01952152413155633,-0.07015902193608785,0.1285692842269358,0.22042281843350114,0.3851721226455716,-0.21618581130602238,-0.15996037450973283,0.14856384422918634,-0.06539814142448425,-0.01991664749814056,-0.2392128113819822,0.10095823516016053,0.08214035803390152,0.13841216064941864,0.21352787659749678,-0.47797634973846476,0.1765151323091709,-0.1471580099834901,-0.06974991427687643,0.1305847412436887,-0.19175358442384757,-0.5179320497325578,-0.40778848928209394,-0.3761426943695198,0.13643936417546135,0.0699469699535035,0.25884249638441215,0.15027139045522878,0.052353088430397716,0.32189313674646447,-0.4167102622401286,-0.22773228389095565,-0.13492963550398432,0.023130545725798618,0.07767540125702223,-0.10940090467621995,0.04708674299390233,-0.07068725317906902,0.1615159609847217,-0.23081074427636103,-0.24503944938771102,-0.2791661791965259,-0.0010482172214581371,-0.19918021702460748,-0.3081900607530942,-0.3615316105863597,0.2738560496651273
"Dear Wanita, Ini 6 Arti Warna Darah saat Menstruasi",health,0.18798980657696174,0.08705134653207053,0.16196690074591194,0.16702526134067822,-0.11201068463466997,0.24548020274901758,0.19896293512111995,-0.03190730167818877,-0.29302165114586337,0.025733374840185647,0.05953370461193944,0.13283331994028655,0.06141248625807311,0.25839592293741975,-0.08740640117410463,-0.18383230929228442,-0.019947693276256298,-0.15849850423739834,0.06578646181997722,-0.010753423540196089,0.07795034023530877,-0.11010807110242353,0.13611740918007503,0.18773422878939874,0.07687595461309606,-0.10656724510272125,-0.032917616390174965,-0.2763301067542058,-0.23727845996396502,0.17562396962759866,0.08124026909278874,0.21302122085161232,-0.07463494545233618,0.004672944360317031,-0.06127218394028754,-0.1763182377114292,-0.21435740651927618,-0.03145852387744441,-0.07212161700120566,0.12311481379616081,-0.010293584392956663,0.008657524389529367,0.09752203252423651,-0.11182637409399075,0.03939514184544738,0.23017455954928637,-0.013261482016271859,-0.020220092275590306,0.09083501183366349,-0.21840305620872016,-0.11384627417594419,-0.050238769288845984,0.10685985660110021,-0.07964371013624459,0.02338670188990895,0.13180316579008525,0.0732810971053585,0.09812017674225147,-0.0745621251688056,-0.12984420121541893,0.09785273690614772,0.12966477207676597,-0.15070946014034609,-0.16908701331373077,0.06757367598714813,0.007918538467638047,0.08201493158102917,0.10081130292600571,-0.32745346733741104,0.07209005678133486,-0.1185528749724734,-0.008994294607062287,0.07864593991912618,-0.05752030694947171,-0.27743751741855716,-0.2760525120895408,-5.869822579401598e-05,0.11759792263199682,0.07816578071884654,0.18662965410009,0.04813713374896054,-0.032747342633086256,0.11268624889038785,-0.25982993941385435,-0.18138006775903995,-0.10414837044769783,0.08602464243381525,-0.026556568650655338,-0.10103027577056622,-0.0659790954207224,-0.07469019199027864,0.10907837223047034,-0.025003648210455726,-0.1476817491927283,0.020010494356042362,0.10440063390201759,-0.1025826029404255,-0.19876719648699018,-0.09199353887835827,0.11047343931491965
Sakit di 3 Bagian Tubuh Ini? Waspada Sakit Jantung!,health,-0.022525020337508615,0.17905585940512606,0.21050399276846218,0.26435824210097525,0.0341722281566885,0.1490571069830018,0.2086082227810869,-0.016793151854316245,-0.21212690798063885,0.2541864168890942,0.18982326274240122,0.3260172230197545,0.16052551290427539,0.3214750862014156,-0.15969935524598503,-0.2935639974577505,0.268281652506591,-0.36948099100435156,0.07630215874891384,-0.09767694173438589,0.19528737087821813,0.10963104055223133,-0.09990316475225725,0.3948453985043467,-0.1571377533949928,-0.00937797991227044,0.0982641150918957,-0.3524944937364913,-0.3585731937716212,0.1090506178348578,0.09742344138784038,0.2040040315192478,-0.047928362416983845,-0.09865739625367835,0.06140353987574437,-0.3179393912145357,-0.373334333016254,-0.029027684918575936,-0.03978036604176674,0.025263095279048936,-0.2893274046609996,0.04687244248935007,-0.08449472823252659,0.013556876726065384,0.21221784381774003,0.34635991787381776,-0.1005847815345438,0.028148980055383455,0.35165250399773007,-0.4940523440346851,-0.11327835616862414,-0.092621274873126,0.2398775310981355,-0.02023355782314964,-0.06361408547307008,-0.03461322800382544,0.20142930428540742,0.43124259505332924,-0.21663711969712315,0.012705996201235296,0.08652035302602919,-0.04085295057118258,0.072480615519834,-0.2457677414396585,0.03136727429208411,0.06524400899921955,0.1613916060069769,0.21561036574304548,-0.40498892485919735,0.10099148026885124,0.13489789117103365,-0.0728794053933771,0.24172501814542294,-0.30805504912862,-0.4496749736459145,-0.499493386318317,-0.5130105473420873,0.01747436608355718,0.10805321079300617,0.256511383681102,0.1204522861083972,0.06090607239670622,0.298001016031985,-0.4497142543374699,-0.17902434548767418,-0.09176949181321907,-0.057005847658079034,0.21506149472518957,-0.053128775927108525,0.0660055262255128,0.11695342343659541,0.1325159203593761,-0.23206721870863334,-0.19518633168036462,-0.30195489127615843,0.10315824941867928,-0.36736149959513315,-0.20760141740960178,-0.22796460368027674,0.2027252524895726
Pemerintah Ingatkan Pembawa Virus Corona Tak Selalu Tampak Sakit,health,0.25880514603767973,0.06101232990559789,0.28336101538473035,0.3260385991290299,-0.14656967641605478,0.44200166737786895,0.1927759085248605,0.0998942308730242,-0.39516874190512286,0.1920936692390971,-0.0987776500275551,0.1742759521921674,0.15672996160712743,0.4045213896290998,-0.2130118266940616,-0.1661419230807028,0.15914520468337076,-0.3686716640331218,0.1957795516283078,0.08184416900763326,0.4000998753725936,-0.1100883220236071,0.0005632378586651263,0.3079835200164007,0.08916319684712358,-0.18046123910906692,-0.1406295729875789,-0.5340162387460601,-0.378262744787491,0.18075863386724264,0.0046116337025110775,0.428731908383607,-0.18831093011350347,-0.18920052382014924,-0.13479465767001264,-0.4812776771917485,-0.2717317006201184,-0.09333610517200061,-0.07234212351189125,-0.07904065854367197,-0.26724841611754163,0.25288659177602063,0.21925197589937379,-0.1885232412550042,0.24434146972461473,0.33176722733585673,-0.1512579841895406,-0.1278263278975257,0.15794741825863878,-0.4163228630277,-0.15795253259875328,-0.052252670205919616,0.13688503555003914,0.011389299039971875,-0.06788453895094816,0.3113465364579462,0.030118305602259293,0.347624156601106,-0.3978267378806544,-0.19760344272838848,0.050597405813536,0.03665360522585428,-0.17924957383012313,-0.23835913593958016,0.16636186666673078,-0.1183949699961688,0.14384228460446788,0.09256674601545131,-0.540101569816628,0.17566055117016835,-0.32964646361972016,-0.17369276881642307,0.140924123050226,-0.006896827023268727,-0.5595195942273146,-0.3546672655783282,-0.2626949420827558,0.24642614205549812,0.2362697712648928,0.2937419331898016,0.13784100661863535,0.015280381441639715,0.1882166680697135,-0.3234015759268294,-0.085892639912795,-0.1406092734632224,0.09812851338257608,-0.07122769589935134,0.0543599594568763,0.0013760310027571153,-0.11664932934963251,0.005060732427615455,-0.23877767232243588,-0.24858313359010686,-0.3201259228729014,-0.008618954331794668,-0.15677008195120426,-0.33334523518707404,-0.3923536039193864,0.3005798254763037
5 Penyebab Rambut Beruban di Usia Muda,health,0.32229401952164277,0.24290624859596993,0.07688067648427989,0.2096675945177556,-0.1407784730916751,0.11280706029699791,0.15475439526544116,0.012266968033343173,-0.3801130687223659,-0.10826500935487049,0.07628080420810741,0.10028106096519765,0.05217305176168687,0.33923606018219987,-0.05139282228879316,-0.2698269054156433,-0.007003932921565268,-0.10126389676154761,0.004672646251443119,0.08552347659258827,-0.01630741487578554,-0.07974673853249833,0.1399412823155985,0.33350318291999365,0.016058169810844253,-0.13130684204670234,0.09558537768256314,-0.14647771856720176,-0.181191352416451,0.11285892919141523,0.1347414604513641,0.11873414166697824,-0.013623862967526896,0.10092155883124185,0.01230103781563201,-0.09203229646949929,-0.07400987063360677,0.03280632251343352,-0.18745807941310227,0.12157556197573091,-0.16369647934930825,0.031320062439190464,0.05570289362711546,-0.1438971444157169,-0.00607025155438311,0.23876822244313484,-0.12278008863403053,0.002867401885817514,-0.0029750223595106985,-0.2470208139511457,-0.0739835829819809,-0.029775324702357324,0.21378771524310194,-0.07863302506873762,-0.0228222462888698,0.09110010487700779,0.10233887079241985,-0.041091621692782,-0.09734912808651933,0.02707993955555436,0.1308046416557716,0.2007453438792961,-0.1404743003329722,-0.1174560365072858,0.10619116914280644,-0.006498594652632158,0.06259598372514258,-0.06579025789365475,-0.2544152465226149,-0.06368686662920701,-0.019348961845932496,-0.08521416793135277,0.0790886827132305,-0.05388248650345103,-0.25950417237313483,-0.39064345434646974,0.02977282664014822,0.13916792458365246,0.018462969776432876,0.27740596523555655,-0.009631303045039442,-0.009095266031366008,0.10494390177821573,-0.4032276883913271,-0.20385574872954476,-0.03832346568923243,0.03467248984391419,0.025191391328363583,-0.19071472742253487,-0.09680585447426032,-0.04358393955055597,0.02538369054363815,0.00554128701437192,-0.09933459692770878,0.04797658240908499,0.24846545638018167,-0.09461796889706496,-0.018920712648587315,0.08924059352778828,0.14794054358348677
Ribuan Masker N95 di AS Didekontaminasi untuk Dipakai Kembali,health,-0.020669979461696835,0.0650477375411159,0.03220322360440334,0.25561639971610245,-0.13289129684516057,0.20736455149385477,0.4058352998898579,-0.001218717839572847,-0.4225418939060145,-0.057283323366790186,0.3509794408451551,0.40714394961057343,0.5931880411280248,0.3764891049837996,0.18529432274527288,-0.03815755205904177,-0.3930546503876406,-0.28218212546295013,-0.1652181733101191,0.19400630837528982,-0.12674336995030955,0.07113176997528325,0.3760876719397504,0.1535418814292772,-0.159869511745056,-0.2866530074301112,-0.08853495319850269,-0.13079498475698997,-0.010843085378707892,0.40758727706318415,0.05360897770821667,0.3700732518256034,0.15850386729991406,0.06266442416989249,0.14112863582744972,-0.000292290925945915,-0.2258671970424743,-0.1277532121886218,0.20427255891082644,0.12765704198167424,-0.178566838159685,-0.22283475910297232,-0.07092739794934995,-0.29488854779117984,-0.12144827017499937,0.34652972363881873,0.15200040739083936,0.4200545985457401,0.20579620502603246,-0.10352445450002219,-0.16639157763766305,-0.12158685172851787,-0.11380791446050205,-0.2804025812275485,0.5763983438925898,0.04607775713963656,0.23401613100110316,0.10862175270828656,-0.15276318734045188,-0.41480493401406804,0.19029655124935477,0.18308194272556516,-0.430221112601809,-0.5602128463300337,0.1354630978358577,0.4032320597711573,0.4691744428256559,-0.14022405982283312,-0.15840782881125276,0.09142854346546417,0.1524768125006919,-0.1340884983954354,-0.14136744247339253,0.22402101608037156,-0.2856843264765181,-0.10557644353958928,0.03510733414183209,0.20670821606851947,0.08896299086655282,0.28324018231744386,0.007454279254698481,0.1509258944306457,0.4485729187053444,-0.4130189628531289,-0.23438136712463545,0.0469114512148566,0.15163347332814317,-0.4278709484884013,-0.2335257543504071,-0.17041230564790832,-0.049133069430065665,0.3805259647738497,0.1355240579300238,-0.26684093202773845,0.18050646035817874,0.041276958789454254,-0.24419971288405112,-0.13973610586726895,-0.0009668430790395616,-0.08111878458193882
110 Negara Desak WHO Investigasi Asal-Usul Virus Corona,health,0.43504982820071214,0.05445574302214428,0.38506425345814627,0.2981599868632322,-0.10391024519040139,0.573464808290724,0.20529013914896127,-0.08248429744321192,-0.4973052334958005,0.205896174625257,-0.19372777101270197,0.11498608695639595,0.06818034398088835,0.4051435148972086,-0.25306324400691593,-0.01942532134865424,0.18901580476019536,-0.32380165985637677,0.29602785882859195,-0.00567249948622113,0.6163554573223282,-0.16034937978290312,0.03938714170871761,0.23334952030757794,0.09590717783425479,-0.18112648935633396,-0.22092052399879036,-0.6042698091563667,-0.449139640830527,0.15725348112728046,0.03660267481188697,0.70144085428253,-0.06572835113474573,-0.22861679397842824,-0.19595509790896776,-0.7347424238898419,-0.24903132200200995,-0.11637910404919836,0.02741093269992454,-0.05350343622456497,-0.16365070849276922,0.35080685080793766,0.15482599700693034,-0.13543479367509773,0.3290950107515161,0.370397494165816,-0.24655754455924112,-0.06639946644890264,0.11827726961374299,-0.5442963053222829,-0.05782460121151325,-0.08637074380587612,0.1684919540727856,0.05922533306193991,-0.03392595515576507,0.4543773633784721,0.11618000353262418,0.2888470275071754,-0.2705112134145793,-0.2736003300053625,-0.038374597000422006,0.12966445969622817,-0.17412140787936536,-0.18556307858372062,0.11864696182211792,-0.02415243379623141,0.15940735856251065,0.12374611021096754,-0.5669936002146958,0.343493846027678,-0.4739028617290905,-0.1952363399575136,0.12560300012556977,0.057103187313781764,-0.5269418767943208,-0.4277385205638483,-0.26999131436436585,0.4056476903056631,0.14655799378810577,0.25258930336572666,0.2701442847602463,0.09096651528842666,0.24228605515471893,-0.3851706664098189,-0.2082090156007575,-0.1988736605835294,0.07406658164245325,-0.12956074054948552,-0.02745425250676646,-0.0772672499642286,-0.21451490770854031,0.10532614597314177,-0.2230171932961324,-0.18807388563127836,-0.3192175397462934,-0.0976481842688886,-0.03484968825135518,-0.3167862032966926,-0.5173423497615874,0.3210292154923516
5 Cara Cegah Gangguan Pencernaan Saat Puasa,health,0.11516001972828209,0.037664487513675,0.2977745255312102,0.3594723286319898,-0.04942730576265998,0.2987550974826346,0.21149194624215267,-0.13846382032007487,-0.31992243659475106,0.16567847100081373,0.02785792982098671,0.22330898279219258,0.10426662073767627,0.26625356029829017,-0.1605324078061922,-0.1752881182788723,0.07990801603189905,-0.16975439391359273,0.10168459119701308,0.030479631453557577,0.25446937650571827,-0.08176073002893673,-0.12231794842643733,0.17699552852195824,-0.04078541169927961,-0.18424636144126133,-0.08279449697365404,-0.3971842826342885,-0.35500348251856295,0.07867819040950078,0.05886675129695723,0.3378479220891673,-0.0010360859560497873,0.04535630965280679,0.009435926642911149,-0.3928717934048401,-0.1792727351323587,-0.09755631629967829,-0.025134491023270984,0.06372853252150433,-0.09034414271585349,0.11626421875371681,0.12534049713714843,0.025642251464025025,0.10947039510927828,0.23946384058046893,-0.10953849455608684,0.025044505567850685,0.12304463073444812,-0.38722644290670083,0.02901260769179103,-0.08717709198306924,0.0969847836827463,0.002893026957520492,-0.042204321626579964,0.16029064701082812,0.12873599587462917,0.1777402392955593,-0.1488587443293873,-0.10972972776600205,0.039609978305736496,0.20140678924690017,-0.22380552175923749,-0.2534833035787208,0.036628571682501984,0.03670908003317545,0.22512260427717345,0.11845884731544257,-0.3972252774844443,0.2141166512023202,-0.12559134276997524,-0.09103567175261928,0.001966352058281632,0.01439166536773392,-0.30975711254540694,-0.4825383271385298,-0.1105906474057777,0.2067492638909631,0.22114826843058238,0.19696287685980768,0.1802272813259805,0.12131453545389621,0.25763071824474665,-0.22389865457157251,-0.11762189457120717,-0.010437140033279595,0.04709741231593524,-0.026646953439442223,-0.040133130313926596,-0.0674699931747519,0.002944818416500927,0.10598339825280592,-0.1397421734490191,-0.2659514823087027,-0.18354676730827152,0.04484218057548457,-0.236051541302641,-0.2949226781268043,-0.22486473994659434,0.11466885317802056
Viral Video Tenaga Medis Hibur Diri Bikin Parodi Titanic Saat Pandemi Corona,health,0.338414917817038,0.09271482428376462,0.2927589721290877,0.22101286241033796,-0.17067703157340314,0.24622304015881902,0.1909326113883925,-0.07834928010242069,-0.39868868878777486,0.043198117649305486,-0.014642306137158142,0.17335030984168337,0.013979097846521458,0.41049454616479575,-0.14502426246462774,-0.2185582994552078,0.10868677572261863,-0.2977946345961296,0.09421349131941988,0.06137777827277031,0.29582438177050324,-0.12742584429916157,0.1163420079677345,0.3409679542575708,-0.01727127730454089,-0.07990501476163024,-0.0150597213909613,-0.37452172154222846,-0.3906938066263109,0.059702782366139726,0.15353908324330204,0.25768428087527456,-0.0017026951597953553,-0.046719862388029894,-0.08412015790535676,-0.30164190908512706,-0.19918764850110424,-0.019889207167541705,-0.09885553202199579,-0.0018329198504124914,-0.1409720390549021,0.16894017681181178,0.13250478058270934,-0.16552758660311145,0.09096110421239739,0.31541073564835426,-0.07392542821290075,-0.017833064891088966,0.08418083753958043,-0.4110939882456323,-0.06511200802386502,-0.1722145099273228,0.26541962104502764,0.004827914981900055,-0.07199253438496683,0.2607262419556022,0.1513746580583604,0.07297124766569993,-0.08209037621201705,-0.11977999796292572,0.1610759789322257,0.10566465329157147,-0.14600718088200207,-0.10153844824291837,0.1452847558351699,-0.07590172548063459,-0.0234994689872107,0.09391033502647356,-0.4280907282424635,0.09172474829168074,-0.19221795202788544,-0.03622927733100111,0.12719394273031626,-0.04144229856022963,-0.38468463489709337,-0.35538203186242673,-0.0735225388280062,0.2751675387580963,0.06662007719055124,0.14327816812742564,0.12663735595087483,-0.07962688417452951,0.19748581843619809,-0.404906899403381,-0.21826104621452666,-0.047570410493621144,0.059049389844957896,0.04447927659694275,-0.18586723041704056,-0.05273314888209967,-0.19138374855050214,0.12717925942019007,-0.136860098800216,-0.2079602534302577,-0.10785366797779265,0.22270833294278505,-0.1552823713262927,-0.2194497911455979,-0.19974103398272625,0.23462443999704316
Viral Surat Terbuka Guru Besar UGM Sebut AC Permudah Penularan Corona,health,0.34174784344832115,-0.07739707798662133,0.3072694959979608,0.21873216095290093,-0.1436800714458827,0.37395552817846944,0.2528747246987682,-0.11499121796553587,-0.3904545209055911,0.1784270779970755,0.020945051211648066,0.3480464502512766,0.10864353155119234,0.41492022647154697,-0.3034996064904767,-0.06994842284396903,0.06150589061470157,-0.3292186936523409,0.2010167322241031,0.011645503928309124,0.3039076878163469,-0.12044736153494838,0.0939125061262673,0.22252415116429142,-0.01955994656171056,-0.1059970721173415,-0.14769278201639963,-0.31572161500237633,-0.3551460458725364,0.006841565341353073,0.03348835944540667,0.41052880452318996,0.003116199046363576,-0.11413755043350275,-0.13370761889036295,-0.4178349172553986,-0.24969725751487096,-0.04514153835585053,-0.021267604264196518,-0.10596957634917951,-0.1103702137629056,0.10229337118721889,0.16048392318326424,-0.1894313564381916,0.15764499871097712,0.2973801690017481,-0.05584319280958452,0.01210059024163043,0.12889139114994,-0.3135749235276036,-0.02644362266461758,-0.11118589517844507,0.16715961300974336,0.015364510481556485,-0.09485813587115208,0.2964910524350406,0.13353108264055058,0.11046635187761171,-0.23762626280445096,-0.14101436844591736,0.10144825674059277,0.19611757799090326,-0.28887722264050403,-0.02379397534520531,0.06442801271303572,-0.04019200115466473,0.0701888517529179,0.07437259848350652,-0.4800088189397812,0.13270285256725592,-0.2835949330732703,-0.16814503140664797,0.01833861098220003,0.023698733777549507,-0.3539074724664562,-0.3445964845684884,-0.16836560445540558,0.2834252490126476,0.1648298521938044,0.1372005106747132,0.13326492401752688,-0.050546722805874224,0.27246500935156065,-0.19672014199030158,-0.08667030427553392,-0.09236265873334366,0.0912310261951827,-0.04995023372137335,0.008028039018279006,0.016487839410581417,-0.1611990445866983,0.09944690391422267,-0.18005609028667646,-0.19682069029904745,-0.2314141619154847,0.05366247964217645,-0.16851412024502405,-0.3316449372904024,-0.2790815013124797,0.25452615865419453
Foto: Amerika Mulai Uji Coba Vaksin Corona ke Manusia,health,0.09293170909726017,-0.09725891668396129,0.30711454442296116,0.16588846878775698,-0.22659662590032176,0.2679989508970669,0.3775399687468134,-0.05244791892658228,-0.16815382122108793,0.19765153162523313,-0.1630701201484603,0.22933918891891408,0.04497735695419201,0.19239601125635694,-0.18136429602695936,-0.21824728647916197,0.048970202219980344,-0.2934982786114468,0.24554662037531255,-0.0011648268703309157,0.38409386140996443,-0.15201802089684002,0.1501047870118629,0.1343445090238714,0.30897342004189304,-0.13012351235903205,-0.2776436101143838,-0.46148954298308265,-0.037228542858206926,0.0968400503783636,0.18265632494681455,0.5704260942429882,0.09882727294961935,-0.015068992571328566,-0.05297916256380646,-0.4803661113142031,-0.26320743868300595,-0.006437459023142102,0.06954139139241344,-0.006487357810326242,0.08216779176684422,0.1880909713821802,0.1420042281244907,0.08721190509669777,0.21376124453170067,0.4260209315940316,-0.13443824805254856,0.14337587909965605,0.04518058660776142,-0.2294577099676918,-0.2470614871624113,-0.13263968020009798,0.06187764467857625,0.15049285176236185,0.035535817866223084,0.12751139575900577,0.20367080860210426,0.15870654897988526,-0.25201933476389954,-0.3416385274470046,0.026254825624950944,-0.06847055111953065,-0.1482434824710764,-0.19345842094706292,0.2449413768194626,-0.009050910192114934,0.10997532201750497,-0.12540189118705167,-0.41645842739378097,0.1680120213956659,-0.2988746134792749,-0.13586613806086456,0.08798653309761621,-0.02706537246017689,-0.3493153627575069,-0.3300395217210601,-0.3188175790682533,0.1287422717257818,-0.0917464978416633,0.2723029917699965,0.15125383724776315,0.12340745441237658,0.17421114006352592,-0.43933689668097375,-0.12267247973820129,-0.3377312696121124,0.21240372814297834,-0.09568999758655944,-0.019465176982365058,-0.10925636112298379,-0.2741886158680123,0.3144924494681428,-0.23823992167649882,-0.2353422103011963,-0.10101138041143486,-0.03991250333250344,-0.19892810559289895,-0.26391709457177587,-0.3867035468506342,0.29854366180563163
11 Orang Kontak Langsung dengan WN Jepang di Bali Negatif Corona,health,0.2894350943116063,-0.017207848714279918,0.3385194840183564,0.19699395083382645,-0.24313596923200975,0.17412272172975504,0.2503461945602778,0.04634432215149109,-0.2633345385729433,0.10502182099002892,0.010539984147910006,0.2923863167061241,0.17560883890048745,0.3570325835415986,-0.05239942222874058,-0.1471010176301527,0.05878545397081745,-0.28159340681041944,0.14276931136976517,0.13672509571295355,0.26859066201088383,-0.15809199937981977,0.05479431242842165,0.19647759992622393,0.029648417427113355,-0.17109136009382309,-0.1250880530184782,-0.35646374065129216,-0.21864758755414626,0.07508062033289878,0.09816449856176089,0.3320356325301976,-0.09350672054197284,-0.09482332247315312,-0.10064934012158683,-0.2901133293889834,-0.2685939030108655,-0.03992849059810598,-0.07105394651659512,0.10765232395529206,-0.09295135819103824,0.10876728155650633,0.10735340707448847,-0.11317793856722716,0.0712972488083134,0.2461546297708936,-0.09308210923231008,-0.11045406725982232,0.09342705547045257,-0.30959704467160587,-0.12803390688387994,-0.16694107329608548,0.23014347204878108,0.06747986040283419,0.024077464373848514,0.23195317503662266,0.06965342087728929,0.05003845936876004,-0.1743729231440638,-0.32894943406217514,0.10732031778671654,0.1613532316616033,-0.16464482063218455,0.042378448293142114,0.11571154832373255,0.0062759585914093086,0.03172369805494831,-0.11736081357359684,-0.4712954109977295,0.025379548162966923,-0.15168599651769707,-0.16640210272162706,0.06643067172928697,-0.07342574158309692,-0.2515397949212972,-0.3246461006374841,-0.060727140724906,0.2208409923795802,0.12058331447543832,0.13671390865021474,0.10064439245039411,-0.11150909479364662,0.11562490628290706,-0.2823237786324701,-0.1581536837611263,-0.15957614691357272,0.07313217307203979,-0.04098035196460781,-0.07785098582649909,-0.14022394652280043,-0.14939914994206416,0.11193017959296296,-0.043757248423139966,-0.18123874473958956,-0.1344002768932948,0.1866009686693713,-0.11886888757648698,-0.2800723261691544,-0.1540390026595869,0.2413079656275195
"Jaga Imun Tubuh, Ini Cara Aman Konsumsi Vitamin C bagi Penderita Maag",health,0.07090846516538502,0.09610902945223129,0.2068478556059784,0.3072208492217986,-0.02544412819499088,0.21460636515295045,0.18049983310465978,-0.09920383004633385,-0.24340718783358983,0.22187014745559558,0.06120558522843938,0.24008025236843597,0.0919870107902061,0.28269451781068783,-0.1383956601309265,-0.15905077897390704,0.14105402404032027,-0.22016569304409045,0.06914502078517029,-0.017123546363769174,0.22233385037696227,-0.0418022787290383,-0.05338733334736476,0.2311460897812876,-0.05458973955546444,-0.12831293133661165,-0.044178299613073055,-0.3734270251545063,-0.2991444715730865,0.11644775578636381,0.044410364927210455,0.3193139764756004,-0.04173762617464083,-0.029187751929909817,0.026354912047232663,-0.3250234372010895,-0.2334761014319603,-0.08086368325491423,-0.04022951840458347,0.039021809040610506,-0.07586500977719506,0.09159279994824626,0.04890242216485988,0.023705912461304587,0.1312016857163535,0.2809686792015531,-0.09009542687301181,0.026202155447016644,0.19060251557269772,-0.36892811735748554,-0.06943261182549548,-0.09073730653168008,0.09489455491264939,-0.028966195597583882,-0.019585625007007165,0.10632043267210516,0.15190678194300192,0.23510105773391865,-0.13608520459943324,-0.0836806266354194,0.037805727015230196,0.12537935972874986,-0.07980148310777663,-0.191662552394848,0.03882551621867449,0.04207416614424061,0.14682179004243592,0.15346510869764887,-0.3922113779779921,0.17161432705143345,-0.04866511429918382,-0.09942122915820172,0.11152102254896303,-0.07511967070605349,-0.32384703521164293,-0.44595363491927004,-0.23486694093148788,0.1283362395369537,0.16553332855374686,0.16119580573674408,0.1442559157032373,0.0869370169468342,0.1975017541307648,-0.2699910989418625,-0.13197512759278243,-0.07123802374474093,0.008053196749520063,-0.00030093965402329544,-0.0003810980291507873,-0.11146779029408209,0.042769387595003726,0.1253506077692525,-0.09702654427118551,-0.17468807112748722,-0.160007521325439,0.0865158524007732,-0.22218495708915373,-0.21969532971449482,-0.2110228517933784,0.1441304505140062
"Manfaat Jeruk yang Kaya Vitamin C, Bisa Tangkal Virus Corona",health,0.3860928507846145,0.057341008870682476,0.3538011899255702,0.299964839219313,-0.15453208821231593,0.4774791908868375,0.1983573146237607,0.010275186024374328,-0.41454369531069407,0.14569560720129746,-0.17435933147369392,0.1673258301497284,0.040354839632123385,0.36764820313832386,-0.23103461421850024,-0.10102424178114403,0.1863608201808258,-0.289956955789776,0.2818802391047591,0.0007851818969137971,0.48558119354446927,-0.1514462026860306,0.09892257454809873,0.28383221476070375,0.12870710636102226,-0.17486105235595778,-0.11900116634002865,-0.5248834169449045,-0.4560836467822268,0.16652845927789883,0.103911707425053,0.5448591146761027,-0.09080237615734979,-0.15513711358556306,-0.10603254335291724,-0.5796362908551835,-0.23540693560449638,-0.09115608516757946,-0.061828409365075956,-0.016412919595180882,-0.16433020948892252,0.3035705864714209,0.19092336296099116,-0.1496761164017242,0.30241833332657186,0.31752826042112847,-0.22911234580129827,-0.08196514316512195,0.1313826798498182,-0.5283005016798514,-0.09070352960664715,-0.10953581757090154,0.21577434144364618,0.050678459045161724,-0.01500271918770569,0.3711780587300189,0.1100566064469198,0.2456593772983035,-0.26902211817756566,-0.23425354286411912,0.009092771295099222,0.076649896730032,-0.07389737130744432,-0.08742144996397737,0.10936792041282585,-0.019328407890341015,0.10365776864485855,0.09027712257162358,-0.5410711450387519,0.2168151697877774,-0.4112463945259582,-0.1870679240642028,0.17910574251867611,0.00725620002495916,-0.5046459517654455,-0.4311522577001789,-0.22967341438169234,0.34889965904573694,0.15040899573003855,0.23777340473568995,0.2189957266906958,0.06444146626332445,0.24707344424630187,-0.3668383872908564,-0.21753443156288618,-0.21314419881929197,0.07492763082475287,-0.0758427214630226,-0.08882266949798157,-0.033532476668300934,-0.2062364677936254,0.0989663026343782,-0.19641872710222583,-0.14172840925047403,-0.2793367751675747,0.017834970535018983,-0.032264884313034654,-0.2469769427610191,-0.4336780117946518,0.32673362330987155
"Kekurangan Ventilator, AS Tetapkan Prioritas Pemakaian pada Pasien Corona",health,0.07248050016670038,-0.002150366074367964,0.28676215772104313,0.24116131648415706,-0.14213873331683385,0.3720413266350633,0.36721575433632764,0.004747435987748731,-0.46154539968747366,0.03641496736203202,0.12259368968010137,0.38112340841282333,0.4200985233082648,0.3749052790428069,-0.01140331765569548,-0.16663921471724888,-0.25523761174494525,-0.36332930951890197,0.03601661664481143,0.05240450038641307,0.21395913758295004,-0.10573950742643475,0.3048589236489284,0.10342405843107397,0.0493568021388603,-0.14641759710224678,-0.1935932548407447,-0.3593399227742974,-0.19616584006225546,0.3343455308127789,0.25027915206193485,0.4984759038111787,0.06746506928249998,-0.005075488136141448,-0.032601841246903886,-0.31421844850392444,-0.43433190676288413,-0.07171987551995128,0.12803280782619086,0.18237535667047383,-0.11743994596004304,-0.024169027317617026,-0.014656615432238174,-0.23433068145979308,0.12525997963713953,0.42288612464085573,0.05979596259384355,0.27658790103721936,0.10950514443861306,-0.23903349125655363,-0.2122718408868136,-0.20453898805328463,0.02906395631289288,-0.16785717665600475,0.3043223462898324,0.13202721324334626,0.2733853636341935,0.24832896170847596,-0.15582205256246828,-0.45594676939135764,0.24058404045041154,0.04988763526911281,-0.3287320858862274,-0.4410507792063668,0.15036211343061673,0.276266003846478,0.35820863315774976,0.03581946696503178,-0.33363649512845484,0.1854877796315263,-0.14003622169527755,-0.1068563946251302,-0.07416508277341638,0.08099386614360676,-0.48789382413883847,-0.15706707609304543,-0.13154524636050197,0.21189337752945217,-0.031023228211827177,0.3198472881420846,0.04177774695403225,0.1358890691975696,0.4671431308049191,-0.4905342324995138,-0.330926572225101,-0.07287517280916869,0.20354795489552321,-0.2665526625752135,-0.23380156714694017,-0.10385456941810817,-0.21225628126921467,0.40705677539704055,-0.0225797788250388,-0.2691719911976242,-0.006760662176050758,-0.06467461386736865,-0.1402197813517331,-0.31003632888038174,-0.29567729245379304,0.1272354756863665
WHO Imbau Kurangi Pemakaian Uang Kertas untuk Cegah Virus Corona,health,0.241327831608347,0.00500469600248268,0.320397648380823,0.2964804560043143,-0.09609510003429252,0.5090564887490738,0.28281292161056354,-0.051689976737691844,-0.46069425542063197,0.11795806436824109,-0.034622572726118094,0.25766750174207154,0.2824053698726496,0.3651880122749142,-0.12359501500883946,-0.05249614995670112,-0.01795995806358091,-0.34513429434448906,0.1981008453998817,0.014773463282697253,0.4115343898747354,-0.097918750023084,0.14219468627618279,0.14260766462947203,0.03897817775488726,-0.23578668341902242,-0.2064795508397658,-0.5030228971986169,-0.3636597042826719,0.2298868513899911,0.09893588478225256,0.6112302769492252,0.004476161020258187,-0.1436545188637918,-0.07698813362191458,-0.5929027465313885,-0.27715980546769825,-0.138983520737839,0.1087294405927241,0.02778641554861819,-0.17533495338510108,0.1409428005761399,0.06360472435588999,-0.1807491194816823,0.22386205104591012,0.34466817593889615,-0.10927977186816434,0.12379196401904682,0.16009232775983828,-0.4409749723786402,-0.06687720240417076,-0.1486837305393528,0.060945529049791634,-0.031222439456815323,0.18219319098961717,0.34376624888950996,0.17335111348205523,0.2740923582258838,-0.2472425614035266,-0.39926735318746137,0.034243912215451394,0.11726411715140032,-0.26135459706252034,-0.31235806756609363,0.1036069265909361,0.1588219222169205,0.31822156952797037,0.052533618093673864,-0.40060510905844404,0.303544238890322,-0.3195916970618722,-0.18842055550037468,0.014415964772693999,0.1045911153574699,-0.46227263008746444,-0.2897488261411511,-0.22642227188785397,0.36848424145311687,0.1067667257622143,0.2791383213235954,0.22539076206855718,0.18315320265327895,0.3887961489922922,-0.39691466229080535,-0.25844899340584465,-0.13949546214501404,0.12364941121973848,-0.23337010191117769,-0.10417147044773441,-0.07028839843618949,-0.19287811862880477,0.2636786623859574,-0.10020717272269869,-0.23452158023183467,-0.2249362828110434,-0.12993500488430917,-0.11164597822537213,-0.34261433824985316,-0.4351933039135924,0.19771470284606252
"Lucinta Luna Positif Amphetamin, Obat Apakah Itu?",health,0.22324536841820336,-0.0039778471399847795,0.29255924098859665,0.2342305323183984,-0.10039356283476379,0.3591456954894669,0.3025312735311657,-0.10460568610836041,-0.3011534093871468,0.2006238044122494,-0.04790230191611965,0.13618295669566388,-0.031341437113913885,0.28451885904273505,-0.23548234952646135,-0.09050850438105706,0.05773338928033376,-0.23522415133094893,0.1604893090375532,-0.010426825219578616,0.2825957128535327,-0.10884083055828672,-0.07638878123868811,0.15838104532458025,0.046714448469422354,-0.10132613003138369,-0.16068935607339827,-0.4170827387336448,-0.25818233682829544,0.12030813637219265,0.0332208524742869,0.4052368334938139,0.003956019900942617,-0.02400858177446535,-0.07233106257098847,-0.3543489752341049,-0.1516077467363462,-0.12474123654932034,0.03535225082098116,-0.012368452578002129,0.006967538438090054,0.13888108538583538,0.134775588063412,-0.03553423327644998,0.15520902920181764,0.27700912060075905,-0.056317119363487954,0.04215492926467299,0.04171792963611977,-0.3489799101967029,-0.03198436323322999,-0.058846261842385394,0.10733012997229881,0.017387446219984212,-0.10633192827995117,0.14806655591532736,0.16173358423512849,0.1657601765403945,-0.1474586901405424,-0.14946140396129037,0.07127998712468224,0.08699545877858919,-0.1503235118576475,-0.20080584998549106,0.08675194158757174,0.06666082347883553,0.10446786617755073,0.16872988338875658,-0.39785071881949113,0.1941490908292077,-0.23832749517701407,-0.04398268668334636,0.03631084590460585,0.03235709247358713,-0.37055355867167994,-0.345463566690974,-0.08213381509460116,0.15202864333672836,0.05224521448555732,0.13933168718070493,0.13600828797273198,-0.007740146717551841,0.1610873294522545,-0.33628542747113116,-0.10929569042815615,-0.14344304055175322,0.03851572332562029,-0.13526160524056127,-0.03314915371404741,-0.07016689765574598,-0.08089272092675241,0.1655499608773298,-0.15087892986163368,-0.19297827130914907,-0.07541105247081525,0.017492496233832103,-0.12224968084616139,-0.21225169143445796,-0.24997718538292674,0.19285865599030674
"Di RI Hanya 13% Manula yang Masih Bugar, Ini Sebabnya",health,0.22385065573133756,0.14198066638868723,0.21603893781971328,0.24401001592202523,-0.10196585258733565,0.24050258154398868,0.20164067953407416,-0.032952331214903915,-0.275698116176671,0.06355659173000344,0.08027834984585605,0.0936283330485571,-0.003595700168001998,0.30867102320952144,-0.13117287980672945,-0.2490054264792419,0.08411056357574401,-0.16397574028793327,0.05524233539415012,0.029393319018495394,0.22325869321018216,-0.10139973485969712,-0.011656271440089554,0.2401732893406074,-0.028653410984403768,-0.06917464242788923,-0.04586975531459979,-0.3067381403485325,-0.3182405725941223,0.08088625495291017,0.09065503144656223,0.21008422762757548,0.040635831547372436,0.014924339676388614,-0.06935581592051632,-0.23955573625358603,-0.16464130789951104,-0.06909814572222103,-0.08486172897459676,-0.00901984797972269,-0.06428723606801781,0.16154762166470188,0.11488299963981224,-0.05308810242510299,0.09070558283177783,0.2561141808836493,-0.1470218139823921,-0.03619003746108855,0.09214045109458412,-0.3400748298264096,-0.1125093614041396,-0.024362886919987746,0.15749513871220983,0.01949617019673191,-0.03444932790396916,0.10360316092944005,0.11430774121779619,0.10480213172948274,-0.17896350495981428,-0.026234621703502423,0.08513206144930259,0.14842545452106565,-0.12852126245506723,-0.14319981717237074,0.02521646006726979,0.04313312345218156,0.07463307093734528,0.09322965572940968,-0.31999874922311605,0.02043146071054216,-0.09853093929588097,-0.040002414046592875,0.12354390689987602,-0.09806492842454728,-0.30817151451377045,-0.3746376393185247,-0.07959835450891507,0.10874198781722022,0.0687140341619169,0.21266295115770228,0.11222313517531006,-0.031590653833590124,0.14424946641491274,-0.296456998577888,-0.11729408923684213,-0.13928391699551634,0.01874338106936166,0.03349807078991334,-0.13023492221993702,-0.05518273442979777,0.03658939146488234,0.044514958781051,-0.12313057190286059,-0.17293867124427317,-0.13017370715991317,0.12537749779181262,-0.11108040796715352,-0.14531040891585423,-0.07496806632314663,0.14174713178816858
"Sebaran Pasien Virus Corona di Indonesia, 252 Sembuh, 280 Meninggal",health,0.7562877209505009,0.222869703664946,0.5698093154560077,0.4304728550102434,-0.15395179378002707,0.7910006304742454,0.24211909199831053,-0.032498646556289694,-0.821997648432804,0.12023440482225027,-0.19999182345993655,0.10308536135827237,-0.11060028524744084,0.6392408620441962,-0.433533683470476,-0.19568238502743088,0.15844073888165883,-0.35262874995259075,0.32597697511802665,0.09719843853417867,0.6880431436808402,-0.2777326401286364,0.028381135501864236,0.41593938988513857,0.08260833729768625,-0.05680623581833626,-0.20743769445223062,-0.7169684251722093,-0.7276832813344773,0.18256594578692392,0.14129546574510418,0.730500323650998,-0.0002672338819758908,-0.09536246853939916,-0.21592638607880696,-0.7571176213756051,-0.2840002619719595,-0.05828476732996962,-0.23237843711218817,0.007591848170292205,-0.12540412941630366,0.5365804864712155,0.2513021973943313,-0.22639359449483698,0.41796596861650404,0.45145349049170597,-0.25118688497014585,-0.1420973352176251,0.007921413946636636,-0.8925490856733985,-0.008560819897584532,-0.06003248609694466,0.3140225345919755,-0.05481167189368867,-0.1834103238534195,0.49905322387360446,0.2659708752869209,0.24508016274849434,-0.3161342809657405,-0.12400860550754299,0.08145814553604633,0.14607320982022348,-0.27254370599276717,-0.3847617726752735,0.2275025939261479,-0.06159542182830482,0.21066431030959756,0.31027263930347443,-0.9072512221773066,0.3086742813616225,-0.7155464142019097,-0.22949436685056004,0.09324633695756705,0.030938106914289467,-0.8074652661939864,-0.753866745416351,-0.1539641686560907,0.5107398673988655,0.2725384233906639,0.4524502531217299,0.2681083202512132,0.08423331220646389,0.34371940294168807,-0.5766690643518828,-0.2513200518925469,-0.11578350152703208,-0.022358732015880196,-0.09242438809216567,-0.22061315190371225,-0.1441272901170964,-0.19360822469740957,-0.0547204596501666,-0.22587862118486293,-0.2700357715729436,-0.3500645641428103,0.10380816566329666,0.10011907870001605,-0.24807903339326773,-0.49307410966192167,0.4340699854242338
"Masker Kain Boleh Dipakai Ulang, Bagaimana Cara Mencucinya Agar Steril?",health,-0.12423116883734339,0.07555685907950649,0.07819089276737423,0.2435756899035897,-0.1638803848767329,0.140248282638436,0.2842754295959737,0.07825169083779716,-0.2554692634083447,0.029721054005219676,0.2647327717146542,0.3897759109408733,0.4662300469197037,0.2643028825736963,0.1363363152904355,-0.1109638410615594,-0.23598227863654261,-0.31563925738323684,-0.10398994637463314,0.17748709637878615,-0.08274212628111545,0.017757712740051196,0.24461697187275233,0.1627111436814314,-0.07019054095221494,-0.32878815923184374,-0.05326881264085938,-0.19378027896363975,-0.008057071755120312,0.3195653436715024,-0.03937987423298185,0.26219684366692364,0.039290275847715064,0.05231313097333439,0.1426849465479922,0.0027913482484416188,-0.18267238472325542,-0.08644741086641695,0.04389111053166224,0.06829300769939728,-0.1363630014732848,-0.08962029578420994,0.015433751078454199,-0.12454944471978617,-0.10705784023294293,0.3028771575602928,0.11632453760957832,0.19909210938926464,0.24852239546385219,-0.1330186512613119,-0.20294789816070863,-0.1753078792976203,-0.10132066896512448,-0.1747055904914656,0.45975331386915536,0.04247791218010046,0.1736389912466665,0.15207074271241977,-0.25883353276923704,-0.3725986115782719,0.15601751611568523,0.17010394744606,-0.2841232392840869,-0.39127538226357983,0.1632557612931232,0.2567804270916744,0.34787921331867405,-0.13566765531124356,-0.21616277631147923,0.021526495562907755,0.12149604760652159,-0.1499820844500231,-0.007052342577174648,0.07312131630375587,-0.19719800648181643,-0.1930591473471583,-0.07557197086604345,0.11607584751779938,0.16403332498688036,0.23495521186194612,0.020337972791439427,0.06371105961945991,0.32339558905564736,-0.22864390664952128,-0.11883970587322454,-0.016145897836774465,0.14007939640778394,-0.24791178321807356,-0.1673686895302802,-0.19705389869995227,0.042619320593289295,0.2732360886554099,0.15579201821841696,-0.3155595489355636,0.018711666748384766,0.10513817996007609,-0.3630956100137933,-0.21672384518956062,-0.028797930869626967,-0.035629931788676364
"Lina Mantan Istri Sule Meninggal, Kenali Pertolongan Pertama Serangan Jantung",health,0.25265041531275856,0.1505988466386535,0.2567402286378949,0.21262458131910358,-0.06765456968699982,0.24040739308873432,0.2364758077949237,-0.029766673878888417,-0.3723228171761469,-0.01357805685767648,0.13564823581739502,0.17323104894715782,0.011624695711115029,0.2657034218869339,-0.17510357389704573,-0.32892894319007093,0.06324426113596229,-0.1420759516603176,0.10941577294018481,0.122217101065482,0.15097293523425165,-0.0018973893994230356,0.019435584403975824,0.2999541540681602,0.004776342735434759,-0.04151415133673932,0.11125685972902544,-0.2806284694951769,-0.26919218894916275,0.12986962885158687,0.13661810390778367,0.2174389657361077,0.05100094301142395,0.0957165305305344,-0.05599696674638609,-0.2090218683554786,-0.1937703793224436,-0.029947530731018367,-0.14458096655935065,0.20596174586889937,-0.13887694314468693,0.11613512828524768,0.03355317866775757,0.0038393045810340013,0.08198234119940691,0.2628002128721031,-0.1070744130827564,0.01863552651704526,0.10223281304896081,-0.46914129199009025,-0.03918840542774741,-0.0943084749811571,0.2717871025203614,-0.06855262074473731,0.006251280377090348,-0.013366525635643334,0.12551514009850967,0.1194012603134675,-0.14858322008643848,0.03814273891132729,0.11610439934220029,0.027677488755070322,-0.07153921749661672,-0.2278976490626612,0.10919154657711128,0.06201195970698932,0.14053399631755933,0.14425040107844891,-0.42156114044079207,0.0798447209608621,0.006880945302068203,0.008351809165877737,0.10191336107610674,-0.12987221023980317,-0.323514856262502,-0.5164452800959822,-0.02126692924012543,0.1570177346780295,0.08256935610032258,0.26852716818696526,0.08474820015227352,0.03609386393791933,0.2695503339947731,-0.46581962958653894,-0.1561251507311211,0.011185122592105176,-0.015806189470340255,0.11775387160124837,-0.36424872983873036,0.055399932022347796,-0.0484387643787827,0.07911217243527954,-0.16967998126146336,-0.16341148498072647,-0.13235065737523022,0.22030087516858035,-0.24015610110452168,-0.0785134416020389,-0.04594161266791461,0.17657433101423264
New York Lakukan Uji Klinis Obat Maag untuk Tangani Pasien Corona,health,0.19560712030777525,-0.08754822404221677,0.4684362137014702,0.2737813460170768,-0.15042519248305353,0.4621846478656787,0.37843867980958995,-0.07061488229738995,-0.2898418265085595,0.1565980060816517,-0.1755555611024983,0.21765438121288874,-0.05652145718917308,0.22542222093883274,-0.3521244201695373,-0.22528094952229138,0.045036274929219564,-0.26480806574702787,0.2699042466158915,-0.020455068173776774,0.40668355844875154,-0.2006832880148172,0.01000126373585829,0.06527376608640051,0.2407918980612719,-0.1286297269507189,-0.29421282756831124,-0.5340866096393435,-0.26134875635261856,0.06394229335020349,0.1978432068177566,0.5850027623297579,0.0956626163154001,0.07307914104819643,-0.10738516713017188,-0.6015225882620492,-0.23746802607340775,-0.06224096484946814,0.02430441267752173,0.04684606020928858,0.10060166676120175,0.18724054137905796,0.19589930075729964,0.0793042202716105,0.23135376773928487,0.41153194988391484,-0.10227191317825146,0.11876401681072765,0.012257409031864216,-0.46745599779828534,-0.05061437223764996,-0.152147466064599,0.16563654166232,0.09084932316975314,-0.07237851779781276,0.1790299341323274,0.15566963238283105,0.14543190931245187,-0.1768676900282995,-0.3044676629884726,0.024743713063764727,-0.03627242569057628,-0.1997059968010346,-0.25671346374596704,0.18140636688979508,0.002325352206743303,0.18394994568495457,0.03626706396754714,-0.483030079423412,0.2404013155684229,-0.3738371463081987,-0.1163530464192672,-0.030791915670701518,-0.06393984815144649,-0.41088955498105334,-0.4331714298498485,-0.24661707845778708,0.29030418173798045,-0.02946297570001889,0.3445964804296029,0.22551785195967078,0.17141355009919101,0.3305046480349576,-0.45868291791544225,-0.16655678280180347,-0.2278034563524846,0.14966961219810593,-0.08839342538906617,-0.13569750653061785,0.005255602268982698,-0.2530050618413158,0.29176203427060704,-0.25751214765705155,-0.3275085668547176,-0.15511609745552954,-0.03693746554103437,-0.24277613447150817,-0.33760112663679515,-0.4111250501543834,0.2833845752145612
Nenek 95 Tahun Jadi Wanita Tertua yang Sembuh dari Corona di Italia,health,0.4835078621807822,0.17211761899571004,0.3319564627627358,0.2726420695964815,-0.1055203734211805,0.4904336366953012,0.2820694823095151,-0.09294774126849527,-0.5700447317978622,-0.10459207656865573,-0.10483177804934872,0.05214603995473843,0.1006514865351972,0.4485869679539416,-0.14495587018251754,-0.26877752381674835,-0.042540536289374785,-0.17882044913823683,0.14383432538304808,-0.07119405195603919,0.2593837871456886,-0.21001283408157082,0.2508764525165968,0.2437047864950426,0.16322362464575946,-0.0970848624831604,-0.006315183099709805,-0.4430760916556897,-0.5088465890208269,0.2630090059733371,0.21164875037986136,0.3679104180959757,-0.13256114577550482,-0.018302879233806458,-0.14994900012305934,-0.43394039317815125,-0.23521964275939392,-0.028131374664834057,-0.08156600143013581,0.20431475094507384,-0.11741292302309969,0.11749909192840188,0.08218515352316043,-0.3039363544702045,0.13906627356540172,0.2992982004599161,-0.09130269628842111,-0.03277489269250465,0.04392299258341557,-0.46797333890479204,-0.12659347624428177,-0.09435236576978334,0.22970734134078727,-0.16130093991257127,-0.017333107967057136,0.29500152326300244,0.15505066541889323,0.16657080859438272,-0.07778415482226599,-0.14586896300599503,0.18514787974452207,0.15577998207535412,-0.153454964037398,-0.28531911965031953,0.12366780215629286,0.0440536028638993,0.1280001944921212,0.15283631414675392,-0.4968296292567942,0.20126526970834818,-0.3847040875840461,0.010951492934594902,0.10597567999264115,0.020603883199790986,-0.4705865562180835,-0.38564642604299143,0.09102159737595539,0.2919609128833866,0.07092242702953447,0.272624591626754,0.07149857121923522,0.029311733145139948,0.19425828965911288,-0.41520582287705016,-0.3444811003222228,-0.016539248233541297,0.07943267529347817,-0.0007410489633556706,-0.22175190873615555,-0.044212631472018114,-0.22715530935854453,0.11637844154941765,-0.12111735951616241,-0.1526757298793152,0.01646283995226658,0.06968991068327143,0.038789673639873734,-0.2604033982673385,-0.2144328182864868,0.24628072739300313
"Pandemi Corona di Indonesia, Lawan dengan Daya Tahan Tubuh Kuat",health,0.4315619865638512,0.21835985367072708,0.4199122857621944,0.3744082781533335,-0.18546015758248172,0.3271824094723876,0.051234872551897626,-0.09229110037587311,-0.5244717433130303,0.17734342821116542,-0.12237662373952143,0.207555940978499,-0.025968572612186505,0.5445833896938009,-0.22093214580705925,-0.20659003810044138,0.25296439709921864,-0.33859952929168013,0.15277885776961192,0.09470897142309337,0.601051914040813,-0.1822009051215561,-0.07871113846301483,0.4627684889950341,-0.0933868545704806,-0.008742640437347207,-0.1473561238844155,-0.4396796922163285,-0.4447545085436837,0.009481477967248794,0.07773991653740854,0.37300622598718053,-0.06719925967454005,-0.10024482143282308,-0.028746836796488037,-0.5251887793758959,-0.2838328461559111,0.04780928270676797,-0.2645237176692496,-0.01289638477631512,-0.1948228573523371,0.4800773510368947,0.10907708286986631,-0.033901117455280724,0.302287531230207,0.4262572778874173,-0.19925979508933916,-0.16385665817419515,0.11577638393245826,-0.6349419193086975,-0.02886983591689311,-0.12914249959513552,0.3104342229388478,0.008930339914087416,-0.24621650917878876,0.3678476076876761,0.2730454082497161,0.20351752877232399,-0.2944049079906696,-0.03221094459012794,0.07268905326249797,0.20552687529015173,-0.20798768601638845,-0.22129969453810877,0.18152354954641778,-0.20352330683899517,0.04994423304831404,0.1334806639461283,-0.7561430117447112,0.14166208920875403,-0.4334710284389304,-0.1927199921539719,0.12223272565647407,-0.08921754533324355,-0.6014197499810728,-0.6325871592439731,-0.3062367837963502,0.24110723280980417,0.2200551701110484,0.2663082158950584,0.14557578310111619,-0.005124999157418422,0.21362407939597278,-0.4218009608875647,-0.14857074311033297,-0.021833940616491666,-0.07976570540576897,0.1459524068106423,-0.018680244482148375,-0.22739843808336968,0.008235550128780824,-0.1166646297990397,-0.15721989874037984,-0.2243281177681677,-0.25944233529173283,0.269134751656936,-0.024742952748835076,-0.2788258067312224,-0.2589790027873406,0.38896309591606576
"Soal Rumor Virus Corona Sengaja Diciptakan, Ini Komentar Ahli Mikrobiologi",health,0.3178077055954725,0.028596006367164053,0.3113677782390749,0.2506332743790039,-0.10832772639028929,0.4194484877073272,0.22001298463179575,0.010395649324733698,-0.39236585842834637,0.16047655905236835,-0.09880644143379112,0.18439737117436758,0.15319096052845388,0.3526199883701356,-0.16069348325803637,-0.07791149756343793,0.13289907915579657,-0.3031415904408591,0.16322936884495715,0.09404702305966045,0.378595755412879,-0.11658276655420795,0.03841385095601819,0.2863596915755743,0.06296858609423497,-0.16664945062467704,-0.12911114362049617,-0.46180378698295016,-0.37011059294506427,0.14690962638724628,0.05069429741446357,0.45700726679454434,-0.05396664860564808,-0.12979150343443419,-0.12388477984317696,-0.44376305882288836,-0.2025916779644256,-0.11642414287510837,-0.0017026167557685286,-0.0260869104688589,-0.16565499796267524,0.21599471847856866,0.1821834967471792,-0.18083424394392156,0.2036057275999382,0.31602804035933124,-0.13864172099029626,-0.07865261071770419,0.1090465275157196,-0.41782378302229717,-0.09509153990670925,-0.0622437260271242,0.14659578558241368,0.01644746369292909,0.041097883405885036,0.2949007103506908,0.10674693817773269,0.2279857908832063,-0.2769703497109097,-0.26633685813429014,0.05506287637159349,0.11266617711878027,-0.13583409455344897,-0.191382485045103,0.10680350284275043,0.018188129248748887,0.11925978439886903,0.03616156595075606,-0.5305283749298422,0.1898330047736727,-0.28892174285898353,-0.14962934774407521,0.07631873402532463,0.0322132811404733,-0.4342037253249409,-0.4294235982658292,-0.16758426514076902,0.3235880222418434,0.1781222207755423,0.1821660548655139,0.19403756455509533,-0.026770934415232074,0.23157630873229262,-0.3070810104545204,-0.11236552009958796,-0.16463599467149015,0.07050321213148832,-0.12267710612441812,-0.0124068280564246,-0.06979493616327065,-0.14529198095807283,0.08377327707781773,-0.19757390073181336,-0.23924155543944148,-0.19017843799921857,0.0730777498414168,-0.0862352863466905,-0.23108358330950182,-0.3272874777017984,0.2729398988386686
"Hal yang Harus Kamu Hindari saat Makan Siang, Termasuk Makan di Meja Kerja",health,0.223424444466444,0.05347234671826546,0.11240915581509137,0.11223377499752374,-0.2950878988773217,0.11242865768035035,0.1580570748129811,0.051555206847326576,-0.3114570117637217,0.03381981130486602,0.07118399427012304,0.1739277366642962,0.09080544548818728,0.27591131907249367,-0.06931738651585966,-0.13927140902301438,0.059830472848174165,-0.13605789995836992,0.1126404639415109,0.1154595304672952,0.07608041959793235,-0.002964335754989172,0.1073580264990303,0.3101064219676517,-0.021285988283241707,-0.1586380810268017,-0.001495951201101067,-0.16437732948070866,-0.07909494655574265,0.1689554690495996,0.036015619605495326,0.22539341655742542,0.0026212160229200096,0.07023749267332934,0.033095631078634856,-0.06176220105757622,-0.13115342907598698,0.08868667310583365,-0.16517520110684222,-0.028185078722659018,-0.10668195320276429,0.14733231874835867,0.10920399396545172,-0.11672186621070438,0.011562063149326455,0.23459413484495678,-0.07478436505666539,0.001857367018276511,0.0786391393182243,-0.11078035107720846,-0.13378165302510034,-0.018544316150960388,0.12446779190304164,0.061056692813605304,0.035325592365223514,0.13241589405572082,0.12062925419771316,-0.01667041564937389,-0.17693410365334417,-0.09501790674286638,0.05967614595494723,0.23922893761190953,-0.1209309968391444,0.018764628886845137,0.14711981675839048,-0.023783807165488814,0.05532442562114215,-0.12479112735623676,-0.24222252585761378,-0.1394481463291175,-0.10076098774783593,-0.18328024181136204,0.08373719055906217,-0.024057346041114386,-0.23715760789553528,-0.2638129043020082,-0.00967281978582558,0.07034102543838464,0.03482604812298476,0.12811890461163047,0.005616034663875143,-0.04109241710334302,0.06449257190715957,-0.29488356409060695,-0.15498393332984534,-0.1826988077690768,0.021102559264075726,0.024997181479585632,-0.04772211110883258,-0.11487248774495201,-0.07185080456090837,0.07210237065389405,0.09380160516149924,-0.17646107280214063,0.060197940280372515,0.21882157816390505,-0.1002925312919208,-0.10206248392024678,0.007932652956671494,0.10567815852002488
"Heboh Karena Virus Corona, Memangnya Siapa Sih yang Wajib Pakai Masker?",health,0.22792658603206725,0.04624876880945403,0.2657046846837054,0.29271650046076614,-0.14647711085129445,0.4707826570153619,0.29691778583417183,0.011282119864324461,-0.45917995108752074,0.07122832162722435,0.018730575062332548,0.2661604450047832,0.3086255744263988,0.4188080430664308,-0.0739176915555239,-0.05047886065790033,-0.05643501588633645,-0.36568598531985613,0.10644576181064803,0.12683187276160077,0.3074989413559742,-0.06708901440472795,0.22574481442589306,0.23142545828426236,0.0022323958403227926,-0.26011656656791693,-0.15294282602061865,-0.41835436344880106,-0.31682605634979616,0.29934727419641316,0.0449297739112585,0.5413336805995723,0.010550561060099597,-0.11638578288657765,-0.026870770735299816,-0.421775992972271,-0.22492062513009112,-0.1315290412483434,0.06969040362152217,-0.0035848536640210246,-0.21381208969247484,0.14481946373831595,0.08316050276829698,-0.2434106446836436,0.16790424323999137,0.34200149560913,-0.05339507042137926,0.13659318921646213,0.1813203935445702,-0.4159016314074861,-0.11277510615294806,-0.1364338719383188,0.06546706464873576,-0.08454355708645815,0.26718913824296786,0.2993811892734686,0.2055433814918436,0.24219216529821697,-0.31895864059461104,-0.3669979860066255,0.07021012981813904,0.11925925710295784,-0.2655210634896376,-0.3411567532300873,0.15662115800885573,0.17937628141799902,0.30944223029930185,-0.003977907023302036,-0.42813832144033176,0.19207252668520938,-0.2588000971835245,-0.22171688829433567,0.037206302853527565,0.11623287137898829,-0.481388360851139,-0.29969688634315983,-0.16585999056970635,0.35143680743754513,0.1402893636843331,0.2857732330303279,0.18357107422942662,0.11325699129957845,0.37920261806406913,-0.4037924764336539,-0.21506012384464215,-0.10675811638302318,0.11498375884826359,-0.25305554199926095,-0.14807285889659605,-0.10450929280525541,-0.16026988087970745,0.21746085352627378,-0.03986491618089794,-0.2364619568789511,-0.15184719074460565,-0.014106453817601703,-0.12716823559654938,-0.2638522529842497,-0.31825120112351135,0.18870513968455138
Kronologi 2 Pasien Pertama Virus Corona COVID-19 di Indonesia,health,0.5888180206698914,0.14697241939799124,0.45723772335834273,0.32678992042345095,-0.1612423920491463,0.701709627427008,0.2150833718848777,-0.015174324737583294,-0.6780634405360073,0.22317998945597095,-0.19121570262665658,0.1523545516505916,-0.03786933827260173,0.5721329686608346,-0.37688337005757205,-0.11432526551449859,0.16418852193433656,-0.41292302626463023,0.328380929752166,0.04212773210183045,0.6273005872532005,-0.19185492375406601,0.03898646077941289,0.34760875438968686,0.050097050985191315,-0.04786563939009253,-0.2535716380348684,-0.6598758646657855,-0.6484897563638208,0.19438537640093217,0.09237230281979517,0.70581766688328,-0.025911119621478716,-0.18296537151749864,-0.16339763245534802,-0.6876502637446011,-0.3036161794989366,-0.08223030232829998,-0.11632828270972048,-0.09815619948169918,-0.13585957447507,0.4296841548391572,0.21552819418069985,-0.21920934458255287,0.4185590684250963,0.40588365789395725,-0.20621941023430704,-0.08231110375881176,0.04184193374338709,-0.7492418870696579,-0.019371569420356647,-0.02271841524246895,0.24241629566817163,-0.04119468523852623,-0.12847273042630797,0.4704298937841447,0.23180332651803887,0.25428569847477345,-0.33850464167207145,-0.16947846177465706,0.04709148793604651,0.10375725670372261,-0.1994189133863731,-0.28899079026219043,0.19922126380484645,-0.0646697756657676,0.12305492663595306,0.27483128367612236,-0.7783439032426163,0.2620609563744502,-0.6453244345145333,-0.25180448719320364,0.11268413871913323,0.03278232823950865,-0.7521211295237578,-0.614136924529772,-0.2728227472445108,0.45680676465943415,0.24271981962030273,0.3797276097917029,0.2401513409762959,0.03292849718603146,0.3374276779821926,-0.4972484657999899,-0.20298201742970853,-0.17504258662156252,-0.002255780531310433,-0.14285099560909448,-0.11635532807274022,-0.10381853451613803,-0.19899599763583892,-0.0024669347662606028,-0.22437842478796188,-0.2532974980054745,-0.35096325578135884,0.04029549773896752,0.06417411400808705,-0.21210776191866948,-0.538498533709494,0.4192731707093243
BNPB Jamin Tempat Observasi WNI di Pulau Sebaru Lebih Baik dari Natuna,health,0.041167158646686706,0.07788211048923435,0.021637812760851936,0.0989970332304584,-0.38184589761293475,-0.0751737463525136,0.2892665643276415,0.15123926556644823,-0.07688319712467014,0.0014446574794198194,0.1851112957090001,0.38731879087037335,0.2552679837997406,0.24961709496554038,0.12985387184769404,-0.15932890506402883,-0.1228287232229198,-0.17095286806512092,-0.001647971801893831,0.1670922238648303,-0.293261937201123,-0.02149457949597379,0.3359900721500301,0.2925427012132477,0.11360229018920202,-0.33797005146987585,-0.0051216923338609265,-0.09180518104954846,0.17877152877601754,0.23238992140102827,0.024199752562831134,0.14331784494273048,-0.07610461157805658,0.014104558989276072,0.08266417438808411,0.20139640481957363,-0.21217755033644195,0.11057348562619937,-0.19088569739976097,0.1107075893575264,-0.055626583887855595,-0.024148601910050346,0.10927621657761585,-0.07220267105540676,-0.1678417470449504,0.3171178112496172,0.07271776012249927,0.016969339116438626,0.19404175682058875,0.062421311815875215,-0.31831757334401434,-0.18345885262132552,0.10661542713398439,-0.0010993163555897277,0.23192636470306943,0.011863841245589849,-0.006266270302921329,-0.031057411127663425,-0.3458355996886345,-0.22892415341146005,0.11554706302134299,0.1711272249681976,-0.11221636892896228,0.04900487561379322,0.1889285953687465,-0.018326053212130492,-0.0009752736067053042,-0.3455666375780916,-0.23292376047485966,-0.2120782483755202,0.10478855563451142,-0.1469127119326294,0.10197219912796374,-0.09369340932717857,-0.13211962740245492,-0.17048000306714856,-0.023265029846423833,-0.01498985209451685,0.025383894319084326,0.24710803636257425,-0.1258899537605587,-0.13137996314476585,0.09616944975968142,-0.2377791259055544,-0.17243572117052766,-0.25026557117722664,0.14427002665585822,-0.0679041955327809,-0.17549290167181295,-0.13994701059009154,-0.007356452306765138,0.18199496353012937,0.11123450665502002,-0.18797272181241473,0.17246850044357837,0.35516092701764085,-0.39319367895912355,-0.12720986560880196,0.10433952087458584,0.0848157199686843
"Haru, Bayi Prematur Asal Skotlandia Ini Berhasil Sembuh dari Virus Corona",health,0.48050014934781493,0.10160450845868071,0.4078815962623248,0.30339901985094786,-0.102119896676182,0.5471975544157783,0.1974021769829068,-0.09586282332183942,-0.446833309207019,0.13666510214154037,-0.22312221417436284,0.04980051992483689,0.0737629064326085,0.45243851543225255,-0.2674417252343948,-0.05107834844102417,0.16640596499908092,-0.24037663670138013,0.2286375883991525,-7.950864264980349e-05,0.4289618950580831,-0.20058850442919132,0.11043409066573166,0.22854197755016964,0.1214870501537507,-0.22272501159682415,-0.12216026205144824,-0.5667834726829759,-0.4701620131014806,0.2335655224285372,0.05982309476094741,0.5733481099882726,-0.16600082839677063,-0.1609718094678971,-0.1674025311834272,-0.5790535142111652,-0.17215949622806268,-0.04267853729828216,-0.04733519360044391,-1.322955244733828e-05,-0.13933881586208158,0.36578588529340467,0.1674441577193963,-0.1891469758159471,0.2653238900903488,0.3407294588795643,-0.19825789910352937,-0.10871981283959796,0.0754144859030436,-0.5715363640741319,-0.0986033629584825,-0.0702048951150907,0.21885347867246285,-0.010281336306502896,-0.05750785494973108,0.39328747217198595,0.08104663640359701,0.21530244925675923,-0.18921490961820367,-0.17195937122838714,0.01970207180885095,0.1305902713850547,-0.1444026220088561,-0.18981306917931473,0.13536059364079364,-0.061715419922339074,0.12991043594398852,0.14842541971464412,-0.6254218257234698,0.22807004173838058,-0.45241734378896986,-0.15481089586841412,0.1644667735214198,0.044963163522324184,-0.5043402012018425,-0.4422292300024411,-0.13842947568701738,0.3713043994995566,0.15514928001854483,0.260278194516425,0.2116965727347831,-0.03843230580724935,0.16275393856726955,-0.3371933497491956,-0.20601947040945345,-0.13780367441096175,0.03724373874043024,-0.06081342749828606,-0.1087065033091153,-0.03693877990868862,-0.22598592657998168,0.035609475389969364,-0.19867888915490786,-0.1666564493080282,-0.20668871490766966,0.031432264518682036,-0.03899939157476312,-0.2664333343118883,-0.4034796121510087,0.30097785086933565
Trump Klaim Punya Bukti Kuat Virus Corona Berasal dari Laboratorium Wuhan,health,0.3171019918706965,0.07357551648035388,0.31966089872466613,0.2935776827624504,-0.11832222623060737,0.38258855800131536,0.15777534436575863,-0.01440301633123165,-0.3749462504118445,0.1759824675416354,-0.10211281380431383,0.17977120510767827,0.06214331248873574,0.3791190839540701,-0.18687955628411884,-0.11604803123355667,0.18583806907688785,-0.22921472403725462,0.16035680122011473,0.04125400407349966,0.39599828471977233,-0.16928257215069842,0.03875891980745349,0.24507734148189733,0.0494820444807942,-0.2103443756315603,-0.10708497925019889,-0.4579733395939406,-0.3627296723706233,0.1599928136283121,0.04590671059092066,0.45632790715735644,-0.10630385346537445,-0.14723061989959765,-0.11772557474839854,-0.45726090856631546,-0.23437274048273435,-0.05461242270262989,-0.07628001251823686,0.05049525611922674,-0.10832081015501016,0.27618530164799837,0.14321866937323405,-0.06847639372254037,0.19270033472758544,0.2977673710686365,-0.1601006885821536,-0.1252618446607428,0.16358355638382288,-0.5164099565880429,-0.08406189331386876,-0.14582401256124716,0.17378958312427806,0.023041993103003634,-0.029147306528118866,0.270450102517067,0.08706432802758853,0.20194152122649495,-0.20417353778730632,-0.21840978468565658,-0.005893069825618201,0.1415729243953873,-0.0972248305813018,-0.10728862207496018,0.11916711024148849,-0.002168868455542269,0.0863040307476351,0.03638002286907023,-0.5401486789025618,0.16305090381317316,-0.2745834212776299,-0.19956077701184566,0.16742453356130427,-0.08580005692113929,-0.40081153855994084,-0.409745994905936,-0.1995870631103037,0.25842484622264306,0.15159380305365,0.23992064084448117,0.19566681796327418,0.026882010010233326,0.19722750545818218,-0.3261124322674363,-0.19559135722583645,-0.16973539815894387,0.02566797902339788,-0.02042113643008215,-0.08834352430461286,-0.12697522339167833,-0.12048214682755794,0.0619811515375082,-0.14491748707801483,-0.14013156219619455,-0.2591047970150177,0.0873280366734939,-0.12474393303296476,-0.2517233259808015,-0.344001623342733,0.2607713143801019
"Sempat Sepelekan Corona, Pria di AS Terinfeksi hingga Meninggal Dunia",health,0.39472159893153386,0.10155700402533331,0.3911836877702302,0.3480696275901518,-0.1239737781017061,0.3588032974164973,0.223060331594502,0.022632966038475238,-0.5428950267391804,-0.12899948699268737,-0.009051589479741015,0.16173301256077635,0.08424457109845879,0.3390900064125506,-0.1191873062909957,-0.3134955963751957,-0.019565931664706087,-0.10530035281924516,0.09140274444921631,0.14294471972426467,0.33600620945679516,-0.20068826094595466,0.10384433886567461,0.24158156924355556,0.06279447533945709,-0.08416264117221622,-0.005288558697693525,-0.3270811625485032,-0.3512121930041603,0.12459139267359781,0.22377419270243606,0.3257667844977441,0.029026029496853165,0.08486663302080254,-0.11422181607274141,-0.385927166880825,-0.21203230752889157,-0.04501775438760153,-0.14252006935691103,0.26586465561082717,-0.11410199716645815,0.22357179261374416,0.11133845155450256,-0.13007894960531974,0.12162897471837761,0.29293448032860087,-0.16953952835968003,-0.009981518091005682,0.020255456900203295,-0.5088195360689058,-0.04014411235250619,-0.19598133979221707,0.21626861921804574,-0.0660131741729854,0.010462549787736121,0.1647046920441955,0.18741240413829213,0.10684517749573803,-0.11524145895707709,-0.1532664080121943,0.16823746065118225,0.10401350557114727,-0.2139764629465032,-0.2957729315479225,0.1444097617535477,0.08257540387261197,0.22733760394447466,0.06396205050246737,-0.48495616939427183,0.15128526151818306,-0.18374505341708827,-0.009880954307053429,0.01709675682383064,0.02187042380402203,-0.37276450258399774,-0.4234514835210808,0.0723892387623096,0.2510064270908457,0.12006924324753807,0.2928845235135711,0.11498872831730919,0.13986626588107728,0.29288124513150227,-0.42813654545133,-0.21405810053075994,0.09219057348931839,0.0344613467246164,-0.04265600388351584,-0.32598627174839523,-0.10850640983074805,-0.15834466606801872,0.04483266795158229,-0.15157738296923787,-0.1934737554991717,-0.1424122537514727,0.13027336658737435,-0.07531417574604043,-0.20603134395232806,-0.15335167118301912,0.1698146262028859
"Viral, Ade Rai Bagikan Video Transformasi Mantan Bocah Tergemuk di Dunia",health,0.18379416419012112,0.12053230237636221,0.1618286273692661,0.18713151116552362,-0.19772956722171223,0.0679662836578956,0.2280423170731741,0.02733744776761319,-0.21490386283005086,0.04422628576599226,0.1607443106041942,0.2420201739425817,-0.01078484714203184,0.261040457486828,-0.05681253423549003,-0.22580237460402905,0.06680204709617281,-0.20893370377871365,0.034737381528411417,0.10654872256286471,0.09361060957315782,-0.026574911737834467,0.09080533697549993,0.25515387536700934,-0.037281749359738305,-0.13297043550344623,0.07296396379399937,-0.1661331830155546,-0.17793777714219838,0.056250247287041734,0.08942782492639574,0.20423326973493533,0.06149888608150249,0.048989773200470585,0.026451965767311923,-0.03025343344970436,-0.12574146724425878,0.007264269689814545,-0.1241759969978609,0.05607345380050408,-0.11662836247060215,0.06824157803374782,0.10375684257232162,-0.009237064007091398,-0.03146579030046327,0.1967921986810077,-0.05786990320363716,0.048200934994366826,0.15528304428444717,-0.36873653124128625,-0.1497122269454646,-0.19512360240566026,0.20086343781626267,-0.06236818858461516,0.09683812050044346,-0.0015980071529832884,0.13959807525218276,0.009207564510542226,-0.0619544138733671,-0.08124317017523239,0.16244024609321292,0.08806074241800949,-0.02039812452121212,-0.05988496980889298,0.12959471955336194,0.1040018658421199,-0.004255669533354388,0.029448672584946094,-0.36156850861392065,-0.05294784895487897,-0.034344804129101986,0.0037989814965044845,0.14844059120766875,-0.12054500436064856,-0.20355223900918099,-0.3449303473285491,-0.033440687354839536,0.11221933106766606,0.07298958483317386,0.1796316134873598,0.07650708833301478,-0.04886632189264197,0.21486812887956336,-0.3201762326670351,-0.1162804593909639,-0.020271580721532893,0.004705404763781405,0.04008125408315719,-0.2935855750782991,-0.12668054341825727,-0.07822193244954795,0.15987733663715023,-0.05993273114425078,-0.1931192317053814,-0.07712402502735023,0.30172444441273255,-0.33343676188257004,-0.06358798748498756,-0.06036139211214662,0.11311219755630131
"Jika Sudah Dinyatakan Sembuh, Apa Pasien Bisa Jadi Kebal Corona?",health,0.48628549128692666,0.06354956951489978,0.5573065567148311,0.31698723129149353,-0.01383667661231359,0.7137138769925991,0.35825163774109287,-0.14987556967927657,-0.6510708502224328,0.08786092860101898,-0.16668551578814944,0.11258963732060398,0.09593134091221069,0.5233070020558687,-0.3234564257940856,-0.23309911061556823,0.018273011415835594,-0.3066789371869866,0.24058733778158675,-0.1135937531463954,0.5566455484628537,-0.2549951354190207,0.11552050032165931,0.16181866729063674,0.14326903623086815,-0.007566188519278998,-0.14217954432153382,-0.6277732081188196,-0.6884050328943169,0.2765175474320757,0.27842723481261633,0.6212823856462316,-0.09563238749895626,-0.11465686152997868,-0.243363010898682,-0.7357415403315393,-0.367015415028786,-0.12470002594133371,0.013381291317062885,0.1545911630059375,-0.05104011924603299,0.20462778938389967,0.07563101862373618,-0.2735477542032799,0.31019552913581006,0.39483143355333905,-0.10822871094511037,0.03228152346781007,0.05589660965854896,-0.6332824974145301,-0.09220209224934203,-0.09390040963236465,0.2414612189851574,-0.15520786181968252,-0.07007922472345626,0.34142721458435316,0.2740370529330215,0.3764730086057701,-0.10168254195258407,-0.2304196866543272,0.17250316736898563,0.0434837105318157,-0.14688902592314326,-0.4098688262571328,0.12781762985844275,0.14559230927755382,0.20970765797099306,0.37049763516441425,-0.6754728278099157,0.37598416878490787,-0.5435176962770921,-0.015630143316344648,0.05935697253406141,0.009358447043173037,-0.6580270144908527,-0.45475766061582634,-0.062440392893006465,0.3740855695490776,0.09774555863407916,0.2589155406740837,0.18717417128345687,0.10487895948126667,0.3202741399801982,-0.47325116974127385,-0.36366249328081907,-0.04806056684297028,0.058731818252054056,-0.07215036589641764,-0.18495134324018528,-0.02864024036200855,-0.26170677732214587,0.2067176520836673,-0.27252842650669856,-0.22756891739744797,-0.1670798929698595,-0.06582326189898294,0.051370024334957694,-0.3645663233251714,-0.47673542191275725,0.3436411610355039
"Bintang Film James Bond, Honor Blackman Meninggal di Usia 94 Tahun",health,0.3893636176365671,0.22669301446775605,0.13875142109001104,0.23803211214948897,-0.1589094773889963,0.1978108883234836,0.18990523085986086,0.011508635297558396,-0.4046922008039729,-0.17803716235546468,0.07370052669026755,0.10299073539672854,0.037208038013944754,0.3132660185766471,-0.06028866950887451,-0.3012629065704762,-0.04722893792165834,-0.04439527621139837,0.031126451417478957,0.17151476943941046,0.006451058966859935,-0.13461597411047052,0.17901097652425596,0.31376908769107253,0.09820312764909819,-0.17256356509523318,0.10024093344220447,-0.19772405757008193,-0.19356428618430746,0.12970226508969362,0.12308191448605453,0.1629915312246395,0.018512434725711832,0.15364448079517581,-0.0485705572427881,-0.11535541559684079,-0.0816085609360164,0.029163933032731945,-0.2189710432634933,0.23239102238066137,-0.1016636177991042,0.05299961658904896,0.10123262757011363,-0.13273662281616871,-0.015581150239612075,0.23310505846409577,-0.10031912728816234,-0.024546656132763186,-0.010299577508284884,-0.3173733098636753,-0.09192636406508414,-0.10150284984061662,0.2004382781330311,-0.08536829263058848,-0.015382744720230228,0.0843661407933445,0.0888598354406473,-0.05195638597222083,-0.0931457778078451,0.0013929123823051743,0.13563362321992556,0.18069926361159327,-0.17921551069643127,-0.16753311005080368,0.15023794844760677,-0.01245616709381795,0.13298248733802975,-0.0626431538135329,-0.349172439064055,0.02574557034747315,-0.03391569650401866,-0.04572582049883694,0.041663214011933965,-0.01623232183247585,-0.24397948930444605,-0.4417751759560648,0.12432385597256795,0.20156367826095256,0.07092333943198485,0.31514565178446313,0.024843768619431033,0.043668841357289136,0.14362142000949563,-0.44616155649229783,-0.19780106548135107,0.013618186663796217,0.047880974347975246,-0.002134352055529782,-0.2736081777583896,-0.10145991203277673,-0.08571531384676485,0.04238972924720345,-0.005079074137676364,-0.11640279976513335,0.060195404521491934,0.25248263102569385,-0.13337580755344844,-0.06692513245327905,0.07213602936915692,0.1362260365548963
"Andrea Dian Sembuh dari Corona, Ini Artinya",health,0.395120363105273,0.03625252303004029,0.5431689465221708,0.2706351425927248,-0.10060129623985663,0.6054290218308185,0.219926655554797,-0.07307306426531099,-0.5070197256019542,0.07093703050700687,-0.2419467803834031,0.09154355323420486,0.04404454123713011,0.44724833586309937,-0.2649961273707139,-0.2415693648555001,0.13002763582336074,-0.3239056937436809,0.2563127507444893,-0.06532365654191392,0.6368085168422191,-0.2676033488654278,0.12458327067046668,0.24077789404815092,0.24744084650629766,-0.015040603018599313,-0.13518983045025706,-0.5968318164558136,-0.5594968079393446,0.18563721008866288,0.1769066469144321,0.4747294894138352,-0.17107298450993658,-0.11621270245670239,-0.2447056245909665,-0.6658596166479843,-0.2736379578597156,-0.06459926345611679,-0.09321911509257769,0.099552625602255,-0.10497946593330372,0.39822240310181073,0.13631675188095088,-0.18582277722069432,0.3169154240468673,0.3837323488450539,-0.18098861627322554,-0.13903866462534623,0.062256456063078794,-0.6087797676305151,-0.11245881252334367,-0.12521812381267233,0.29068747948130996,-0.03742998684190567,-0.12477730166087189,0.3716436733585424,0.23784138695054774,0.3465367546803232,-0.2569584881221273,-0.18935986134787636,0.17218080755171522,0.04000376928109103,-0.16000069531646685,-0.2891840827284067,0.13452344184046708,-0.08093930340083211,0.12517622343919665,0.2821835576858079,-0.6771231407333352,0.22936544814997975,-0.5542962965848754,-0.06058358116395093,0.1549328396549582,-0.008701544720081106,-0.5705973395942889,-0.4218797729990017,-0.08743905035692875,0.2921934879103486,0.10734318636110267,0.21668358987880998,0.1672267340764125,-0.02614306965090628,0.2010411071237704,-0.3154971024043732,-0.20974198804434133,-0.06754091380553116,0.06935082277307478,0.04227916013946769,-0.13042248735242584,0.02384207951485313,-0.25491579665732533,0.059460992707913815,-0.24888954615813902,-0.2631821082079224,-0.20856817302437408,0.02513077586207011,0.03486084205962929,-0.42757122168799555,-0.40536240808275154,0.3608563633048294
"Viral Tips Cuci Kasur Bekas Banjir Pakai Kaporit, Hati-hati Ini Risikonya",health,-0.027115978365678865,0.0467417391650174,0.021898963918037275,0.1922027617808027,-0.1845043142771921,0.08665616822697077,0.28499342816109396,0.02823334810394272,-0.1770707051749023,0.019246888354393546,0.2644273693440098,0.3799188580130716,0.3220971569422712,0.33242573301781336,0.0491366716948138,-0.09691470340696463,-0.1183048266944852,-0.3303975061057537,-0.03261478153225258,0.12721412093937934,-0.08179872956027276,0.04986260217378718,0.25907869948896395,0.21678753415230181,-0.06515130211362107,-0.2919597275775267,0.006349575373705143,-0.16459999990579702,-0.008804477574810137,0.2093924533845403,-0.028530330833799925,0.22072926214892127,0.1018122836334289,0.050614288249244216,0.14832590100917667,0.03309271278124664,-0.20746356497293983,-0.01603283439942295,0.042127193474420656,0.016537566943939454,-0.15917439444060066,-0.07496030684742185,0.04206922310804102,-0.15436834084505427,-0.05600129535067595,0.29020600238669336,0.10578369315369489,0.23520863768917447,0.22141107077662098,-0.11590939007950353,-0.2266710476883743,-0.21108396170041074,0.02747360754911314,-0.1272345136444078,0.36848312777528824,-0.012093865042137934,0.21380625678044965,0.09951617364888077,-0.15611829301685443,-0.23030575510435483,0.18293826918479786,0.14475742503043224,-0.22474235886641367,-0.2565371097161341,0.14424085207602064,0.22659489083260329,0.24533548445682946,-0.11018706570568297,-0.2055762020272695,-0.05282522558031799,0.08013622262963732,-0.07409842850443932,0.036294777374572436,0.019746021852626805,-0.23644609194288585,-0.1614305084881296,-0.13798160119392822,0.10607389128811634,-0.006636459035854082,0.19561393907017058,0.004650823918484818,0.04219035588873533,0.340035792671486,-0.3880726618182193,-0.15015697626111307,-0.06788883318011987,0.14374470087522587,-0.20386781885628077,-0.19665249611846358,-0.1413916027383427,-0.029101675981214766,0.36217176264127016,0.09114400287957065,-0.24081989749321533,0.04923852478470106,0.14867388563267941,-0.344293554711222,-0.11306476884586282,-0.007473372715634094,-0.0024438120301879702
"48 Meninggal dari 514 Kasus, Tingkat Kematian Corona RI 9,3 Persen",health,0.5295936096331034,0.12336206032173881,0.4716709225549681,0.3973554484714876,-0.1344871817167705,0.5294567610949911,0.2017301191353201,-0.049925837477939446,-0.5624013264003624,-0.04421962883150694,-0.10714975487494074,0.0558026344389015,-0.11477880759001853,0.4380196842531189,-0.290812505613126,-0.3291903814144642,0.12300664781860794,-0.18560066670360106,0.1974567972838097,0.15630822426321803,0.5747954519079235,-0.26539789668556757,-0.03506659059293475,0.3323672853358512,0.08908208689885273,-0.048876707435519244,-0.06533724652040786,-0.4874852861784658,-0.5186301996552757,0.05108118967025307,0.19309665430745135,0.4137617205765502,0.040666452521874556,0.030802167874539772,-0.20371267792916162,-0.5655991853261573,-0.22831377159950453,-0.06663082684690881,-0.2206838093026753,0.12714280430288272,-0.15481663292255138,0.44418038380973995,0.24330072757671298,-0.07489041558008666,0.26240759820523624,0.3466176006060188,-0.2205082538546069,-0.128592100434039,0.007327561609584046,-0.6372757310160848,-0.049705518222187,-0.1336952187368901,0.3305982498506705,0.06282037929534796,-0.14872181868319262,0.30227862676213435,0.1972188203810283,0.16846141372755596,-0.22949873248393088,-0.07603055312087524,0.14512782489746565,0.129922089602776,-0.22642400360288412,-0.2533601861024977,0.11812012781595851,-0.037284087824288416,0.1603564643581083,0.1665966166454387,-0.6321157827471521,0.20700012230131884,-0.41362122427593995,-0.07472234266512676,0.0931853671537554,-0.00402515049465148,-0.5421404645897009,-0.5995735344716352,0.0008576839093361877,0.3032264359159025,0.1387801830830358,0.2945661304045763,0.20509402618896272,0.08837106157540305,0.25461137485285823,-0.45592585439372124,-0.18940575980943697,-0.023116066484208397,0.02787572293144138,0.05613225487103118,-0.23954918566782418,-0.04936338774685083,-0.12515955224664202,-0.01624552563813487,-0.21992340660138127,-0.25787271044663435,-0.27622106955852876,0.12515312140865126,0.022983664823006,-0.2843398944616088,-0.24318416355399167,0.3128351236513661
"Kurang dari 7 Jam, 98 Orang Pasien Virus Corona Meninggal di New York",health,0.4718121755854415,0.005360759577901323,0.4806226127648764,0.3937332644077278,-0.08469133004089796,0.6155825143894704,0.33353765236089306,-0.0498403738318117,-0.533862263053805,0.08050471705803405,-0.09438157713061021,0.22010153865155316,0.011652339849848183,0.4019512822753523,-0.3839861352062391,-0.21171773942682798,0.0766278342475021,-0.20815573919326658,0.2704096085988276,0.07423882215485234,0.41229912738385055,-0.21978812541571024,-0.007510279810940286,0.16298864926170653,0.10456597302436285,-0.21212388745059474,-0.17850047472851827,-0.6130581078569385,-0.5276379390082747,0.11587719987681469,0.2167941230778808,0.6397446863774943,0.02581665326366443,-0.010627445053415095,-0.19815323746697017,-0.6862204521633642,-0.2654466820403435,-0.11791617301943903,-0.028246348714368694,0.14378541870740735,-0.06198102157004167,0.18243156250997952,0.215530152313533,-0.11658300740959913,0.24689663138645176,0.3289998502943862,-0.15967040062594232,0.03616515570887397,0.0587031620087005,-0.6544086568660712,0.05322818938092984,-0.1639947993487796,0.23041776824962415,0.054298348565770004,-0.06542334355639905,0.29186299170931473,0.09936573471527546,0.16829661311049804,-0.14489046626544635,-0.27444465315128624,0.01990411521401307,0.08561891236582042,-0.2332154146896231,-0.25459772836418065,0.10359535721201399,0.094346197030534,0.2771278962105008,0.1394701211358783,-0.5717549134759201,0.30397340470477313,-0.34734522625595754,-0.17832588901037372,-0.02668296097555885,-0.027102238129903908,-0.5273744470521158,-0.5376205770729925,-0.12380782289067353,0.48940075815779505,0.13962624864468484,0.37830338232323846,0.2902990929592951,0.20662601632589428,0.3982878973002987,-0.5356007089502013,-0.27388478765603996,-0.152456316926022,0.10585737591576977,-0.12165640216578451,-0.20996450662836896,0.0010869972382741536,-0.2531385720120481,0.19327662918856833,-0.23961631933363947,-0.23586500197780266,-0.2963395072980845,-0.03214138612649073,-0.11315377656803,-0.31908893481701744,-0.45340230518610725,0.28100974357658115
"Anak dan Remaja Mudah Stres Saat Pandemi Corona, Berikut Cara Mengatasinya",health,0.36912680656708874,0.12445959891169313,0.38982596719800605,0.32177713178494805,-0.09257553671958077,0.33067640457833636,0.21642394252953878,-0.1438650639546272,-0.4207128049604656,0.02210515726443145,-0.0021611551585336455,0.16804336685548654,0.14594607818082123,0.3868741872957525,-0.19972043753435828,-0.20743754731996286,0.06008387732645337,-0.1939732428359357,0.17267738275542033,0.040211133342817174,0.2634975167327595,-0.19930421758240574,0.09444111281881133,0.2944760421408032,0.019525082684338592,-0.17050334807926007,0.006397643379048945,-0.3938863863752768,-0.4625216068194116,0.11936713137997741,0.14285162590772552,0.2997324101277096,-0.08042027333037713,-0.05373940657629364,-0.08385943683959468,-0.4713174665296832,-0.2556223647070952,-0.024611238348833945,-0.10397272124563454,0.11165169835000503,-0.1547380651195356,0.14204927874425058,0.06338446919404842,-0.18500243976726444,0.15315725426291193,0.3110061999858565,-0.10143870046973562,-0.05819058484785808,0.08770229164335126,-0.37751271003563425,-0.06777195235016228,-0.16015501457254477,0.20684456597446263,0.010287372384512666,-0.06363863799179764,0.2813083129115672,0.13165994235440992,0.14568455737646982,-0.12325885583349433,-0.14501428780255052,0.07700932534319556,0.16262934251696717,-0.15641677903186177,-0.1415356389808607,0.10025575591865886,-0.07159606372081088,0.1485380064309767,0.016692640035435382,-0.4842486888834747,0.23763851346645737,-0.1919131429006599,-0.05227232596820946,0.025112336922526228,-0.004996651223532805,-0.3626147349067073,-0.45348949581204295,-0.1284725600311525,0.2881693908401355,0.14417039172595378,0.17529950296839206,0.14203631905918238,0.03419062412760437,0.19041032571866626,-0.35456570713953073,-0.23268388187153327,-0.04265663463511085,0.0506053163775041,0.0957550162546943,-0.07211582012820944,-0.07967257576333818,-0.11897709129948396,0.05151942095065212,-0.15097899791411,-0.16832401742644118,-0.155330618218034,0.09515093123443476,-0.12932973842056333,-0.3358165846461743,-0.22704196274623398,0.2565789829710465
10 Wilayah Indonesia dengan Penambahan Kasus Corona Terbanyak 27 Mei,health,0.57161195910722,0.182525336578613,0.41855556259595367,0.3046017474525824,-0.2698306160067549,0.4542331351428734,0.09847650215657741,-0.04585316473934531,-0.5726767192983843,0.031390077260092936,-0.1957190402325468,0.07442975224919335,-0.10726473253101947,0.5117131169423373,-0.24902612731530735,-0.17134355422568018,0.13721522217079285,-0.31126914396524,0.2624382097115277,0.10940151432273963,0.607446778698901,-0.2150720954496718,0.03830587258825057,0.41352245461860465,0.03919951571904342,0.006313893561725173,-0.1759273130494559,-0.4472809645676775,-0.45734703759037737,0.011245322414725697,0.08930748243086861,0.4342904911039294,0.023271227402678528,-0.06820198148635233,-0.08908931712504405,-0.5023639206629612,-0.17446339021939014,0.04139976149052742,-0.2760573487031603,-0.06850047678407206,-0.1759622921170811,0.5321217148734723,0.18815689015418965,-0.12059408754576181,0.30503475935526875,0.37088614961098365,-0.23284369544994776,-0.15326636724918613,-0.025511211843849784,-0.5958515123108331,-0.015513988658479916,-0.06715651568780746,0.3416839847808985,0.052650009616113345,-0.1838520065854219,0.4391791503132299,0.24604494978301314,0.08681393538010122,-0.34693994533083394,-0.05276699197576486,0.1203924030859573,0.18765011901818932,-0.24330678089068405,-0.18021508226530364,0.2010907396916251,-0.21012016433413988,0.022696540315473863,0.09170905210105675,-0.6824005070226616,0.09595153723999565,-0.6304066952059918,-0.18997048063265104,0.087757168130895,0.052492832149554296,-0.5706476854379802,-0.5324656792864482,-0.13667841138994502,0.30244670105953103,0.18165275222211144,0.2909777322015075,0.12326286166011695,-0.01739564457833048,0.19497690434957013,-0.38269199686514294,-0.1291849817363779,-0.07613321901402359,-0.02482989194581242,0.02664142346851012,-0.11841730963416645,-0.1490074922126951,-0.11663145384666972,-0.12510505900463295,-0.11569311401841224,-0.24984056896185394,-0.21899819080857055,0.20563245831053467,0.11643572769053323,-0.20132124256811434,-0.24598863905025423,0.39814342747276427
Kenali Penyebab Penyakit Antraks dan Gejalanya,health,0.05491055861329495,0.18522744589343726,0.22253280356413363,0.17393602735957617,-0.020034776699619235,0.12208256459666293,0.19605093038500784,0.053692397277820283,-0.22765013012541938,0.11120664737341164,0.1316018142977829,0.242501232456709,0.1243250362058251,0.25168374624846185,-0.12751954911659577,-0.30976274581133756,0.17524111290912758,-0.2829288152860919,0.08405271115010673,-0.07119328625983304,0.11755759859209466,0.03761589494011492,-0.007830468257020133,0.3386892722670976,-0.032223921491985656,-0.02028538829917141,0.08619875941852448,-0.2694698381125411,-0.25671474585714427,0.10397069896777995,0.11361960607859822,0.1562461417149828,-0.0425725362460278,-0.03436488007593481,0.010461447178925503,-0.24640350994486765,-0.2561241903088837,-0.007468000876528642,-0.08214858522443642,0.04459244373833446,-0.22539284947682664,0.049102046155013075,-0.04994391319955165,-0.029913364888422566,0.14085469531552824,0.2972380835450942,-0.15560742013995987,-0.005830196601943876,0.22345846702173566,-0.39605406987696395,-0.11074435814713375,-0.053046434750218883,0.24161296754223036,-0.013798609357111469,-0.04026094990580379,-0.016238834000418874,0.12819280746507727,0.2929347137068353,-0.24687689140752905,0.01063121177744802,0.09847700592409382,-0.030734734440400126,0.04133001672354729,-0.1602087944292938,0.054840664645719184,0.034738289648143225,0.12331761741346381,0.094292026157798,-0.30090919458781035,0.0120522031047893,0.10001512062704876,-0.05603693169726108,0.1859956815898269,-0.2699024128545048,-0.33833663879456755,-0.4033328159816195,-0.37016773255884355,0.016578947586690523,0.049053224478608895,0.280073727770337,0.06957207780570071,0.029360041639783487,0.23556701381303197,-0.3782524412728578,-0.15466537798574945,-0.12748965931804643,-0.04101214777762404,0.18918035861038643,-0.12047784650038847,0.07902592425394395,0.06965271804027812,0.05910473643367213,-0.1694805685459282,-0.1504065975161936,-0.2098111164317531,0.10379534337785996,-0.2938361305909377,-0.16511128531873873,-0.10653314427454123,0.18601607556271205
"Hoax Virus Corona Merajalela, Kenapa Orang Mudah Percaya Berita Bohong?",health,0.43552866197567325,0.018345422675496267,0.3595124918656405,0.2946597756747213,-0.12364262912909647,0.4288292521564134,0.2623710686913233,-0.12977794089061911,-0.44109644974797846,0.17551801356780652,-0.051538338783107304,0.22801186763613693,0.12703002146575448,0.45354588788637873,-0.2601434161009381,-0.10110463399916846,0.15797918288573853,-0.2759450371668225,0.2704532210785872,0.038320964453569153,0.4062518452802457,-0.15033475018120396,0.05497475983793527,0.2695352903022717,0.023777695063968672,-0.18134641549779204,-0.11420395214172722,-0.5297605388095524,-0.5126414007054971,0.10534538401566731,0.11908415999409962,0.5034527092514836,-0.09847792997264021,-0.19568476389307848,-0.15704486953604613,-0.6049215370116736,-0.2583689229083086,-0.09999948172352958,0.0015231443100621675,0.01622494909023922,-0.16921431558442768,0.16155834153106066,0.12286601003231344,-0.22628219404579436,0.22747395282419192,0.2810086208284447,-0.1882460567481867,-0.05753482059025583,0.11271200772583294,-0.4766268173735651,-0.009203863499145017,-0.11253022171942877,0.20097961673921466,0.08198232604634303,-0.08365817670428743,0.3494182544744759,0.1130215110027512,0.1731393399841635,-0.18038134627758434,-0.22185374815361175,0.0018428249328019545,0.17396895314672262,-0.14711403590089944,-0.04009968277856468,0.06255222839017063,-0.025520964328320746,0.12158861441352926,0.07559058839015899,-0.5084704442465499,0.230049146884164,-0.29876419852826225,-0.20091505149705297,0.06634813394642729,0.007382716175443378,-0.44376605632106075,-0.4230815180370153,-0.18324875617707717,0.3886564321594286,0.16240562111968418,0.17161371067895292,0.21435289958251796,0.008465549992857436,0.2275403234491301,-0.381310644239247,-0.19497838328432954,-0.189644209572377,0.08478313200385545,-0.0642301805662229,0.011309555602932604,-0.06157385046383674,-0.21403185963222846,0.10885751073836689,-0.2117661914091948,-0.10350697895041089,-0.2741759635558055,0.020763966980443797,-0.030168937367285868,-0.27968617388000255,-0.38914397637989634,0.3053223968483728
Corona Bikin Orang Malas Bercinta,health,0.31053611943888104,-0.047846172390374975,0.42779891054012176,0.1736295246129753,-0.1310521647435622,0.27988437492437135,0.25676516476354355,-0.06959213856473047,-0.4298030927648945,0.06503274538277355,-0.004628701120377254,0.3262800530745496,0.24144019654679413,0.404792701822733,-0.0985287251736375,-0.20742941980482094,0.07262693426661279,-0.3793528770720207,0.24119806694176874,-0.027595132218604757,0.4126712282007216,-0.16956438244785318,0.13690604470554343,0.28908463916861427,0.08172305950527302,-0.039048951469144985,-0.12580882380987873,-0.5285367050092387,-0.40842292317611306,0.028508558608405826,0.2563654949254809,0.2710912489706384,-0.1195558057099276,-0.20816482361976787,-0.23208521751315017,-0.5359409151778953,-0.39713373070371016,-0.08551530976999147,-0.02531286310963416,0.17836689239207515,-0.10143344934557615,0.04344584255998736,0.049277685269482355,-0.25866318381644593,0.15590435720317514,0.31582937683878154,-0.10564705799593113,-0.08668802460915981,0.13300528531560168,-0.3196426707211103,-0.025819822714519696,-0.23141179817705554,0.2623809994997808,0.08739500613021516,-0.12303054723654494,0.30378472926994926,0.12704669894017256,0.20644276224940145,-0.15937538652237052,-0.33981069484637194,0.12867560562160446,0.09147531045502816,-0.16071665183535153,0.021579528694247528,0.06961782499368283,-0.016740814584406093,0.01951492076207348,0.03127934522367963,-0.40896231006780714,0.14663509973229907,-0.12974438438192132,-0.11509849877780202,0.031056886407841922,-0.12249078719425446,-0.33419892478029134,-0.222322961261373,-0.1266322348881617,0.28269922033172057,0.02399148317016761,0.07901184280856022,0.12275062764493258,-0.045677837435685584,0.20090820568651205,-0.3785827191576089,-0.3294451664505666,-0.2051771941393629,0.15004894798008864,0.015001057303350199,-0.04771568963412147,-0.061479854303172564,-0.25519826334473017,0.22972114007138728,-0.1354750841695445,-0.14059813045181774,-0.20132885744309598,0.057341216750924205,-0.020823033733736063,-0.42087199894517113,-0.3122093711601186,0.3079085274722779
"Jahe dan Temulawak Langka Imbas Corona, Ilmuwan UI Kembangkan Propolis",health,0.27842920507820185,0.014844009632244446,0.3600265624742035,0.2287105141068275,-0.15695194619409067,0.34617936024846985,0.19565256573796155,0.0030809065542068076,-0.36620179044856993,0.10392211957335402,-0.1006372352559952,0.1500980206164297,0.043515714694055734,0.31344777759824594,-0.16563487967266932,-0.14840646383585598,0.14089513673062012,-0.2855192000679306,0.19695781662362977,-0.009114489488741676,0.4804204824473078,-0.15251511453088895,0.03677672759223836,0.2665291642452823,0.06708538201191466,-0.04810222351630368,-0.12236115249735535,-0.3960288444162228,-0.32826580040937253,0.05725614536552865,0.1084717410955514,0.3814181666184344,-0.048664854788012336,-0.1023900025002547,-0.10151405074073316,-0.47492144318691776,-0.26733045796363486,-0.10259236551540478,-0.044964362860015324,0.004026522562854389,-0.10522477966339064,0.2716398156481633,0.15659418868888475,-0.11171771116110094,0.232430760013013,0.3114529698594761,-0.18246564630404943,-0.07959543833024657,0.10131222375182156,-0.36956950808263955,-0.06890844795825936,-0.10765858196882366,0.21675974977845913,0.012325638255415085,-0.05084729592372117,0.2789066810814555,0.1673902640713107,0.2190566613174195,-0.19571834882821404,-0.20687032378025894,0.07801882324044189,0.05249996702938547,-0.1390045731445738,-0.11619665701427223,0.13361726500536514,-0.015970635287834586,0.08402066124906842,0.08814196681839981,-0.47338345665388787,0.17114094957735565,-0.3149929366931877,-0.05232738335648547,0.08159823443805142,-0.004214761313014677,-0.44628695710083804,-0.34685407772264,-0.1601246649327102,0.23415686552919102,0.11614880555221802,0.15200057144007925,0.1289321249876758,0.02360025699421502,0.22542917551564517,-0.30791752129289507,-0.1838664760483042,-0.1262874507033126,0.054894524699908784,0.012943427278901909,-0.09329703564385512,-0.03129465719550405,-0.13423327971964832,0.08147840370693915,-0.1921513142416632,-0.1903558178878247,-0.17638206429327813,0.08170370568621534,-0.05932235443057467,-0.2673933260423328,-0.31082448600541457,0.29488076504853916
Menanti Bukti 'Antivirus' Eucalyptus Lenyapkan Corona dari Muka Bumi,health,0.24595579430261622,-0.000198464222217384,0.3754699711062571,0.2516300147273424,-0.1474625783171679,0.30072610359195945,0.1645981809463289,-0.006390094645251147,-0.34183959727942415,0.09530319560747202,-0.0747649135841027,0.19699457101887333,0.048913224372056446,0.3161096416840144,-0.14666704399497218,-0.19530570308300438,0.1049474304381445,-0.24231678008204244,0.1349768134595456,0.045084978640816994,0.4009000699143003,-0.19167796586199287,0.007205186505117329,0.21386853981467577,0.0603363105060321,-0.09115599812818505,-0.10704923783642085,-0.3548358977240233,-0.2845967323397914,0.06937147431856151,0.10608709603414891,0.3087303019330395,-0.07610066764850447,-0.08223520523051817,-0.10505439663156965,-0.4044876508373205,-0.2438178181770717,-0.051464695111419365,-0.09723026638953823,0.09603834661072788,-0.06137237280125755,0.24430123204970047,0.1242098245040676,-0.03457266713918009,0.1587612190015894,0.2981731540979878,-0.12678325602281856,-0.11816471895830832,0.1068166474880383,-0.39422445303231907,-0.08927142787152259,-0.16160194969881822,0.18217767786672429,0.031564358552973994,-0.06976720161273121,0.21311405007307951,0.12833123764445678,0.18271057852822353,-0.18384823446921467,-0.22206300662226955,0.07027064258605613,0.1063039841954803,-0.13955138930932165,-0.12903461523768486,0.13057670421713763,-0.018483058081649215,0.068477597618914,0.006736035774331482,-0.4913922134230642,0.12527711154043636,-0.258561059418837,-0.10244375306404026,0.09179448143113549,-0.07717232300069787,-0.3302604060452209,-0.33994324874183507,-0.1373304302895602,0.16722201343814141,0.10566206414411254,0.1788083839025287,0.1258460468009031,0.008323929301339109,0.17485574821206978,-0.27244185394345166,-0.14809254283473117,-0.08290796451232389,0.033265473339498135,0.003422190953268227,-0.09303847721826426,-0.13496840042951083,-0.10155214256917552,0.04660190663922666,-0.14735847094703483,-0.20088010124233552,-0.19855061079376987,0.11852042306085364,-0.11294923194245063,-0.2920972601560938,-0.24122798962086128,0.24030629725622601
"Indonesia Terdampak Virus Corona, Davis Cup 2020 di Jakarta Jalan Terus",sport,0.37088173849361633,0.1181427600656442,0.27047393402188774,0.28560392182686434,-0.30171660513553406,0.3574108572752502,0.22677350069336277,0.001505828926001992,-0.3976553004330205,0.12663111820641612,-0.12280738363903008,0.17949498307396541,0.02711105104887804,0.3945946328413144,-0.1602791795338524,-0.11887373772308726,0.11595776635413227,-0.3237684311588042,0.2611652916465898,0.09262087522562469,0.37457026051517145,-0.11632354092342356,0.15095550887686066,0.3626162185909731,0.10798925487003012,-0.16957776670644045,-0.18074277156039997,-0.46261927171779327,-0.2728847497354114,0.12348752945233607,0.03054125504994622,0.5184268713170556,0.016180030014745838,-0.07550859469380858,-0.031350238775307585,-0.4059370267870493,-0.21635107405045284,0.02677363935986421,-0.11783902614711811,-0.04773060424988689,-0.11479997562576688,0.35138976337377226,0.18448743730785386,-0.11338474205209678,0.25156408397381885,0.38576919635364443,-0.1824427051669485,-0.022651210895015147,0.057671290490015306,-0.4321160936732892,-0.1495273670113805,-0.08008187537567202,0.15520782696898666,0.03754504084527738,-0.004442048703916713,0.30638639810538987,0.16310885138798434,0.11668008265134835,-0.3077509297256963,-0.18698816741412605,0.018965035050849535,0.14368162398290563,-0.17464750801036116,-0.14567398256503514,0.20809218546640113,-0.10122924289156009,0.09905928355380147,-0.027776097682284822,-0.5512393338179635,0.08436008181628812,-0.43658650437962065,-0.22887580587772105,0.14109689250987184,0.02536195592911273,-0.5036791788946238,-0.48208232096517645,-0.2586310340175512,0.2691325215702612,0.1105593385020579,0.3641987944939218,0.11697918417951232,-0.004871974652317036,0.22508848120727734,-0.47054874560549265,-0.13261544685839743,-0.2404274411112408,0.08214517867057718,-0.11566056631353178,-0.06591275584303398,-0.16438959102446607,-0.15820612530152436,0.09165972423098095,-0.12627343995087242,-0.192338529912403,-0.15541991033386587,0.15309212098060088,-0.08338181010027743,-0.10748066548026379,-0.29552770169916465,0.35772257804662994
"ONE Championship Hadir di Jakarta Bulan Depan, Ini Deretan Duelnya",sport,0.047736309748571494,0.00708208472627357,0.047066647068120096,0.1280895099995036,-0.3020272269225732,-0.023158528527939513,0.23147448233014714,0.14659804494893655,-0.10984305782475408,0.004402269433870632,0.11474565583898365,0.27101847667157936,0.2126511059667525,0.15774108970081008,0.05214723009602079,-0.15787209189373097,-0.014858594611008686,-0.18209918064430478,0.06011497332654523,0.0788684646995924,-0.09031253647711093,-0.024092853208321927,0.23829321672019033,0.3084468892708323,0.1347261445379322,-0.23440823577798386,0.008461940464672166,-0.1400421653048901,0.10906712518657745,0.12068806883463892,-0.021741114900055262,0.15511131702949163,0.0027690897593016677,0.03064896975171738,-0.026630918062901743,0.045007064320332676,-0.18492725614056899,0.04699829921647067,-0.09594545117863036,0.09451620270830313,-0.09312803705931083,0.036757448558118536,0.15707827228956833,-0.09596516077288303,-0.0250002030126849,0.26104866638292895,0.026573658667538306,0.019176368590648897,0.15253949619187368,-0.04535054502922786,-0.2945164553226338,-0.1338528403808798,0.07619818212433532,-0.006914065331581704,0.16772941593802018,-0.0004210755164890112,0.03204883150796339,0.06038103026070089,-0.2555038130776583,-0.18844520939540832,0.06915496930669093,0.08885392674328481,-0.05879241755764905,0.02654155754787471,0.12171093765282288,0.0052509254605741604,0.03427765471515652,-0.21163849644640162,-0.19797815214156655,-0.10205467798622428,0.08764177295427013,-0.09591744598666942,0.11928532302105757,-0.08818915098259227,-0.15623997340174745,-0.19924658843895843,-0.10770555503143406,0.031425370389030656,0.005197385831275179,0.17707280789124855,-0.04954925516799839,-0.07597173947236525,0.1232236296858204,-0.2744639153030471,-0.17660199450152275,-0.2451774516798068,0.13856041406425199,-0.03289755964731179,-0.10471679773095567,-0.07069335528396754,-0.05132348446182367,0.2128975152253072,0.006053748638205158,-0.18207586099453574,0.09097595721490219,0.25222071934435686,-0.3078338876764161,-0.09033137524907649,0.025077165392824338,0.1367478720410686
"Hafiz/Gloria Dirugikan Aturan BWF, tapi Tetap Harus Lolos Olimpiade",sport,-0.07706822545338624,0.06039572265121745,-0.026335361659862694,0.15447227817818343,-0.4384778035343934,-0.08703252345334328,0.3151894936719849,0.18113125606482083,-0.05821019981406156,0.02773203038285564,0.15203674378449736,0.4715187731062416,0.37453767518587283,0.18204564862773076,0.11241799432298648,-0.23216523450832038,-0.23863189827662784,-0.2666676444657158,-0.011229557796128498,0.1852294705107525,-0.23459488728883054,-0.006506050931626166,0.4895794666751848,0.2531734207453525,0.2811154460289996,-0.33447552751065784,-0.1473757870458737,-0.13570440926263708,0.3769778421765417,0.3181285961743473,0.04466992440578767,0.2629520151657814,0.030900293673913594,0.10578978986732934,0.12988368121932214,0.2582805848063398,-0.2858595340353756,0.1697512343261688,-0.03105477326910972,0.03162154203540048,-0.05927385557368396,-0.04705718691911486,0.06183759083818273,-0.06308954776650803,-0.13048053936137316,0.37626405962956233,0.06102780291420387,0.1522923724282737,0.1717572323965087,0.17370194578904022,-0.48648754709815645,-0.19596205099873867,0.005816366245732507,-0.004837195234926497,0.3058593095082684,-0.05082619907617331,0.05417383554749812,-0.04089577389389394,-0.39454710648521035,-0.3488424994375861,0.19305620917261437,0.127594988761496,-0.2815590465396407,-0.02995629543819551,0.2689733637822398,0.017689190278984364,0.15800893271937952,-0.4296101523555003,-0.1801132051277562,-0.2557253883121696,0.057596708196083424,-0.24464843904325295,0.1225164119293859,-0.03652653433972591,-0.15933332389098143,-0.10107637313052507,-0.12550173048107588,-0.032865344256352416,-0.09836398299892599,0.37774556388314884,-0.17982525858957618,-0.14692625637602028,0.0979588777640981,-0.35439596378222865,-0.13362386452703418,-0.3481053817394205,0.2874277815908239,-0.13579491218214104,-0.1516704020700598,-0.11610965840534888,-0.11023792603659228,0.3083800109686721,0.14187779976821754,-0.11708405209799629,0.19346103761865688,0.22139552567701332,-0.371144463988278,-0.16679011017223133,0.05510982029490828,0.10751196084756472
Greysia/Apriyani Singkirkan Wakil Kanada,sport,0.16279033581131908,0.1433618925889813,-0.004209564280455115,0.2230952912129979,-0.40805902216554635,-0.056599902536319746,0.2626610750294778,0.17244368972765128,-0.2198665372491259,-0.05845592086672372,0.20441458204792426,0.44607749735093566,0.20123563702638939,0.2798289234803597,0.09967892480011024,-0.10596037630599216,-0.07813035194644966,-0.1943038473057536,0.0021530066652599095,0.13415564265905072,-0.07393514604644724,0.005926141144864151,0.33957261666887695,0.30320481862648874,0.06357934464888025,-0.26116096413372136,-0.05125868399243651,0.02459913333436196,0.08101610886058498,0.20390286252850398,0.014302610946762693,0.17605756548264478,0.05769315073205168,0.09520790249973017,0.07890698568904306,0.20804943774229617,-0.1764718163013579,0.1517438604288094,-0.06458872480591911,0.11180284363195832,-0.12585775070653707,-0.0015086800289119135,0.1363196155109814,-0.0944290501410769,-0.015466755729260229,0.33328114160785455,0.06909351809070531,0.11664089542606786,0.11275206989948208,-0.11200329294474734,-0.2457244232996299,-0.1786681772834901,0.2415691008642363,-0.04731997003900447,0.13079619415324842,0.057555142211622966,0.04444615580506228,-0.13336943016975766,-0.27882531888430406,-0.16506203709716552,0.16877284879550397,0.19600280460845085,-0.20290816740137868,0.05427208975130734,0.12776097538487127,-0.08061532047470676,0.04493456833652455,-0.3701472128466558,-0.3028819908400894,-0.22642890814607242,0.020659696899170323,-0.2677487134366925,0.18586966165949298,-0.04427215348767037,-0.1302568094480963,-0.18819958140709697,-0.022312487470291065,0.01746278670752041,0.03578518707434582,0.2698564284139381,-0.09866142154032068,-0.07319249005479496,0.14430942863491533,-0.19514996434327342,-0.18297930255963324,-0.168992082274871,0.16806611974262592,-0.10351833231315452,-0.1346613980474889,-0.07948783751847378,-0.044609648153536144,0.16857583437363322,0.12454285467137446,0.014135737377709878,0.11540156553362442,0.3112668372743197,-0.17664634060637652,-0.03682892752325358,0.0959877593548869,0.0405749078241804
"Jakarta Banjir, Persiapan Formula E Tetap Jalan",sport,-0.19851315588664317,0.04664829629018898,-0.007356272654801738,0.14564934072502234,-0.40655742736607553,-0.08218193801721463,0.3000636776879841,0.12309130936657282,0.01938382405310794,-0.03428996840241236,0.17092269301497562,0.3977445467943655,0.36005056810812924,0.13634647577234732,0.15605019086373242,-0.21187176055458515,-0.17045675165779162,-0.3413160540836057,0.06238026268968864,0.1508505084952275,-0.15476831300848284,-0.005799132619381868,0.4808823598976974,0.2193453310017128,0.21796326387466256,-0.31797208290695417,-0.06524115938597151,-0.15878605914592536,0.2995153837437085,0.24914413493109885,0.08249459721549984,0.23226240382106256,0.07937730773740637,0.12131522970488218,0.15245341720879588,0.14827413325836694,-0.35024561872916576,0.1771914171212314,-0.020612113116121194,0.14417402301616256,-0.09468977030588586,-0.014317275097910179,0.010079671427582608,-0.03469034079695657,0.001516793595191286,0.41975210361475734,0.0637144795219897,0.2142734828029286,0.11193333861772566,0.11257979601011299,-0.4847927910190737,-0.24032482066777916,-0.028383255342569524,-0.02384508920390759,0.3718771466369218,-0.11573413289522518,0.12235797036118345,0.05050298570605288,-0.24573888688443193,-0.353719738481233,0.15250819649758937,0.07365357812766704,-0.1711969892199363,-0.08015796185198663,0.21586174631179522,0.05570312015943745,0.20336530185282645,-0.3639719050897386,-0.13053396406432785,-0.18169762338803933,0.07651020469851687,-0.15918772678873525,0.1386600293450219,-0.08198298940409893,-0.24529793803122923,-0.14318012693584906,-0.2690822505434609,-0.032770097310965064,-0.23450981128815954,0.4125990620392012,-0.1673754610252255,-0.0996114521710818,0.2789594074204536,-0.5496784862003203,-0.16397204096962356,-0.3341879208578109,0.29299474741207326,-0.13965867243654975,-0.15681633780219617,-0.1113568755364421,-0.16600424614156953,0.4642925708964308,0.10114240710037871,-0.1710418384911566,0.16810576272498826,0.1950335033248494,-0.4127500639881602,-0.0500015461421656,0.023169668303980304,0.1580746475581428
Quartararo: Aku Belum Siap Bertarung untuk Titel Juara Dunia,sport,0.12733878278051272,0.16917877299623166,0.12958157183206162,0.33605095424018966,-0.49290739346342466,-0.10056779275851038,0.3008000206751608,0.23590812291536176,-0.14346376404277253,-0.13868158360889518,0.31422097799167376,0.39916199135645325,0.26382580348242357,0.2387128144344385,0.16708344913235657,-0.3547584144522384,-0.06778572936763959,-0.11235792957793964,-0.01202545192500771,0.3393205444539494,-0.25448206538936013,-0.11905570654869367,0.26119123114166903,0.20595937663758543,0.04342531946861426,-0.5020441649503565,0.07510744227986921,-0.07350110790637938,0.1515595720785726,0.20098187212700075,0.04365386023733299,0.17673414336811236,-0.03365825557188678,0.1908229278438087,0.10021843205675743,0.251971951015626,-0.20670403123592154,0.0670784048848876,-0.2259706137526222,0.2913931645286411,0.030796373411312323,-0.03157532010608195,0.11303714086969788,0.06453265904484363,-0.23284671496592016,0.2910969250881713,-0.0755912366065252,-0.04724207286384029,0.1807995492931816,-0.19154075952606706,-0.38473554087422696,-0.331831331907491,0.04830666115254486,-0.05688363339542425,0.2905086779624085,-0.10754828248633866,-0.02358999341343036,-0.18464215979337734,-0.1532328619792192,-0.30962947017807313,0.07180604134182451,0.29014981358888065,-0.10573981253948514,0.08418813469040762,0.267516973565025,0.1572991493919211,0.12304239525904338,-0.4892192407253377,-0.3537486579132906,-0.33037397200998664,0.21859678270304642,-0.10455146874984236,0.15730730083490288,-0.20234346751171892,0.018048185072759536,-0.3744376154691492,0.0824405826226342,0.0418286242155164,0.11833328344539575,0.4008053025906899,-0.06302603276997344,-0.15394073136541228,0.12308650423343882,-0.48495046329478286,-0.11207485659514585,-0.20778810342313242,0.10120951911858021,-0.1397696794494763,-0.37383613742606064,-0.3698184922500736,9.517677663872395e-05,0.22028663511220262,0.15276250299439326,-0.16928520311159825,0.06070240054450556,0.4542243992339882,-0.5364545060010183,-0.06148923530125526,0.2758690832247607,0.03727216297571022
KONI Optimistis PON Papua Bakal Ramai Penonton,sport,0.0865533317032405,0.018558945085248635,-0.012654556390247788,0.2300568115727656,-0.2978493347332624,0.09669941951599093,0.13973180263009688,0.10629294844942368,-0.13856458137788943,0.06268004554692239,0.00021764174944444457,0.27572711730332494,0.20233008742012099,0.33658261883008134,-0.12408942618597829,-0.08449296645645162,-0.07595978893388863,-0.20960477767070484,-0.08052063457524906,0.267715183972596,-0.1472972037152688,-0.040034729591156455,0.18056285788381507,0.20406430429537395,0.013513763252448978,-0.304077305405947,-0.15248433749577006,-0.14793286816195014,0.14415766434649582,0.19625486230452355,-0.08871896553953741,0.20646131812487592,-0.15077428394858197,0.057490469638467497,0.14201007756135736,0.1488958919242286,-0.025310731112419545,0.12907610840452205,-0.17401312578813086,-0.128273688280002,-0.13790949153923288,0.09601995293780563,0.2193312383856734,-0.08841335575174758,-0.09974569369451572,0.26937486077018197,0.06232736706323002,0.036283538576482165,0.017872717955424073,-0.0014106874489475019,-0.2463742376893307,0.016066847575696493,0.023242073365047255,-0.10037868588530542,0.05066745415444738,0.06632271153745532,-0.06696979292639661,-0.059339249967351175,-0.3177784648744005,-0.06161870079776093,0.10308434199168937,0.21441355158655054,-0.33442645655587494,-0.1972242365953733,0.23020100860280426,-0.19155557934468773,0.07153487942645669,-0.08605726704869728,-0.3184709166355151,-0.14806302698039503,-0.13894714977064415,-0.2219176235133154,0.023581259205620205,0.08536466859458539,-0.26240233174063665,-0.18690871711509063,-0.05256416967343114,0.08280591222677545,0.1999494214438962,0.30692761494160964,-0.13466456545767932,-0.20198431935827088,0.08379209680857962,-0.196684239405986,0.024669509258059052,-0.07659115069033566,0.16522686472700557,-0.16923283924406632,-0.00952671239655983,-0.07032609379185632,-0.016005849640473215,-0.006686406596825117,0.004547841282084965,-0.2297749061991395,0.05247398598669835,0.26333859959346506,-0.2722815272817117,-0.08204530024639603,0.057088575963954884,0.1120494256086179
Marc Marquez Jadi Anak Emas di Honda? Ini Kata Crutchlow,sport,0.49614787311182507,0.29678862154723334,0.1877997280026619,0.2744005017072874,-0.1725824348589357,0.20666618211148688,0.32814058267088453,-0.04507593836542148,-0.4167986078727224,-0.2871675964971619,0.13867551897113933,0.10742290424989073,0.2789129892675698,0.3201869952658355,-0.04652075786229668,-0.18266994370056913,-0.1945567281784149,-0.023674616149972773,0.04662076226267665,0.07683344881222297,-0.3033391604609456,-0.12248665434668399,0.32082081054348344,0.24803082688182587,0.006259367931876595,-0.2823556933644023,0.12033534154808138,-0.14736834677635616,-0.23781537784945317,0.31091918665148055,0.12065244698540589,0.16328860454046185,-0.059133700429528875,0.029740141386407768,-0.0013819645254106389,-0.004641397792662325,-0.1570791146631233,0.03778756304621517,-0.123819707261094,0.24754682614223628,-0.0675800759953096,-0.17591322709637136,-0.010214742702731747,-0.31680534573818536,-0.16191296019325904,0.24734879957892822,0.07421565919695254,0.029888160362437976,0.06309890420118089,-0.17116888132085553,-0.19354555607084273,-0.07223318768421906,0.15542109781507085,-0.17878350961651218,0.17396417437183467,0.11750656626470805,-0.025791708381782096,-0.007133441561214687,0.015849228970446032,-0.12512632071318255,0.18154477870519203,0.1755009783606557,-0.07492236861566123,-0.17210426724663141,0.18268960582427995,0.2244351081462938,0.16602008977402966,-0.20550274962831772,-0.30321157470408056,0.09156041105047637,-0.02646367432883138,0.05677413923158806,-0.0692975193605227,-0.0027832395368255994,-0.15837214112300865,-0.363098494502932,0.16070640469256964,0.2330877606400602,0.11104135952044097,0.25909574289153087,-0.022136898503208366,0.03871143271427204,0.08574667921521266,-0.4316233723362188,-0.35466742323684414,-0.018833562813459687,0.031599676375557315,0.031038868663347145,-0.28358417888598786,-0.1307400962750076,-0.07966511086631212,0.08579007808963197,0.050970800933192596,-0.0737376371380141,0.19811391530323377,0.2792435704095828,-0.15643604533231195,-0.07452723236105303,0.11021050586911364,0.11472293958325952
Panpel PON Tak Boleh Ulangi Keburukan SEA Games 2019,sport,-0.10490136081770547,0.01685264026684385,-0.04641478663144489,0.246543031273738,-0.3066951671837051,0.10267890623029559,0.2457476727210517,0.23821043256418356,-0.17632268040558574,0.10900837620777519,0.11145066117194673,0.30976049004626105,0.41413141603196796,0.2787052357005458,0.038244987080594414,-0.20650250788116062,-0.17544597704743495,-0.3430083757274058,-0.08940156239343724,0.2753618947512417,-0.11525983849240455,-0.05421912015840476,0.18267154978191566,0.2216667874871399,0.0998350188004659,-0.3518768681900754,-0.1838458452537432,-0.23999706633575463,0.1395530091877609,0.3254302331652664,-0.1899370523808037,0.14521522973948114,-0.21847831479394642,-0.011871789194794263,0.05369862966357007,0.12047126155789493,-0.20942241554370197,-0.027749253079885582,-0.051760489508058484,-0.05690469281382647,-0.16859848943350905,-0.03636831708359441,0.23828328021324244,-0.16523328540444834,-0.14008844572725956,0.3380864717503727,0.11020327646332519,-0.006509048417884523,0.14520875226111754,0.09212080412463242,-0.37040128337355543,-0.016495291515966834,-0.14457030206999946,-0.1839114422798318,0.18639668650051644,0.04816127348667189,-0.095189666715789,0.18253888535392643,-0.43171418190488736,-0.20917514353219538,0.1424547298156669,0.15225044236186486,-0.3795255598313582,-0.3561495258253505,0.2942202444724819,-0.11631820719551475,0.18042817332978167,-0.13239603108144313,-0.2859658449447383,-0.08511182862439118,0.03087624196460101,-0.16172089442241272,-0.010287320101565882,0.05791787824639188,-0.2934711935376032,-0.10067589068357356,-0.03224731732858272,0.01828150361306813,0.2720223089009324,0.2943729356036412,-0.1507126210992266,-0.1473635766860273,0.06404213396595604,-0.13174599498640233,0.07383050896743046,-0.05176519509814299,0.24478225052230082,-0.25185001945947666,0.11575534794258735,-0.0750335090764322,0.025265766997189295,0.06272609202265537,-0.01650800530978434,-0.3113504111462582,0.02524092550044086,0.16351752184991136,-0.4064570869802996,-0.23344573590998838,-0.014798266616884928,0.060028237257522925
Kata Vinales Soal Rider Spesialis Tes Pramusim MotoGP,sport,0.1933821420782436,0.081452669481456,0.08559358499727104,0.21382104378007707,-0.20033319190749196,0.13813235162881607,0.21609667267455165,0.08104287507255356,-0.21934020783914962,0.14446631123611856,0.04678606487156922,0.12713722581941977,0.41717258630385445,0.31579728990729283,-0.06651487383782316,0.0710404185252396,-0.10923374980538285,-0.17907459076293353,-0.12905798539830143,0.3344094803449696,-0.2754617249690976,0.0023051094157726573,0.09284868781632777,0.2786443773663712,0.029612287966352215,-0.39428525529702685,-0.05530207641358962,-0.24902273605701222,0.08409322664263626,0.2863835080535393,-0.13217340070274353,0.2022696642688366,-0.10986040035213203,-0.03222407350448106,0.07143287819698224,0.12079516986170866,-0.011403892243130535,0.023477354175695277,-0.07705587176230827,-0.10852337624531655,-0.24819420457898222,0.06471789828644142,0.2873506248994531,-0.22534107456471816,-0.18502126124706308,0.3914661693998466,0.11970342199219201,-0.0856612404418598,0.012292001964593131,0.05429867053126524,-0.26063017066931543,0.08198135328227009,0.00920886712920569,-0.06724401646374528,0.18002436081171527,0.13097423971247454,-0.058389467464634345,0.07932307129508173,-0.3718546063150358,-0.21598268196095766,0.2044149451483214,0.21277946173572904,-0.24393153743930623,-0.2859945211244984,0.18591786938818392,0.059740388444534755,0.1904030736269742,-0.18671992336212945,-0.4219200566324525,-0.141530054079204,0.04668709355359547,-0.21787647296250362,0.011032167928549504,0.11051527818569046,-0.24107964966071116,-0.32468895973336287,0.06993621723259913,0.09594818944732612,0.32063662325694126,0.2023041270108183,-0.054005319871961915,-0.29965805781999477,0.08806936120647228,-0.1444462227106194,0.05090427013743167,-0.09780797035847323,0.1413113195947923,-0.2771988361120547,0.004972344404001707,-0.09360442389508436,-0.03564876084843898,-0.002227710830745513,-0.07245509165739802,-0.3899514208908171,0.20321566696988402,0.3686694074733278,-0.24944958525083372,-0.09827138200800302,0.061343420388757536,0.05569283608934039
KONI Pusat Gelar Indonesia Marathon 2020,sport,0.3298197659807916,0.201721106733721,0.09110360065995886,0.34015578720913686,-0.4487672031674922,0.1682499992992146,-0.00479217056434104,0.025759059957716803,-0.35343008835013223,0.05485354709495236,-0.12483288367782888,0.1494353360299418,0.021414906798976074,0.5448498237576249,-0.11615785260448122,-0.13122656286111523,-0.029813559165900626,-0.2607823303703047,-0.016480254721776964,0.3863626398984009,0.14544890014799217,-0.10964941997394202,0.10373838065026723,0.3712585640286457,-0.07533180144628265,-0.18196701426027564,-0.2529622647876333,-0.216707045270674,0.016610371805102147,0.12569027333445504,-0.06636970340557871,0.26434397584585967,-0.10508309184337632,0.12931882838723022,0.20933928409521707,-0.0005092096545511931,-0.010699646120066473,0.2327238831177528,-0.3802771215595261,-0.21188270212899568,-0.2198884916493226,0.4228938106250615,0.23776157882010698,-0.06328022137440066,0.040491131054226685,0.33637331499456413,-0.06409790314084639,-0.0645717750076587,-0.10843306285476029,-0.20866417471745544,-0.17282082207322697,0.10542411908300411,0.1422860251046319,-0.08578024834797707,-0.11116015152331982,0.2571593877581137,0.0231322410842149,-0.19912275140311034,-0.38375730414679377,0.06519925663271284,0.030962484871060514,0.32193749898646934,-0.4527239946094701,-0.33275555498390164,0.308404124525506,-0.4401774981953057,0.04460787070175857,-0.07138601563391458,-0.5525357136345542,-0.18842673944493327,-0.49378191555341927,-0.3197331989300076,-0.03269270111069645,0.1612017991386095,-0.517387286699717,-0.3794449761365046,-0.07327852561867788,0.2147186539116582,0.22097716358488423,0.4076968307614826,-0.09581747796583272,-0.24582791730308387,0.05264168789117011,-0.38270505566941926,0.11017215152039557,-0.011920151474598096,0.01628208647436151,-0.10275959493617073,-0.0030449700019200485,-0.16494877104988448,0.027441133972500233,-0.22236479939315168,0.028063276145442212,-0.2822446898450371,0.05242544648177434,0.3987283878583633,-0.09604568728511652,0.03694829834728884,0.03700611941721079,0.24979421727081613
"Waspada Virus Corona, Final Four Proliga Pindah Lokasi dan Tanpa Penonton",sport,0.3107562563372605,0.030061169353850177,0.22326676381045385,0.3111099165152169,-0.2758107278411834,0.3239687150213284,0.17958609141432064,0.040633787691367794,-0.31653005281338864,0.09927800766887769,-0.09699235345029747,0.29901831789436445,0.09292056972762358,0.42544974746804565,-0.21944901755615484,-0.10108564064573315,0.10255508778020997,-0.31019910789838256,0.1543077571402557,0.11399429856938013,0.23695954638316724,-0.08018460397952483,0.14779634469882746,0.2878851463463641,0.061105029112098266,-0.24667794770431517,-0.14958551828351158,-0.3330760588375716,-0.22828059884999702,0.14763369276386532,0.015633040698287883,0.4485100692830847,-0.06656083303401113,-0.09109920014722807,-0.015429120839915446,-0.28191905675117684,-0.18467123000838753,0.013941839224839029,-0.1093084694293988,-0.05565334214403631,-0.1994701014289242,0.2478741511557566,0.19499324872396037,-0.10075132682902443,0.15493218795143748,0.3040502197745959,-0.07339144145401819,0.01833621690075041,0.09832309379178529,-0.3283168410908272,-0.1575885936460968,-0.11322778453258309,0.19061276576678007,0.017161212316039638,-0.017376324313193827,0.23580168537515034,0.06041330583983254,0.09473131826823177,-0.3622129442770525,-0.10516392606988471,0.09834036625677109,0.16274482771749044,-0.18548327950983678,-0.06372483628539416,0.15542010951281163,-0.10347774528739108,0.08098923906818323,-0.02668102171417341,-0.5021020819345746,0.014076549662020611,-0.31930503287066814,-0.2827738555968698,0.17320408210316363,0.001513055222491471,-0.4428110920358386,-0.37465131621776065,-0.1898267943371871,0.21340710412431377,0.12853499681165564,0.2897986211595701,0.07509461785608752,-0.039166686582550375,0.22241448148619763,-0.2998054231567623,-0.11834806457563264,-0.15116396697454282,0.0757134441268101,-0.0967417290816983,-0.06820468812604481,-0.028024656183819656,-0.1470948159837063,0.06509723603767657,-0.0901056127531347,-0.13621429955887593,-0.1770686990299494,0.1369748345536324,-0.12082078912648811,-0.18098601414175153,-0.23170943216448034,0.31861607366742606
"Lawan Ganda Nonunggulan, Kenapa Greysia/Apriyani Menang Susah Payah?",sport,0.12499879507748993,0.1431856507223499,0.04760702516520013,0.19624772374752947,-0.34914171613472106,-0.016584047366466535,0.19608020678064766,0.10790019951273186,-0.19225333854916576,0.010735781350966526,0.11828313430605226,0.3273437215450999,0.14994708210704755,0.2694215556857538,0.077368932415982,-0.11167417010785756,-0.003442195653785022,-0.20160429087828313,-0.00613817697642225,0.17730360854247304,-0.035120009792309864,-0.053637908597337525,0.20389165919863222,0.25391364595174265,0.029247978753650664,-0.2622248983756424,-0.05565959392629316,-0.07447268082766341,0.04718753992139053,0.13806493625873215,0.016417689737651477,0.1739429884974578,-0.02647804877849945,0.06556903110111073,0.0683815737265966,0.10595392146218115,-0.1527915367121861,0.1423631022430745,-0.11921556732173888,0.09274288626985377,-0.09749423478796443,0.062264856602893486,0.14022770006508806,-0.024610027847769982,-0.017344314217603227,0.3057953671173765,0.012501007891203909,0.002812610370988275,0.08910156107854195,-0.16754568412540427,-0.21619569996144855,-0.11765939221746749,0.18569678131475306,-0.04106297916856133,0.08560408153508026,0.0888791767157775,0.020556963725721012,-0.07372886223794227,-0.255410949795904,-0.1572784331109168,0.06865890129781282,0.1714480789941115,-0.18350204715785987,-0.028890118634327083,0.1446290910783064,-0.11204887626271016,0.005280528692557029,-0.2568097732449591,-0.35934264699591273,-0.16052106269423008,-0.02634062534576222,-0.1891112175179483,0.1091902437468995,-0.05864478323003391,-0.19426037068963303,-0.22937197630224057,-0.08778016881984468,0.06499706811236809,0.02828908253877591,0.24566120360969507,-0.05112351394488047,-0.1176460250957656,0.13871396781627313,-0.26079468751275164,-0.12243032506077745,-0.1828672704017894,0.10879596618256257,-0.04995514781332803,-0.11330806815841139,-0.12538743528918211,-0.006902680365822338,0.1144803462859452,0.046420228114395216,-0.09584697055560087,0.06824430088557538,0.30498369349626314,-0.19417955731566727,-0.07436479093954464,0.042054238575454546,0.06762442250008949
Anthony Ginting dan Gregoria Tersingkir di Babak 32 Besar Malaysia Masters,sport,0.22139214973284133,0.09996790844533404,0.0273562207548581,0.2150706749182901,-0.38054617720116174,-0.010459680280907453,0.2432475623037854,0.11147930988700602,-0.21164220570652406,-0.022129822460346976,0.21325412678728164,0.43943009378249315,0.16717711519274484,0.31294070045317945,0.0024897777570478917,-0.09259388218081357,-0.08638543010331552,-0.20354486148808226,0.05869422399306699,0.09250296509442094,-0.024211779834209066,0.025348945132688608,0.32035060091879364,0.3056752267169086,0.04821038641420286,-0.20471561923725784,-0.11669949248827119,0.010685479325539916,0.04065811280476511,0.16374966006713196,-0.02926599631452744,0.18956829930213737,0.09698592173072852,0.07504920459473925,0.05786068368508612,0.11948033212928,-0.21769468558548843,0.10368341209370983,-0.06785397485365294,0.03679634907532607,-0.11024558096626699,0.023947507962899087,0.12021393821177091,-0.08744224461387412,-0.004439417951746162,0.29892315041234024,0.07899726004454073,0.11684624998466447,0.13387514540218753,-0.06973316103363683,-0.2182306176429854,-0.19546836739594417,0.20043544468497276,-0.03172184983869888,0.0603580149247108,0.06559309486406514,0.07156660281413102,-0.13623941157626143,-0.28955164462112326,-0.08578467694657191,0.1917985813232982,0.2332132033547772,-0.2219856884587393,0.14538862640215086,0.12630642982124346,-0.07193020703708408,0.07783677571970672,-0.32483073312674515,-0.29729842231331144,-0.21180273180889841,-0.04241290749741686,-0.28957640030023024,0.1756363159231478,-0.056876848057625155,-0.13175106220123653,-0.2385349126101476,0.0038036196001954327,0.007832934247910341,0.08285842756112506,0.24884607153353838,-0.08167771711767308,-0.08674432253107578,0.10978926462431002,-0.13463848336195938,-0.12546517186378095,-0.12315059251643505,0.11562324805276034,-0.11576705028786753,-0.08412966234101758,-0.0694170263872261,-0.0521781243515748,0.1379863234037199,0.15008856234446827,0.03955865503069533,0.0638581790929685,0.28551197528669314,-0.1881802136915679,-0.061557635413391085,0.0906302633270525,0.12493545475020462
Lorenzo Bagi Resep Mengalahkan Marquez,sport,0.4115661285409894,0.326744292631983,0.19696049703505392,0.29294341552401515,-0.4294445370075035,0.010480743328794118,0.28265437104191704,0.16043314643595438,-0.3619250508833588,-0.29486719216927937,0.1709488585619112,0.16379816338547665,0.15478450613128295,0.43177181052043906,-0.09509108982792527,-0.0913198917927763,-0.24013746494162216,-0.07866043272544318,0.06911573803378682,0.20835681317282123,-0.23947066331329486,0.032635180461151,0.2871154376543136,0.37094887169973606,0.04816745950303705,-0.37179880731465453,0.08421995117076139,-0.054343642262600016,0.06506552210988592,0.2755128140433586,-0.0555754901039423,0.25700167948212477,-0.019489218781694462,-0.010065683748204511,0.08179579501974155,0.2141355974327489,0.02736903824221585,0.06506414389110828,-0.16179344520520256,0.05722862191052101,-0.164793607651822,0.02028308670264043,0.08084965399159888,-0.2127830878442957,-0.2279074442669289,0.2739460997839278,0.1552254329335839,0.04762058633906255,0.10374973225016695,-0.11466024804390901,-0.19902815187464695,-0.11980893271424671,0.25344919621929907,-0.05381765569242421,0.12635449353072167,0.18280474075326636,0.01796270443404756,-0.11069682650357465,-0.36207140337496374,-0.10580654302127862,0.2789303849168185,0.20202046530003556,-0.1696385886924454,0.0832732137386865,0.2837084990732896,0.12599474655853388,0.07940238675901211,-0.39030287416597215,-0.2542720311465339,-0.23291202681568654,-0.1757330840372628,-0.1423161854248382,0.06395868430184741,0.04039169073827731,-0.12004309741966276,-0.22564854943457013,0.19254111672736646,0.15356363986116756,0.14163993224082266,0.3462967589270777,-0.14756077533194756,-0.06414153634031414,-0.0697972580187753,-0.2772128347061956,-0.3010554342829543,-0.08447875131876312,0.0596054487869685,-0.049345291097851386,-0.25808625650777556,-0.1386178545110378,-0.006949441386751323,0.002803123759516385,0.3617640917941369,0.010529773334329206,0.3150244147903615,0.3722027122456028,-0.19052781492392024,-0.15667586544517037,0.23828801764016516,0.11054297289345648
MotoGP Argentina Berpeluang Untuk Tetap Digelar,sport,0.012227321198621476,0.011845171749245372,-0.03807843035421635,0.3433058080023595,-0.49965676180586716,0.05221825867489753,0.1947718215403421,0.13976112929728995,-0.08793630795107277,0.05517695447240922,-0.0987979864721307,0.3127012599357241,0.437855197655794,0.3865624230395353,-0.09138694808814499,-0.12211427815199283,-0.2491780172713388,-0.21338743953065636,-0.16996195359095717,0.4093111848322783,-0.4216857578765779,-0.06035005944033165,0.40041600665569543,0.22672691236013645,0.1927366293946776,-0.5733893699557272,-0.16824863496913767,-0.1932651447153379,0.41606053334446785,0.39425610145560414,-0.015360195557920075,0.33032749735473044,-0.18903706010740537,0.14982842707915403,0.29444003606698366,0.33012687087625336,-0.03536203093852852,0.2967311063987536,-0.21993057589880483,-0.10012961694381366,-0.30618586649482044,0.1742127911006461,0.3017429993102527,-0.11308642695273394,-0.1988085952806456,0.41525696551976327,0.10728447892005807,0.13576800899975439,-0.052292584503478914,0.2220169654269723,-0.4978825499766904,-0.012367816070555671,0.022317728585228687,-0.05837916357844921,0.221803576280209,-0.021875542060183432,-0.12579675242328153,-0.1298188743658765,-0.5241985490279079,-0.1739541314665975,0.21589752505700507,0.2496558439306778,-0.4309333203634669,-0.2911208893037788,0.3201606218520795,-0.17825277203398754,0.21135058735495532,-0.2665395835031541,-0.34560067165782216,-0.3862451508929683,-0.12683243364012903,-0.3987048901928641,0.07366401628363176,0.16617841368310146,-0.4096698576221782,-0.10486046045873439,-0.048961941988770886,0.03087205461065371,0.07760539014038084,0.49667504963716513,-0.274952333205381,-0.31181609982987235,0.1444541516649379,-0.34741233664944693,0.01343391510336035,-0.18223458938483428,0.2904917650643279,-0.2579578045633292,-0.12693583000953548,-0.016620079077422256,-0.17376976697041052,0.10923498014137127,0.030035387709540805,-0.3153650780830246,0.28251000652649383,0.34629372091276867,-0.3828691648687065,-0.08745771412003926,0.037415210461205446,0.15892941350460466
"Soal Pemotongan Gaji Pemain, Dirut IBL: Jika Terpaksa Silakan Lakukan",sport,0.046154848767721385,0.016939749803884314,0.1543952263641311,0.2011902591539397,-0.21643450634717323,0.1417655857514286,0.3072043931861321,0.0021159067639766557,-0.15838192458448103,0.09005341547341662,0.0931375406797758,0.24103521032239128,0.1017939122980247,0.17769277510286943,-0.057098505282211526,-0.1615129778732062,-0.04930424472625189,-0.19525317685591798,-0.031006117208294295,0.14134951796016965,-0.049338607570916224,0.015559165591446957,0.01950195815736276,0.14535707026271089,0.028184911482297847,-0.23554825424158565,-0.1551421213458673,-0.24918152723859052,-0.03046309508469742,0.13636475350815636,-0.025950530409892973,0.21667071018362857,0.08137458308512074,0.11102745160399585,0.06279770051908565,-0.050912392111924575,-0.08381663111019878,-0.006867289965487399,0.011994919719989993,-0.03467200272402695,-0.057245634051900654,0.017059011702425842,0.16232647752925244,0.01777519686842259,-0.081137751470436,0.30269682051211155,0.03794315614477525,0.02195273705099328,0.11478962822387616,-0.1594105556740477,-0.14231334347797184,-0.01612206408234218,0.06695868366024692,-0.029392492375574744,0.15600941297692053,0.06954623676209475,-0.002803048285865828,-0.06638219887276776,-0.19708380058856637,-0.22922577584632395,0.022464189451634833,0.22657086118085404,-0.26099767903995746,-0.20593061362196016,0.07089133128165771,0.019412111926768973,0.13423735727353497,-0.16222521090073455,-0.23583955784840446,-0.017815312261463764,-0.039744335503847164,-0.08260743611539233,0.01946493439504289,-0.06535302483882105,-0.15598611712874189,-0.31160309869634245,0.005375520841097464,0.1605438648668656,0.03739332659579713,0.2185038625375073,0.023873782505692887,-0.16028830191430257,0.20249609974176627,-0.2549086006911513,-0.02977240947175952,-0.18847116581566914,0.12900358924034283,-0.11947402392597077,-0.07550994280290069,-0.013546971133575888,0.03646707423158044,0.17649046867166684,-0.06536915439559084,-0.3149947795201748,0.10334423454562763,0.20601035277325172,-0.3072193436147225,-0.1874249161058979,0.036732249109749565,0.07069246399164894
Prediksi Derby Hot Inter Vs AC Milan di Awal 2020,sport,0.3559591887656152,0.07322776516695642,0.20402078741974183,0.21991379870584846,-0.1530651250321467,0.2484299569660473,0.15736458098109446,-0.07280007707005808,-0.3482438452119658,0.11038760677012915,0.0321472051511441,0.171498838888278,0.1075757392685537,0.3761786721272616,-0.21229394382892006,-0.09148660529154613,0.028432893845439844,-0.16491434747292633,0.08943878891965573,0.13407940420738731,0.1626730357671304,-0.08615148577391989,0.04635132860739141,0.207178696825986,-0.06168078450419248,-0.14894325777795914,-0.05855770502995711,-0.20547582578431212,-0.18566492554161207,0.11810471225434419,0.0058991829750804515,0.31853302756657065,-0.031342491433841824,-0.016750019292199325,-0.04293132653725245,-0.23428791313016373,-0.13376523020956868,0.0366630358343087,-0.09361395489426666,-0.06414699100577351,-0.1280164106946689,0.13281526092247234,0.12975072964412673,-0.12724663824275523,0.031532600431354016,0.2623735065970817,-0.0589947291901492,-0.016356305369802735,0.06601242644792606,-0.21294454643963162,-0.08938060692240503,0.011152228863919375,0.17090776620844636,-0.010206264501829595,-0.04400890872561426,0.20619121133737736,0.13279518679165836,0.025372985834218816,-0.17484673978599152,-0.03818620417346642,0.07028997819465588,0.21946870616102046,-0.2312564921043322,-0.07608204973119911,0.13550558907861332,-0.033755949428998525,0.05722468416550927,0.01758503876884374,-0.38952317441517037,0.030628405076889215,-0.2400801226674337,-0.15945189746196833,0.04225577886091146,0.05518162192703171,-0.33446704698325247,-0.3582205942679907,-0.040474808483366514,0.19867539974991444,0.17266560551299526,0.173047539973299,0.04938260829017438,-0.07943073055537268,0.15116097211549456,-0.23959206971739386,-0.06795185867749363,-0.07440546148297207,0.04698245559532231,-0.06126918838253043,-0.04971035003964591,-0.05649092261286753,-0.058878868512255635,0.008771671786838981,-0.11973856732901328,-0.1629381569949988,-0.019117667472021954,0.19118215359595994,-0.11843527835474096,-0.154269672903325,-0.07758862859855306,0.15687444060115446
"Kendurkan Permainan, Kevin/Marcus Nyaris Kalah",sport,0.1743862430238002,0.16226308085519078,0.09332049696756771,0.22175333906476924,-0.33783945906083207,0.05068583517146802,0.2683858319621389,0.04501996817535531,-0.2035132919164541,-0.04876144588444958,0.22080388386943076,0.24201823334333408,0.05552037405971522,0.3296498796847906,-0.005808500093808392,-0.1736339143901664,-0.07959831795347634,-0.14486803402081036,-0.010631625042121414,0.15120505355760192,-0.05895124933861931,0.05343622222273997,0.1409642488841946,0.27221924788166696,0.024459588734497956,-0.25784769032580984,-0.03266850196436876,-0.16396734441127384,-0.02121875858220582,0.21542197520140663,-0.0907151027381378,0.1988031878738424,0.07078495953149928,0.05809452351992994,0.04874523242868469,0.1105926604606331,-0.1026108561346067,0.0052580326144938995,-0.032298858738631954,-0.0302571862342584,-0.1178649274317658,0.05159422857853938,0.10478792910397033,-0.05601300038415155,-0.107906827674304,0.2747131458631672,0.05888483874093458,0.04191392396494117,0.17727921452810227,-0.10510906823361289,-0.22325884127236173,-0.1116797480674389,0.1718245178566812,-0.03584236543754151,0.11428541881229647,0.10321363276736323,0.08294843807468666,-0.09073496310364133,-0.270602302235998,-0.09601633040168943,0.11630412352581786,0.26343596983851875,-0.18402309563772742,0.01215207580228729,0.11879770003735167,0.0606463634629105,0.07842569329988582,-0.24153422624013862,-0.18292279447132498,-0.15523984760269596,-0.053435349884271975,-0.12262571011779155,0.15640070762130548,-0.07734873259139459,-0.14365378235542928,-0.2285679091619759,0.10246773298777301,0.09328288467125655,0.028447732333796955,0.1953427455744883,-0.07729446106336924,-0.16404524203392548,0.05737858948319919,-0.23438450152529253,-0.1644450353258783,-0.18952446163629036,0.12226282616913549,-0.03269000457176741,-0.1388537929448178,-0.06464721999529187,0.0629255413104677,0.1197621556218852,0.17415168160207262,-0.06286308878936663,0.2037894676982072,0.2518139627895357,-0.1688689069368342,-0.16940659369809266,0.13263184774702522,0.07027075395215476
"Thailand Masters: Fitriani Kalah, Hafiz/Gloria ke Babak Kedua",sport,0.25689993407045436,0.18641777210983654,0.015791856411051033,0.23852619546889264,-0.47967695825413353,-0.03726228719107817,0.205524139200335,0.15678203352366077,-0.19418386199484183,-0.09224917744225268,0.20688302894255606,0.39145844585310363,0.13217382769950412,0.40199658147613315,-0.001698869315200453,-0.11973464920506907,-0.1385342504450747,-0.1882702060569261,0.08480194656497758,0.2120214033580205,-0.03514074031699366,0.0473569276961781,0.3257647341199557,0.3868360872163713,0.09841426093224456,-0.26216171805332883,-0.08560336261204474,-0.0033009477316308447,0.14682284902617898,0.21362452179733052,-0.08597156678020364,0.19727489110928653,0.05912682900341046,0.08627610690425143,0.0654725511971178,0.19294574403002254,-0.17363612706848286,0.09252083298414458,-0.10899195813147454,-0.01704953598078093,-0.16899297021217674,0.09209743467310921,0.1341017750037941,-0.09317243203909067,-0.07822698270321653,0.3087806186209804,0.11108777489350112,0.09363282233556978,0.16908111926749114,0.01110957035701376,-0.28145534276643375,-0.2129662982836817,0.21289452069251175,-0.006761144386692304,0.04517067195795148,0.10474878609571286,0.10151226237235916,-0.1367841642585438,-0.4200894001076836,-0.05721344792359921,0.23804885206001777,0.23955149995363023,-0.2245355425629173,0.19710726946468,0.20681824393649845,-0.07858043938936514,0.08477130391882892,-0.4143339441707045,-0.27452529416817834,-0.2923188818337583,-0.0957473669261912,-0.33235595280028535,0.17525719971870715,-0.024171232790299757,-0.15385881836573068,-0.2546528387462064,0.07700925321968824,0.025922490622032834,0.09607972940456852,0.26866313674427844,-0.12875093541515792,-0.11668226075107158,-0.005144420797859888,-0.16307682257883857,-0.122996779481449,-0.14229121861726704,0.10483285149911263,-0.08744998625912234,-0.0976788235734875,-0.071236009721408,-0.016730014746796515,0.07382425298411385,0.27691126995346044,0.06461248140067972,0.16388762358446804,0.33375619177967164,-0.16747373298367893,-0.09448765156730743,0.1794981348245028,0.1475497581323899
Ronaldo Bantu Juventus Singkirkan AS Roma di Coppa Italia,sport,0.132466164069878,0.061766189429538015,0.04289977456339287,0.23870820914621313,-0.21471541716221196,0.1006008992597085,0.287227491827583,0.08568889934975271,-0.31689229525714097,-0.03035770425123541,0.19967997189228598,0.33490241786790415,0.2852475069730049,0.2609508130856056,0.0588134514660285,-0.1157920119765722,-0.15135767181764673,-0.16849829933827698,-0.03131129327720914,0.06537888342049128,-0.019632312795863378,-0.0012422135283901691,0.2633610053507947,0.2136840305748968,0.00294714375390584,-0.17979992270543785,-0.05809829869682025,-0.12281559954689952,-0.0584356382729764,0.22781358621739184,0.07450913738421497,0.261014061648667,0.07775526789366904,0.045998370584327736,0.019289990418280775,0.026001913357371814,-0.2362705834104103,-0.017459783707810702,0.04632844380436928,0.14495375549919873,-0.10336669879349664,-0.0712099801641563,0.06380425219926264,-0.17376416909568143,-0.019994224519339972,0.2916882253163506,0.04591096586168304,0.16058152429466252,0.13380578222160114,-0.12670872644842124,-0.16342069466315975,-0.13519482492929477,0.07615167108738459,-0.12612542945224853,0.21422946891898187,0.038257096490836105,0.0940972777439142,0.03136874817940312,-0.1299723571113521,-0.21784426217656097,0.16070740745509893,0.14744549310902236,-0.2489010672997095,-0.20076673357534341,0.08881172517553106,0.11834041623305994,0.19203251024570547,-0.13759199674054387,-0.22368898890091926,-0.0066928451324092635,0.06548253318882828,-0.10968712695530196,0.038217062236678395,0.03768194379726671,-0.20613882865563946,-0.1585929975985146,0.01589342431718445,0.09389509033866639,0.06378443712491735,0.2477050131469128,-0.036069519803723235,0.055951746974748716,0.2364278760662814,-0.25807101695882095,-0.21812631317720169,-0.05026135744303011,0.14022146392467924,-0.15902076167106707,-0.1666640214780424,-0.08805673692522378,-0.08934053543359859,0.20750739397476187,0.030817686845016994,-0.09861585795318095,0.08240313369245154,0.1150122584323776,-0.15649340535001258,-0.10056671372651951,-0.03964901533719035,0.012625557858449281
Kobe Bryant-Shaquille O'Neal: Antara Cinta dan Benci,sport,0.160078346274848,-0.09710395577720708,0.017960962208037782,0.10836817168679415,-0.34169791889716766,-0.08489324272348676,0.28616618920589515,0.272339695238567,-0.178695464029531,0.046596332603526754,0.25703461547504214,0.46289162204464723,0.4010244725757914,0.22362476727348912,0.08280894635668848,-0.1747330978026771,-0.020083234714646406,-0.21226288988101238,0.026420648297717546,0.018184287258488963,-0.19801712772973282,-0.02595958532962367,0.3197654739814301,0.4998038226331853,0.1851895530495001,-0.2707002818670135,0.04737327093529525,-0.12166974971163175,0.14456837848140502,0.06887140496535694,-0.02943337754432765,0.20426315673263828,-0.043674091936024756,-0.0018245271208596275,-0.11702699381708682,0.10795788978783209,-0.2027024575782792,0.050119225109722866,-0.1274852251545464,0.09064109264876825,-0.15838638965848054,-0.1771484226141423,0.18781511792313288,-0.1787804920995333,-0.12542906091286754,0.21486308394941214,0.043382126426871,-0.06254124787212355,0.32504793071914145,0.039577229594246734,-0.41807283042582055,-0.18107347664142492,0.16680702632863917,0.052623959102971685,0.22110770751804962,-0.038141154869333414,-0.008316045543402656,0.022260631985213414,-0.46346822425040207,-0.2940895555267416,0.035710382712804946,0.20583153708075796,-0.04057018493128697,0.17052400022901185,0.033980144540814154,0.0916494953851943,-0.07009776176201739,-0.2900289043170306,-0.26761142945373567,-0.12653066709606375,0.23817789376658927,-0.10334515295186676,0.06416426581037737,-0.14809289040424933,-0.04792598922514937,-0.12975131132473378,-0.08892468078732907,0.06900942070415723,0.048848792830875336,0.052118505828879835,-0.009081011691138072,-0.10373929456144983,0.1130612069782605,-0.29040792396482773,-0.31979189435599936,-0.4601181615056467,0.1468676487513975,0.01391799756023518,-0.06377182184617712,-0.02212312395558197,-0.010225263477603292,0.29726616605567147,0.025022102625926097,-0.25545839526877384,0.16921215151949334,0.2934189237664005,-0.40642508086917895,-0.19113542824697635,0.09078119589460926,0.059885011384013455
"Dampak Corona, Intensitas Latihan David Jacobs Jadi Berkurang",sport,0.3260800983163268,0.06665689535165817,0.3041837826686955,0.2714653623258218,-0.14778196768764934,0.34752156390575006,0.24964765643431652,-0.04142898666348811,-0.4672650215001001,-0.06336594329062861,-0.018866110061630303,0.15958874403916679,0.16092920603017608,0.3711410054288706,-0.06722075268237043,-0.19983579990473746,-0.049078530547617,-0.22333920271848934,0.15521254212625143,-0.015432668206786147,0.2682951671233498,-0.1619932388255825,0.17429782173759328,0.16049629321762066,0.0885197226930686,-0.12957406050225342,-0.055811101648486496,-0.3484834830351405,-0.36261499891466775,0.18353778621546843,0.21128355109189284,0.3885157741690519,-0.05684222262943015,-0.059115906054551706,-0.0881779314876465,-0.3623347825537674,-0.31715298372618694,-0.04562998906486245,-0.04577633851145853,0.19666828339875433,-0.11995846468195666,0.06646103263762355,0.033043718155670365,-0.19060164224459747,0.14521813806652897,0.31501119907132435,-0.06568579667487556,0.03272390162062695,0.07856350174087162,-0.32396176151125,-0.1215727157508433,-0.17010375512127454,0.1719607503390568,-0.07853094822402151,0.05293279895999892,0.23508758652447656,0.1516633397642898,0.18650900747587834,-0.10029832872540866,-0.25876066727882924,0.16730291590780866,0.13881890318141293,-0.11217015851869912,-0.18482479803909865,0.10589960550011955,0.1332393954340332,0.15804906925954934,0.012619032345684485,-0.4080793355707222,0.1881724406016827,-0.2679338901571415,-0.046110717262603254,0.02148832703705281,-0.006965499445387189,-0.3776593671142232,-0.2982555836075641,-0.03096247114795665,0.2412914303046899,0.027672792429384183,0.22585643613536588,0.05670449162714555,0.07885108345378754,0.25750536608183244,-0.41214237600088355,-0.34882260450256763,-0.06629300003444048,0.10761013478251148,-0.025815657275938545,-0.17227092158895185,-0.08363137164658885,-0.18085559878499685,0.2047740637536693,-0.09421666526965547,-0.15296361676694262,-0.05066777863555395,0.029791452092409923,-0.03693976276607319,-0.2617612328053439,-0.2197520648215154,0.23242938985177278
"Songsong Daihatsu Indonesia Masters 2020, Istora Hampir Siap 100 Persen",sport,0.35464419112035234,0.24238085851256194,0.0859797777143576,0.2684555587475648,-0.4069136245133854,0.06929331433573888,0.10186093331359988,0.015893532238814956,-0.3097292151313653,-0.04018720440277195,0.09140855926179801,0.20726590420971905,-0.014035782908711813,0.46201623872298164,-0.049476875168795446,-0.11961360736311,-0.007659223232030559,-0.2304334363929371,0.12125118926191855,0.22697447581585412,0.1297005343045385,-0.053629455280623864,0.17730017576989204,0.3867220300254893,-0.026274969497898266,-0.1396285197286468,-0.12002899161585641,-0.1034975690382466,-0.04725851633282149,0.08469825073041035,-0.032849244824556416,0.22414240939194538,0.07146530318436684,0.0904258781514529,0.09596669463503131,0.008908967235424062,-0.15354733200890663,0.1326293263157281,-0.22458105568312237,-0.03769047693004503,-0.1671805677628529,0.2783285013722653,0.14054267704264448,-0.052517165096894455,0.07294605751117594,0.3185795177591332,-0.043781562881418094,0.013546425319571913,-0.0035871864408561823,-0.1985271478042072,-0.1815797378174316,-0.10216456486043954,0.20556465457511774,-0.012643481935591318,-0.04119248738680392,0.17414606185458925,0.1662438603888834,-0.1616289368230615,-0.3053361128613736,0.06187845272656492,0.14894050595328215,0.31238124617321295,-0.23844962025381708,0.03964263192289401,0.20098090294988125,-0.17395227856211312,0.020239115816561543,-0.2063338338951397,-0.4159059025765391,-0.18817910223832596,-0.2948027440928248,-0.27127558506244076,0.12131541339006793,0.03158744963196618,-0.33457450728116733,-0.45019882589574717,-0.008621203168096035,0.09404082579487014,0.11993847709913032,0.3093587745962511,-0.08470908844954514,-0.13098518658063424,0.09946608873546825,-0.3383050026923478,-0.026204135401068543,-0.07327288153178411,-0.0007572326394882224,-0.09367052786568107,-0.06560037949454202,-0.17519084864201295,-0.02116167565067827,-0.019615969233611988,0.124467277767746,-0.07597524526897913,0.05693993259641751,0.37377656986919255,-0.06243245057199358,0.0455944712653184,0.13114552551238134,0.2350306177349239
GP Singapura 2020 Batal Digelar!,sport,-0.0033760761813817694,0.00360273071312045,0.00835887969747836,0.34918266741358384,-0.47643483135797515,0.10320640649224277,0.11389005973599126,0.2673797295404283,-0.10256163142139416,0.04738519620963301,-0.07807219546485156,0.24621354734620138,0.3627151777951643,0.3468185123876169,-0.008604934975812568,-0.21772559118621632,-0.14881130277235805,-0.1772846091407722,-0.1437993597716039,0.4280779070799564,-0.21782258678374763,-0.1160334097658441,0.23872964472380045,0.11324018005035758,0.17075446416349443,-0.49445688949958844,-0.15373012545913822,-0.2233124872721406,0.25079925307589274,0.33566474266903756,-0.08169383817793928,0.241831590902621,-0.3688816249365515,0.14625410247164228,0.23822819625871347,0.1849980382467865,0.013328395376053279,0.13959540536770412,-0.2770674153688262,-0.06534472557559604,-0.21872106326814938,0.22222158842056544,0.35103929453003246,-0.046928470217944995,-0.17606090201767668,0.31210478999297586,0.007111536772857266,-0.08393584387954776,-0.012500025591784498,0.017987105998237354,-0.432165348167557,-0.011411894027034172,-0.07717345470391812,-0.1141669125631247,0.13234714196215747,0.042518772480515915,-0.2413411868070825,-0.07969277628015553,-0.448167495459866,-0.20240645598916038,0.06501314690329202,0.22126149696874625,-0.3225778619324867,-0.308306801644572,0.32043112640174065,-0.24199730913428175,0.2114263985113641,-0.21599077139336445,-0.3863962761366978,-0.38738256607360416,-0.07676739475363795,-0.3247582386413359,0.05043125026554304,0.06425190371267939,-0.312500990209378,-0.14017875235370833,-0.010360248277831871,0.04354937179114142,0.2511265570951376,0.40558194730096264,-0.1327550954208962,-0.33326525803903095,0.016542271764732344,-0.22241905909510162,0.14656929394067858,-0.08144478224178561,0.22571085238267602,-0.25294674268314804,-0.013748491543671531,-0.12284611858126165,-0.0514357119964369,-0.06944018065457755,-0.027129433585845575,-0.34528901987825883,0.11777852988737311,0.3303286473475917,-0.4041003799505471,-0.0786722366770456,0.02306665659083016,0.06870727325299364
Enam Emas di Kejuaraan Angkat Besi Belum Puaskan PB PABSI,sport,0.13615576153339573,0.13470858868660493,0.0891612605533441,0.25242504261844473,-0.4463957914401399,-0.03715359388605784,0.3043242637296909,0.202172562450463,-0.17645288063898212,-0.07587558772272504,0.243330126062228,0.40850867530867185,0.28746870758333337,0.24905940536022222,0.10996440296959212,-0.3344083295125812,-0.108382396230988,-0.1017588633634863,-0.06597290879258057,0.2732164251817831,-0.26670951846672697,-0.14131641248388085,0.2406312844962576,0.20244341093456814,0.05174444863792171,-0.46857238602915585,0.030383276430626358,-0.08870923672743838,0.13083721942337587,0.25895121752914374,0.02624778737670028,0.18026688586937706,-0.12402038714436861,0.1343683816645829,0.08649634523021855,0.19022519952255842,-0.18798115048371597,0.035007701440466006,-0.21604836425069682,0.22827098411099156,0.023344464094140625,-0.08036674289280524,0.16012540879025927,-0.004892710900985084,-0.2807316691257594,0.26069104495177414,-0.002361193452039588,-0.09059068952563715,0.19883240214227701,-0.13474442890295993,-0.35029601077240063,-0.24422192312771734,0.025005166716759657,-0.07110175067340332,0.2667981062137405,-0.04223741905650778,-0.11631279586154956,-0.14862772987036327,-0.17402369852705196,-0.3403559104223271,0.04611833114733186,0.23365700736555342,-0.13839649335546672,-0.015704310561250566,0.24670425553629063,0.11757673273279577,0.1019660892207363,-0.4295275785308968,-0.3552963030334614,-0.2611090744534707,0.15360178035661873,-0.11521404729308243,0.09496331554934948,-0.16348206764257361,0.0037927444850891293,-0.2742212018002773,0.08463336310694262,0.03169870189721498,0.15972730720495476,0.30703582129616114,-0.0349853768368494,-0.14192588874832385,0.028681144386053795,-0.3401462435105963,-0.109121959445815,-0.17730011817449348,0.10348873925276214,-0.12500641843707389,-0.29402056987723857,-0.3283719119274066,0.06002985033251729,0.16148340574823838,0.11293857120347756,-0.21353332151836232,0.07694648652709113,0.39442245128364284,-0.49609359882336834,-0.12103139680788652,0.17554171483219436,0.03570868539364161
Mengenang Kobe Bryant Lewat Angka-Angka Legendarisnya,sport,0.22106577164877986,-0.19478737013030809,0.01911748979161426,0.04225601489930012,-0.403241420117559,-0.08655587293877351,0.2607211901402359,0.2973900115581203,-0.20545674725246482,-0.03442738116349913,0.28796372721469776,0.48835341091886525,0.5070597552501148,0.24345168539020226,0.08367838321724576,-0.14547361451832888,-0.05204008095407168,-0.2316118119897422,0.035947278019855304,0.04446866667928858,-0.2560283045210047,-0.00024413127133109908,0.3961211173721525,0.6264073901413532,0.24473606914924376,-0.30876222269384146,0.09064379186330518,-0.010968061712973183,0.20909627685604582,0.024331604650222216,-0.0736742208296651,0.3072872882338736,-0.014064120177419192,-0.008451526187517764,-0.1711067430214914,0.09360787977586402,-0.1385245368262615,0.03715840830021999,-0.18166271711528306,0.05393020876757399,-0.20247399554268605,-0.26620076475432086,0.18995781989795749,-0.25143747011195267,-0.20310356597907894,0.2337664281511112,0.045858696011114905,-0.09175885940024135,0.43749223341956595,0.09280318668695438,-0.5542164982840192,-0.15411958395692646,0.1735000869963884,0.10585511038638232,0.24155917049692668,-0.010326009867589732,-0.031284410780542574,0.06048666297488141,-0.5760707184256629,-0.311979382467561,0.007430113637072198,0.2586193430857663,-0.022449069923949922,0.23087599864972366,-0.0031202416977832467,0.1264484670203935,-0.08236582405391622,-0.3931705493988916,-0.3669721208552006,-0.1450164334283115,0.28592237850675334,-0.051763634612990946,0.0412017069206342,-0.14612847185328634,-0.042277742147424247,-0.12194919997556068,-0.10566678365595435,0.09841834414147133,0.07137451628685323,0.0022704292787839747,0.023336045983021934,-0.17178354012284355,0.07862696425658684,-0.3673979285269991,-0.39000793556711627,-0.528673754725995,0.1396532267477147,0.0737682650637205,-0.03328676287547257,-0.007991783758204486,-0.02424377963417949,0.2802154760166779,-0.05388319131010324,-0.33851756773823716,0.18011071699495576,0.36658851726986313,-0.49583687074496247,-0.28892615991977905,0.1198255129182663,0.05557258250965448
Menpora Imbau Federasi Cabor Jangan Panik Soal Corona,sport,0.047042752513294046,-0.022015601022278473,0.2198416217179897,0.13301577736373094,-0.21193777755134618,0.21812610635588148,0.21696382450562007,0.14865869638607318,-0.25514619489882123,0.07317167299221618,-0.01149682814228753,0.3137964249135958,0.3301026738717935,0.2393817551202424,0.016896398687838092,-0.09042454327374128,-0.09176641073661111,-0.381102375391289,0.03310793025676588,0.15138601165955165,0.1759167892306123,-0.08011109216256371,0.2046198846615064,0.22808456422515774,0.10901365971239374,-0.17025020030788204,-0.164423967741673,-0.279083980653693,-0.020679549267279718,0.1950666171101327,0.04062872291548554,0.27346461035773345,-0.04896648379567228,-0.05429490661031529,-0.01227808731827873,-0.13889372571752506,-0.24630750401116513,0.012760083476547973,-0.027773271685942905,-0.0026770480755508863,-0.16353645177057238,0.09217732494742858,0.11041006247406127,-0.16116679741685566,0.039059375780443106,0.38375447076148783,0.045642653192721885,-0.03746482541663131,0.10516252450458377,-0.11719115420193625,-0.2666506562521333,-0.09980132138928777,0.06180677987564926,-0.06635538937546012,0.2098215038026275,0.2057947374656665,0.0904575716500984,0.16919789080546443,-0.3535235139818645,-0.40154520266882887,0.16555031587342622,0.06538943723243917,-0.2389760750875499,-0.25718922349900386,0.17527091207612527,-0.006280965467253111,0.12567311137768267,-0.13612071508633591,-0.3658287329683151,0.05155061091921383,-0.15977816229077094,-0.14356370724719147,0.022461055941916018,0.019124876876364945,-0.2908439119225214,-0.2239538763376441,-0.14403557885855864,0.16814234529227476,0.08170739424977805,0.19278814253421767,-0.003735591363790272,-0.15769626793847596,0.21077653802533394,-0.2137450612214188,-0.09090543582515784,-0.18706696062847067,0.16550232668139941,-0.13917853317831072,-0.060164469400790156,-0.06239971516757717,-0.09495618623371675,0.14395807150134066,-0.03481993607099204,-0.3184302370458655,-0.024412349272914177,0.1333331249960686,-0.21516127281091751,-0.30501966748353426,-0.14236482077111734,0.19327927449294435
"Roma Masih Terpuruk, Kini Dikalahkan Atalanta",sport,0.1398611748951506,0.15095688991493392,0.033865628655890156,0.20933972077556734,-0.30529706762756664,0.10533872777096116,0.22707078750368215,0.11939166775635765,-0.28501225834810645,-0.0985373841130254,0.2221872798626643,0.30207652145818503,0.25382487042184254,0.3832736222672112,0.03338604680209632,-0.022166356006141395,-0.23556768023887004,-0.22367797336578618,-0.013295028197427745,0.19925163836175017,0.035505469614753725,0.0837323103681231,0.2708980690242754,0.28178553640507725,0.01747043930432813,-0.22813808394043766,-0.08327043482699564,-0.09576560325718542,0.07791980250146557,0.28571516300004596,-0.12703005622258323,0.3117603317774487,0.03872101737602935,-0.016901573254479656,0.02336214822387639,0.07483678976312504,-0.12504389302047145,-0.059469964348962276,0.058997351063072315,-0.025550152307046582,-0.16319861345816372,0.011171069296277536,0.0406490490111807,-0.18578521732699055,-0.06565829730931672,0.3133215551974681,0.1224030851818639,0.16018340504405276,0.19332218978325172,-0.02376948795576633,-0.18147630952144783,-0.12856195213017893,0.05512893761605446,-0.09342397828770033,0.1866412253072895,0.167143682926989,0.14668491561797625,0.06972849593111503,-0.38644039397278646,-0.18903943325993416,0.16767836305245834,0.15029703774848927,-0.29296786878939984,-0.12440388403023028,0.19655663291927858,0.09316606625787846,0.24227115565489682,-0.2596777739260682,-0.17009255026056894,-0.10255943118100548,-0.059605752988429704,-0.23091937952607525,0.007430486826300679,0.09261278846002288,-0.17831043241505778,-0.10426900662835856,0.04753647222798042,0.14943520300848687,0.10907575543622228,0.22982200968246724,-0.0622537892530751,0.006458700238792148,0.07875486472280335,-0.17201508639390625,-0.1440503115842805,-0.05963843751783045,0.12416970617908012,-0.173231509348009,-0.08252463577056726,-0.07161955300961606,0.0009978347318388813,0.09123011222634017,0.24583127198925725,-0.05573377985918511,0.1677496386109017,0.10075532910365911,-0.13728317785003447,-0.17809882651262215,0.04400946692336209,0.025264062605058323
"Tyson Fury ke Rakyat Inggris: Dengarkan Boris, Tetap di Rumah",sport,0.0022515072770576215,0.08477599620505918,0.011835487976284,0.17334135875738477,-0.4521749732814886,-0.11160601219933669,0.2737076368643532,0.24262718842155268,-0.1323638716451251,-0.08003970398179999,0.21483992268098934,0.38973560524636114,0.3555083967232952,0.19224762108464707,0.12069904321403802,-0.2802860627495726,-0.19914323247505536,-0.2181438503556574,0.00014802805337098572,0.23550837520911067,-0.29369257336375065,-0.04425542669335257,0.4005215637264212,0.2612553493680984,0.18708384883127493,-0.3795165612336986,-0.0030430768399309135,-0.09444587510512462,0.27369156853369564,0.23260843455982314,0.08714158107530356,0.14953471884786732,-0.030081090587284663,0.0897531071116529,0.130769990463253,0.28002222593060827,-0.24318915496987972,0.13135370610531724,-0.17194938999525955,0.21191071463411426,-0.09259237196579825,-0.07336568646133304,0.09441956609493185,-0.039910027146722926,-0.1846810294039725,0.3497542731493776,0.016328132202137944,0.005848265327743534,0.12416903318227698,0.04081838919505384,-0.41280460753079695,-0.23592955146342862,0.05055240890323377,-0.03256247853365307,0.2953130812792923,-0.0731755952564023,-0.01940703119544439,-0.11614728927848046,-0.2405229000584194,-0.3544402072277222,0.16201964936761065,0.17950959528492474,-0.18556450679843148,-0.040385709453334834,0.21898714803065694,0.08757921855138551,0.13734766801681506,-0.44572632411795904,-0.2346235018602981,-0.3035284411806697,0.15158535584493285,-0.2096579413497712,0.06908991568224843,-0.10810420933491424,-0.10113321110120306,-0.13968913892097032,-0.05443468499348201,-0.018990294960225425,-0.04995866946302522,0.38527244110077574,-0.14534258757914345,-0.1770027803672905,0.16267977093269403,-0.41574211239058,-0.21273874679200402,-0.266632894937207,0.20526586201660785,-0.12955002218056302,-0.2425099951093906,-0.19738719978059438,-0.10830398557715797,0.2726387778333816,0.18727900835452663,-0.18777332095304572,0.2067262190986051,0.2936536016011509,-0.40327506105818284,-0.14551673989898486,0.13906854380429723,0.08636908221345597
Jadwal Final Thailand Masters,sport,0.37710951019459243,0.15691407063642693,0.10018042258447621,0.29115682778397334,-0.4526415707679562,0.02141388441124279,0.134047931487101,0.012624564483715389,-0.26398879139714626,0.020090618400825627,0.08549105121913549,0.3391218954902358,-0.01933585260877458,0.5249345966733251,-0.11169472613082165,-0.061797091470630436,-0.012983323516374132,-0.18639573601301881,0.07810085464548586,0.1991226502457137,0.16310733150274467,0.007515645843785472,0.1632428401041364,0.3593113937722402,0.008022156267416446,-0.15887426980348562,-0.1990250191637705,0.017322271589915103,0.022488144717351256,0.12672703525483753,-0.08433241509342151,0.26378461148070553,0.03380535015594906,0.07251240887721498,0.06570112264187067,-0.03175034756481352,-0.1544502999529021,0.07619529246133541,-0.1563438425542541,-0.04667094869203661,-0.21064594297668993,0.2694366975693403,0.20829715569830895,-0.017338456897001597,0.04430523540240586,0.30794477400035836,0.06475964311495899,0.0940157180712073,0.022336498145566486,-0.0687012130347052,-0.18451007644753342,-0.16481929567368714,0.24132663984549962,0.019833318399386665,-0.16061864353137548,0.18418339803931474,0.1411850294912382,-0.15921446882520213,-0.44578227374217905,0.17302874074450475,0.21731270521467255,0.3180252980856685,-0.24896282171521927,0.19875222891017807,0.1783199005353598,-0.21508653055510932,0.034047288702722646,-0.26156372688387597,-0.4160605843660813,-0.21981047558954653,-0.29347503719627355,-0.3869176678699958,0.18934574859269107,0.039914351166820135,-0.3177866462605452,-0.4297283635617145,0.06177797868904947,0.004033037804258698,0.17601742524752456,0.20599035336335217,-0.07561323191801056,-0.09107690212694461,0.04872248141453867,-0.08746502155420825,0.031213181545903183,0.0249928213772066,-0.014283337853657985,-0.1588364269403775,0.05114037244608986,-0.06454129424753521,-0.011389311832166899,-0.03658709689981206,0.11601528396302627,0.04802499812396516,0.05359638631845474,0.3485677073328522,-0.06234615805765262,-0.011328708818762113,0.1340403581887409,0.2582126488523764
"Polemik 10 Cabor PON 2020 Berpeluang Tak Digelar, Menpora Ogah Memaksa",sport,-0.07830734861575536,-0.03622545768837541,-0.06367953361540306,0.28737224204231593,-0.3827057381758266,0.10567133484803765,0.20617441267838477,0.20909489645005402,-0.09650856379787938,0.10630692174013703,0.008007383580693653,0.34877592066440816,0.35544684612472677,0.32935815399728874,-0.01998553049733657,-0.1713333939231097,-0.15747177277725452,-0.3148742959972346,-0.11289932736003211,0.33910451285926385,-0.18498852664999613,-0.041260612484784014,0.21744974504475945,0.18924339438312426,0.10616261057656218,-0.3982472740702743,-0.23876882507095917,-0.22861589968552398,0.25600783840977015,0.2935106433029897,-0.11298899933519005,0.19742112738339757,-0.21443763444150046,0.07454774952428406,0.14961800025241973,0.17806367701922943,-0.12790265670466097,0.10607219049081039,-0.1271719256286111,-0.12871965866173038,-0.20556068123264404,0.04215760979201035,0.27636931231705647,-0.121543259849424,-0.1364189490657474,0.32568668275028523,0.10063309661179282,0.04141719384182162,0.05456569379856508,0.13815690815192244,-0.4037600640890517,0.02871285760147802,-0.07394766150036965,-0.13620556392563846,0.15077216634591784,0.040464201543613514,-0.1541741245069165,-0.0019327469699923832,-0.4569106735894988,-0.19562778792020835,0.10779569086634626,0.16689822209937846,-0.44181516270817567,-0.3417788181188513,0.2900694903290608,-0.2445594169276376,0.15379570758783423,-0.17433446738425765,-0.3103650812592933,-0.1785971111968266,-0.09818050121602759,-0.24833390527815855,0.00025804437722101573,0.10082644641299215,-0.35178789012994327,-0.10118773335654992,-0.06103457609273694,0.07208892371984953,0.17062529960573178,0.37422250220553227,-0.17874120169490734,-0.24080725618177423,0.09180080938119728,-0.22676419726427588,0.11256590509829954,-0.13752173589025118,0.24541962737368303,-0.23890125875320656,0.05268084566327538,-0.00781570655302705,-0.0433807913181177,0.0486161033354667,-0.032329864499890774,-0.33920590100833864,0.06677469132988369,0.22511754831516606,-0.42032797202285443,-0.19153051284908157,0.002637331431434249,0.1321266804399993
Ini Blunder De Gea yang Bikin Roy Keane Ingin Membunuhnya,sport,0.19970040387040422,0.08308629034186607,0.10949835122894121,0.1947372823405693,-0.14556830302953427,0.09875988969798655,0.1833763424642247,-0.01368956962468114,-0.30542837011263224,-0.011926590963782641,0.06906542686367731,0.1967513842513017,0.18068556180540196,0.29474656427283996,-0.039750530975154054,-0.18707141757456439,-0.005900997305140666,-0.19587522199252214,0.007593431769342379,0.07231587952750922,-0.003699464541701586,-0.05192869811886599,0.12727380906352662,0.26978659121773635,-0.00840851919289218,-0.15086657268833387,-0.01677325617351877,-0.26070227125222695,-0.14774598236674558,0.09536693403775966,0.08286650417533314,0.1375109049472584,-0.03607003237950091,-0.02666485082527356,-0.019770178002279405,-0.13162776769165344,-0.1724998897979856,-0.03679080559294006,-0.04446766055728936,0.0833586138483466,-0.029513586036180824,-0.03712509603243672,0.08030936923305064,-0.17117508869977274,-0.03647586595190983,0.26033054319729065,-0.039976274085550004,0.003182356383274007,0.07263938299871421,-0.13648825674950077,-0.060798807306284196,-0.09471929184510086,0.1042744189604317,-0.013551809218852056,-0.017741417173547155,0.1356242757899089,0.023852304470278633,0.004167284825258698,-0.08574151224087033,-0.131155325977769,0.06799049422851774,0.1332975066253524,-0.18505326757042045,-0.058466156703686205,0.09567279358844612,-0.017320733886833944,0.019951567288135148,-0.026919865817840578,-0.19897679714288702,-0.004672389813830354,0.08294383521677703,-0.07704346378713176,0.04370133455915363,-0.05597765957511262,-0.19802498133339344,-0.20905347366979724,-0.0316870590046807,0.1599839725020775,0.05280151202854462,0.1434178592077597,0.04180306329844508,-0.0776152244192153,0.09892162631187304,-0.3503909507017426,-0.1810917266488333,-0.08342690259606649,0.07156549275858914,-0.09870273834817432,-0.082492129594555,-0.11088231168927587,-0.10103734353110043,0.13706427353542536,-0.041365651328769716,-0.09342085072112137,0.008635014244573344,0.16983362956784923,-0.16109891788266886,-0.1368537341532732,-0.04029291464891454,0.11103028456516516
Rashford Melihat Sancho: Pemain Imajinatif,sport,0.07364674832021345,0.09736792231812333,0.10515461138192668,0.14831012705967836,-0.2325716451707863,0.09388907308047525,0.28074288872804704,-0.002640170632559835,-0.1631245479702253,0.03973255727784326,0.18570317795127203,0.21555065726081604,0.07118057819250717,0.19256252984008995,-0.003274961251082313,-0.1868905414647702,-0.012885537923532147,-0.16409697912203858,-0.03218126589168527,0.04723281512371948,-0.06741925622130705,0.030203899665939983,0.10109443334062729,0.15146324748442314,0.02488029877719957,-0.22880575972451375,-0.027676751208872353,-0.2326353508266874,-0.10532791483318646,0.17397857220688323,-0.04418428204825531,0.17398297391442874,0.03800716215709367,0.03893511682390739,0.03390672676272055,0.026768069770006352,-0.1437429760316069,-0.008835178068605901,0.0016086422765421951,0.006734619006171444,-0.05972433561827374,-0.008279186304745632,0.08785965865386472,-0.00978823177577751,-0.06779712250964573,0.25450915662393264,-0.016335294535823087,-0.005360497760021784,0.15809659650740862,-0.15346934971774223,-0.20952140688671447,-0.09261852248064953,0.09504264570674383,-0.04680164312703676,0.1613259136978084,0.050265003424643795,0.03890787023226268,-0.06541853088068741,-0.156949989367802,-0.13075075237328612,0.03304968083726385,0.24703129501678087,-0.13178305763909867,-0.029919571743140465,0.05474653842287398,0.07202064668000877,0.04487836593223926,-0.12402245341759924,-0.15971036871276797,-0.07133280572009551,-0.0017119190395714686,-0.04069429464626799,0.18188517419687816,-0.13522849004647833,-0.12953692664084793,-0.2081383048758724,0.04424317873243324,0.06554584850103987,-0.026360509525228854,0.15298238151084098,-0.05537249888035182,-0.19944196607080555,0.14162268554871904,-0.2505887220197124,-0.14460073185825015,-0.22594452185409725,0.13544628932252584,-0.045185272287616395,-0.13473882976948212,-0.05894777020340865,0.03329831747245439,0.18536373482994667,0.031836563648112416,-0.1386482438183177,0.1292495078785337,0.20238057878736812,-0.20658007397434885,-0.16187926849462494,0.074687131608125,0.04974643592223395
"Pemain RI ke Filipina, PBSI Juga Fokus Antisipasi Virus Corona",sport,0.46986968476527574,0.1008692419196554,0.3756677315218183,0.3514038341645741,-0.20006631482822312,0.529968879153475,0.21372256361246728,-0.030128888417390053,-0.44762157083620785,0.12603433817442533,-0.11289469453702658,0.10233169123240071,-0.04318697288170052,0.42306950171678087,-0.22306275588223967,-0.20995098094809514,0.20092854690129153,-0.21144225733988148,0.20911107896375347,0.06298013130667984,0.49564870921773024,-0.18671844008078037,0.0103639524714699,0.2506538701145532,0.09102070992686838,-0.19672555452938298,-0.1269181706349135,-0.5651027017604316,-0.5630291606014879,0.1564195691487312,0.08156747385511237,0.5106150841097451,-0.05262101841599384,-0.10688100327928446,-0.15506949776098394,-0.5460883262390107,-0.18879409644163025,-0.09188921115648056,-0.08007839606296936,-0.03561889160573236,-0.1374425992490962,0.39450400625496623,0.2534257189561309,-0.12728459688473195,0.25444056723195596,0.27881091999281415,-0.27536938971512065,-0.1479284405244417,0.10923020461483193,-0.6431499754001662,-0.10529426420070663,-0.11917116969229438,0.2375386435883367,0.08190777919867226,-0.020959258462915235,0.36515884956180383,0.12406397956565504,0.12149856472220616,-0.2501321201023376,-0.19362646628975977,0.010204066337177,0.20216833225448916,-0.10029054683369093,-0.10067406938904287,0.06347703431946143,0.01649697819356267,0.07675675497419811,0.10047962050056236,-0.5497733891475174,0.15024822148678538,-0.45781607813694397,-0.15631440634591198,0.24002233229794576,-0.04819357626670486,-0.4628499714486541,-0.4895802387072592,-0.10586458250269482,0.33355175882360594,0.14377435420070256,0.2529985384129383,0.23142155636983747,-0.030751076230803105,0.22730834542142114,-0.3622460884225637,-0.15834928155460096,-0.2285379380741348,0.07072926936310649,-0.047434008232885516,-0.14730389249151338,-0.10144219444704275,-0.13381293377062678,0.05529317525729257,-0.19397864382492197,-0.19096768840558767,-0.26992125312957416,0.07210024488086263,-0.006275341287953574,-0.23114939588729277,-0.3516473898301286,0.2914050825070059
Kylian Mbappe Terjangkit Virus Corona?,sport,0.5265420029326944,0.04505326065094796,0.42682434676128905,0.31351951029521813,-0.14987203074318653,0.6339173706134722,0.17817493608200188,0.04077633686976147,-0.5069967730711301,0.16074749328319868,-0.2864914443486004,0.1348313633117471,0.026850676182296807,0.4059981697205419,-0.29217649298402704,-0.09952826474441559,0.27592290539482744,-0.3379461694487726,0.37179082162490174,-0.0139595007479154,0.659355179329989,-0.20871040680180064,0.09507825410389226,0.27855114827951455,0.20704481418168652,-0.1929687175675306,-0.14979310182884922,-0.6334324781321273,-0.602318994547766,0.15956014973809277,0.09882754221634704,0.6717871499201181,-0.1273416909586758,-0.2573615575113292,-0.2074553181111388,-0.7551846312331187,-0.2621535620564978,-0.094862817658531,-0.06172906274375112,-0.026859239688546643,-0.23121377542757546,0.43253435281191016,0.22992546201274947,-0.19116514147693636,0.41267126370948637,0.30086768249789564,-0.30398649014963625,-0.15140455050838977,0.12837443512427668,-0.694920662077853,-0.08863658927967041,-0.155495558250289,0.2583642799566822,0.09305218128796104,-0.05716994361092537,0.4785072179526913,0.10677903907015458,0.29740251950679897,-0.33137806614199433,-0.2896090302404327,-0.025177894984590686,0.06201569231734429,-0.03740779326808793,-0.061643007355844194,0.11222709319239846,-0.055867611704182765,0.09798120650303518,0.11687427802955012,-0.6381194247237502,0.2834543985424812,-0.5742987769755651,-0.23851540418886885,0.23451819812821056,-0.002937951649255033,-0.5984068657227037,-0.46247492839316956,-0.2994864931564051,0.44227598722150585,0.15569624840126117,0.31176508065698394,0.2958899021121929,0.09308359573214117,0.284061964723217,-0.38403219232112196,-0.25116098890322586,-0.2658792747353145,0.0864773598154421,-0.050690053592400176,-0.09670361748397832,-0.027892609031636827,-0.30692077812963336,0.06443725486250766,-0.2510329471571757,-0.14421636731910809,-0.4066959558719302,-0.07057644990158782,0.060457510106368725,-0.3044560021490381,-0.6020041100458142,0.41602498655003356
Video: Mobil yang Ditumpangi Kento Momota Tabrak Truk di Malaysia,sport,0.13949159742292072,0.09074476032176243,0.07082346296650811,0.1293602819590251,-0.32911087158928487,-0.031149660712488633,0.21262084490161443,0.1136428590607941,-0.13958875115990654,-0.00861638025735021,0.205934751756663,0.34533608853581327,0.13259269971727466,0.22670368156789109,0.034883198148892965,-0.15191279479587613,-0.03977610265951523,-0.2645995086694763,0.05246385935813484,0.09549953448097018,-0.044391706068989255,0.008764320244796989,0.25700195537126247,0.2635586540165676,0.045673662831755626,-0.183801629070895,-0.0389181019714386,-0.059774552262140124,0.016083387433143012,0.13101097225047711,0.03456284895381424,0.14084651733027312,0.059957775860464316,0.041071054379461756,0.04099437334640845,0.11951908669688734,-0.1832090311847127,0.05958700240453438,-0.11969751182228416,0.037977485538522225,-0.10483713742564205,0.0014441399901647008,0.10315622016597589,-0.03180332674579504,-0.06621618010438624,0.25678332038850665,0.07917187891728977,0.04511661956841461,0.16575214324459303,-0.11237330376132243,-0.26572791017963154,-0.18115234481450682,0.15568934638539592,-0.01691554470567475,0.1285491223107783,0.01663164935409451,0.07026348050089304,-0.051071992530009346,-0.2005846940895913,-0.1688357190751229,0.18145582179555964,0.11919379236847236,-0.09260726556183727,0.07993739673842733,0.1366983739133342,0.011737631109926452,-0.006057715777981441,-0.23149715860836895,-0.25986145434202623,-0.15360909258752026,-0.008037320777470804,-0.14307855896986874,0.16395783990819157,-0.14006811366000507,-0.1335474595326269,-0.21432263523597306,-0.023692249170233624,0.001302577761761502,0.006230943489904329,0.19441676810213385,-0.02263349468601951,-0.14549130441158545,0.11452782611934692,-0.23764485898577623,-0.17014575569758172,-0.15944826617456068,0.09742412484053235,-0.002819646388339944,-0.1985227690720927,-0.09105195754272816,-0.07913229438126632,0.20074580659546018,0.0767992067889953,-0.10709457238390542,0.04293597563853923,0.3203287056691895,-0.301561345806269,-0.13289649807323803,0.03134352686927649,0.15971816775495717
Rossi Buka Peluang Pindah ke Petronas Yamaha SRT demi Perpanjang Karier,sport,-0.00038795738974097146,-0.13390746196691772,0.03262493017140988,0.1530097719290185,-0.3969094389991281,0.07114894083583902,0.3136065688265978,0.1448086156137357,-0.11796220538008913,0.08838571279301816,0.03938318685383319,0.5373432044244318,0.32545535396821523,0.28894063532638187,-0.10721093504614576,-0.047106432104071325,-0.10255796384593686,-0.40009598985349565,-0.01844044798914676,0.14148858430745007,-0.3623007086994613,0.008063481267499492,0.335898433673044,0.19930636744377153,0.03310479265008369,-0.40922750556550513,-0.17238659421241964,-0.15324291482615807,0.22809229141105286,0.1270367035749273,-0.02186423209700366,0.2749666029918978,0.05829786509669402,-0.0647787916356106,0.11972255088695344,0.24364826694035246,-0.17983901088698517,0.07252398463033244,-0.08376792918270635,-0.0739129641394522,-0.08548008673518702,-0.13955659895154604,0.1521643354206597,-0.08306484011449178,-0.19498313930710565,0.3115052434544874,0.19426243817036182,0.19296945275449295,0.14198135201308792,0.10771417375730875,-0.3000625228828741,-0.07958434525603199,0.06706122105121849,-0.0643773199237352,0.27639544140369054,-0.03126681942792872,-0.07629741801883877,-0.06336169714173852,-0.3920998765108482,-0.22019333354391576,0.2069316441119957,0.17313103344829078,-0.35004693106581825,-0.048555566378828866,0.2582022193618644,-0.05494860057181672,-0.03437710182550142,-0.225008880769701,-0.2734731961952219,-0.21364877267378612,0.06021504773875478,-0.2575800607956312,0.06617294303658763,-0.05300723993095351,-0.17528765603541396,-0.0996962360571063,-0.10415300162247797,0.03733615315861946,0.0066761647727614564,0.270971500297325,-0.18970102293741012,-0.23502497096159936,0.21813093255341115,-0.20254399338858908,-0.07524576927072205,-0.29337074031281074,0.22328656227810686,-0.14956637213655583,-0.14637157949388932,-0.041699079557107305,-0.10067211715830383,0.2390843200752719,0.07620739824918726,-0.1951411824054147,0.04794377986033013,0.2633805872840175,-0.38559461034911285,-0.25426743140110714,0.02367146123990303,0.26505591196473666
"Tiket Olimpiade Sudah, Petembak Vidya Rafika Akan Jalani Uji Coba",sport,-0.1075340055507791,-0.06871097639768733,0.08672212933816821,0.12894814963025936,-0.3146536073829825,0.019343030938217234,0.4525432118703474,-0.023659581380006466,0.01680044689761287,0.22779322909312305,-0.014787632973742651,0.35142584471057636,0.15893785790509402,0.0939358006008745,-0.046471757215001734,-0.23087946355516661,-0.06520029804259517,-0.2386771882132888,0.10463522864503054,0.061385616514460506,0.015083186260338992,-0.04944066241138957,0.2957686512399776,0.1212532550918384,0.33712699397253304,-0.2625843651805777,-0.2707198145982231,-0.31748693334063194,0.30276351652309313,0.1769436454154988,0.13513666961152634,0.5252748302789056,0.16000218438972946,0.09040264299813318,0.08352705850216258,-0.14371846586670367,-0.2405053325593374,0.0813104571350997,0.1178938878728539,0.007737251224054338,0.1370782390298377,-0.006111681506036018,0.09400540410645561,0.14152004531973197,0.03715457381433554,0.41993322129451083,-0.06413993931795164,0.28390214201982,0.06881916613484818,0.05804813494079515,-0.4072917536551186,-0.1116794076516085,-0.06189518922884134,0.13925318545957924,0.21501607697072628,-0.07510568994153838,0.14360843694672437,0.00749417839127208,-0.23757015687736804,-0.369198501901612,-0.000541782379235918,-0.026347932544223036,-0.18426264337757808,-0.13376758177282894,0.28043188085881027,0.03666439184476748,0.14317404294719216,-0.3159256139843269,-0.24369731878407025,0.010326509023627306,-0.06122819198739607,-0.16983453308312463,0.09295748624063194,-0.023242516351180374,-0.20007576896620863,-0.2481894512380898,-0.3277218021436945,0.0028584819894901317,-0.18570032847477452,0.33496664960865247,0.022148824146098707,0.06164242628419943,0.1253567739928388,-0.49563870447101865,-0.07755851734070707,-0.454566765659826,0.2946773568752933,-0.16870166850006185,-0.0325182598752692,-0.15229411325905573,-0.21963848740592018,0.44130542460048716,-0.14225064871226453,-0.17328130701872865,0.09391103155306782,0.03433906037565693,-0.3730534181902064,-0.1222921823750214,-0.2016780898938254,0.19555208983608002
"Piala Thomas dan Uber 2020 Ditunda akibat Corona, Ini Kata PBSI",sport,0.2010263928947946,0.015495711839852261,0.2408970923701726,0.23295290798641052,-0.2726065737090705,0.1968477495337174,0.23582128435436162,0.10001008982098734,-0.2521266034045088,0.05722475648757672,0.015677223340395195,0.29007624808787813,0.22339780913397156,0.248661840108636,-0.02226093649894066,-0.2239903006627761,0.03924574493650744,-0.24765007548450757,0.06728686288201788,0.142070802433781,0.1530668799710718,-0.13363968923389002,0.12444127539874493,0.2462533771471003,0.14080836231141144,-0.2212723106734779,-0.10287312133044729,-0.29847034861745947,-0.13017927750106512,0.16209862582974574,0.07752391937566563,0.27202139654889973,-0.04768477548407982,-0.048280319193251854,-0.06173115168378682,-0.16956233940241155,-0.24712849828441624,-0.018225241062638797,-0.11413390856807568,0.09161067817234815,-0.06884153635258068,0.11132165659505598,0.19446834640752228,-0.10477826667073066,-0.0019609625091659318,0.2904177626995876,-0.08608514985802604,-0.09761370574175501,0.09947000904366088,-0.23087281813003926,-0.26234992845379834,-0.16850769766934615,0.11718682497667635,0.03695949585929841,0.11251985675198602,0.12481221965715814,0.06716905681457537,0.11312994943460522,-0.24552251514718146,-0.29105756722497256,0.09607451985303801,0.12369006338530578,-0.13817398492840122,-0.09092053644033671,0.1632466375390155,0.08050966521072431,0.08433009425670349,-0.16717031578775948,-0.4484430435119551,-0.019699462101787482,-0.09767103248529888,-0.12168726154447941,0.06514932126043602,-0.08455332252352152,-0.23291251978300584,-0.305883380475253,-0.09280878673005276,0.14101419088216335,0.08868912810956697,0.18026837396779724,0.08289326232436482,-0.08913446496349531,0.13109995000701413,-0.30562716962180886,-0.12190678510339142,-0.20557196158370977,0.09740790350242058,-0.06243768980384716,-0.17841441229441227,-0.1593224354553329,-0.12352430433361221,0.12623076768126767,-0.09208642050609034,-0.25871299600007513,-0.10585875562788073,0.18294983671951118,-0.20928336738137174,-0.25652441002576304,-0.12778330633137713,0.21490151296034107
"MotoGP Virtual Race 2: Petrucci Niat Banget Juara, Ini Buktinya",sport,0.2247572883811022,0.12293847365914137,0.17585248621246855,0.3475340392327785,-0.4070256244513758,-0.01726946979449779,0.23051374988745488,0.13366048997404614,-0.21464602749502787,0.03898378353445872,0.1452590575706161,0.28897202665579513,0.2495236412558461,0.32081208267904004,-0.05377944979158163,-0.22262160219078553,-0.043548472706922824,-0.029027948519934885,-0.09652254488626291,0.33013087323562607,-0.2553958073141549,-0.12507735725061234,0.04658778161427281,0.23694619967805916,-0.02755345049632239,-0.4998365400718827,0.026375423282889953,-0.1484769086320979,0.14039615490127985,0.19858369370471307,0.006376968185921584,0.20283978284592322,-0.15767455694697186,0.07596060531676657,0.10928207232630448,0.14794390636327887,-0.07835816475756997,0.07986199403878373,-0.26140302058019216,0.18291562951856252,-0.0162716226904936,0.08660020982939723,0.25386413095646876,0.05279874586372289,-0.277069120728389,0.3145621033183109,-0.02828187281533675,-0.15932856026698833,0.14958989987264973,-0.1753445815751079,-0.27837734772992956,-0.21170119356427655,0.08127423221433742,0.00600627731113214,0.12051070475322573,-0.03733002104499859,-0.08152220533614016,-0.12031570331875917,-0.18646384809991975,-0.2508785205221209,0.07777342882301963,0.3044697682925219,-0.133405296331789,-0.009734572706281554,0.2599627027148663,0.11322360626013345,0.11230048938514256,-0.3589203709167946,-0.4653201324551787,-0.3067935308985191,0.11178656645453569,-0.2162264605780962,0.1427174448843745,-0.12296580801661999,-0.05118191011170205,-0.3109939534773416,0.08796876366544862,-0.022028372985867867,0.2806874309978661,0.3057018052115981,-0.03543488418051106,-0.17123196447721717,0.03217760416043703,-0.29289916686077727,-0.09906914612793838,-0.14825787131448476,0.05239274774287378,-0.1590340506122215,-0.2578642193815772,-0.38078536994796763,0.043496655116124494,0.036215899475784574,0.04789301227121,-0.23016837847084645,0.09160778301722042,0.46166555691518396,-0.40450617508303627,-0.12891730417666697,0.16122789517886146,0.03609225055445266
Video Los Blancos Juara Piala Super Spanyol via Adu Penalti,sport,0.13980223866588293,0.12134947790876471,0.11971340982762138,0.24781639137956776,-0.42210710074607105,-0.061959064743895356,0.2778664257047309,0.19658569512388352,-0.16407575400179905,0.0012547848323703006,0.2730957002141066,0.3792703604143416,0.18669235265053033,0.21278869135096867,0.06396370043775662,-0.3112191670604232,-0.02698017039666147,-0.1291298918230666,-0.01482902820339912,0.23765580357631122,-0.1891824186898188,-0.08119313173850208,0.13926385935734475,0.20094289355291955,-0.0125813373148131,-0.37765633654505204,0.037949992723660696,-0.082379999501155,0.07986647114785339,0.1693647118391624,0.04882135271238106,0.18207260872627054,-0.035923284217953724,0.09716942775309687,0.057791212392404034,0.16547961229488767,-0.15838014578825993,0.019694657517174943,-0.19913743343799634,0.18874750011448052,0.01720070066086894,-0.06438184115417596,0.16685724478958835,0.04983886925279355,-0.23899605097455442,0.24605381670547066,-0.023779283431304928,-0.07085276834740573,0.21329583318211287,-0.2150786134432226,-0.31067176040069944,-0.2727064317263113,0.06378079990709429,-0.020050504696434816,0.23018749003631278,-0.07736088881126078,-0.029388763271328888,-0.12352196547640393,-0.09886608806997396,-0.3099576581436515,0.04433688018545515,0.2006567962171454,-0.07054981977924316,0.05538569387821981,0.22342063813934723,0.1673880817821511,0.054210906131609726,-0.36286198043756,-0.3542571447966004,-0.2554763726753948,0.15219782523268502,-0.10742241683199942,0.13330021309844373,-0.18883497763980428,0.015904483465557267,-0.2652266909288802,0.03898553424789854,0.028665666152808585,0.12155639600215287,0.26679098271338797,0.02541850365151649,-0.13552502623699508,0.06960323158695654,-0.34105682323723385,-0.14202872154410634,-0.20674327942784476,0.06351444907302542,-0.11845407196933282,-0.3497271049390524,-0.3176035219049589,0.021457393610378173,0.1993508047749363,0.0847329247707769,-0.1985194188286452,0.024681799924717043,0.37940454536667845,-0.4761882548968278,-0.11844044116906735,0.13620493310072262,0.04198156697647906
Marc Marquez Prediksi MotoGP Indonesia Bakal Seru,sport,0.6044714046977254,0.31616729559854617,0.19403273798732742,0.35138741611039964,-0.3483278929195834,0.2147816797388047,0.11982045680068927,-0.01611253137646498,-0.48993388825254697,-0.11471255622292016,-0.0763309261327997,0.0016774887676588382,0.04309770195664795,0.5257397003329153,-0.29113458523956937,-0.038446947429493845,-0.11720277228162145,-0.06546287039816366,0.03279032779766048,0.269856118127319,-0.14681325129507747,-0.07540981333241628,0.13328152023734302,0.4158015032553365,-0.10540187027676563,-0.27938933540252325,-0.03736047475736948,-0.1740194654518494,-0.06096924724666232,0.18665382219262638,-0.026567641178578,0.28712796423360476,-0.06892681318485556,0.06245346496459264,0.11077994710740216,0.07554414626468187,0.059089138829719334,0.21502024698262204,-0.3408027975799522,-0.10149667886102073,-0.2273692175697086,0.2963639192043693,0.24700203421077166,-0.20506728423591616,-0.08675760707850187,0.33977094689462767,0.03495716223910457,-0.05486836022229802,-0.10265891289871372,-0.1839121134504575,-0.11429041643031952,0.07971949888328626,0.2722158412432808,-0.08148708918153229,-0.08951080348612113,0.22651121553843498,0.07196347779866157,-0.14967591943937084,-0.314578186824196,0.13155432425661504,0.23061190305593124,0.2917541408107605,-0.2757984457982704,-0.17015554581751308,0.3280527216265476,-0.12082169757070246,0.03594852386586483,-0.07968882755109652,-0.5135408686411287,-0.17264096174126378,-0.4335971361082199,-0.21369062357200028,0.012573300317619083,0.17204857315061164,-0.41646905407152623,-0.4197052949420611,0.13156890787432238,0.16164663316417993,0.2946906729732458,0.3993724686905055,-0.15226193925528145,-0.1424308102312013,0.08147745867607166,-0.30702066857690374,-0.12948897478945195,-0.0035812924007394514,-0.004288885817997344,-0.0775213577748901,-0.19374273676133122,-0.16493827222478594,-0.019683652261109106,-0.22350114244805747,0.05189771901212462,-0.19749073758481653,0.22855284282639432,0.46229929643986784,-0.01876810945119084,0.01432290511434207,0.12016697194960524,0.18880478036748638
"Usai Kalahkan Cerrone, McGregor Diajak Rematch oleh Mayweather",sport,0.18410854802800677,0.1773901705361787,0.08531345806642354,0.21054941315891718,-0.3960208808226127,-0.027563060313108845,0.19858212279309326,0.1778011830941641,-0.16097453339264428,-0.1164303362521928,0.2140412110249764,0.24906948585843058,0.14952320675595412,0.34367244168935857,0.014143754487449303,-0.12097920034600922,-0.10037335278355666,-0.18372630019468256,0.047078807248689,0.23305464704289441,-0.07079763052178571,0.02550907835306674,0.2290782297100181,0.31601959024806636,0.06988007873336194,-0.2979247881029296,-0.019838756703611838,-0.10282695372246835,0.13813322366019018,0.2353851898782144,-0.09374187667856657,0.19040499248345788,0.016109395467532567,-0.014178821816731134,0.049848295828630255,0.2669511803538592,-0.12486368489386875,0.012773174669389679,-0.07720011373002597,0.015148894065932911,-0.09650447501129092,0.03529566269982597,0.08896387882533696,-0.08459854370741197,-0.10794880006790573,0.3097231064930422,0.12105943115707421,0.0414179178820091,0.1677970746085927,0.008022662791361277,-0.268082940180158,-0.14881745469854304,0.11428601385835228,-0.060458912868245604,0.06469057394008969,0.1169325094954913,0.08718851807717244,-0.03073320484150629,-0.3374006147170042,-0.1449870678915294,0.1792152124711337,0.1368237227453172,-0.1751242386228075,0.04079909817373093,0.22705448696643876,0.012136836055965883,0.0686508250160864,-0.3275131199339484,-0.27344171576250537,-0.22989873672234587,0.0117112842793658,-0.17808072868794142,0.04930601164925564,-0.06292820572148684,-0.14287107736380375,-0.18260229429343028,0.0529830245623194,0.08897120362834875,0.10376321804793391,0.23525357638681932,-0.08940275724582383,-0.1417087326303285,-0.02461711931948185,-0.2515593270809153,-0.19477207395122156,-0.19791655266118524,0.12386816076691244,-0.025896324527559227,-0.11750828539331794,-0.1063269290170786,0.01018132996131257,0.07700124218667449,0.26019112977532755,-0.08689857613255351,0.1781542290363585,0.26250042831454407,-0.21885973721125818,-0.19911443236261223,0.12704276428904232,0.07467679147170755
Negosiasi Valentino Rossi-Petronas Yamaha Mentok karena Alasan Ini,sport,-0.009231123721292802,-0.10685250076053074,0.046550177525001964,0.11938636520343925,-0.41723092753893803,0.0025349750362681045,0.3434056777173939,0.19392507912934867,-0.11440823374308629,0.041862697854040565,0.12994682012382003,0.5448422669216783,0.35832641633207446,0.2974743215063405,-0.009377845941117643,-0.0716520047708457,-0.1141563618069752,-0.36890033102684067,-0.018953242726873987,0.14846454852759705,-0.44160432201279226,0.01696078894107457,0.39652050246397597,0.20438339106528933,0.03319325959616678,-0.44353879580922706,-0.10114567833860798,-0.14745070568503657,0.22209044188310773,0.13300786495030995,-0.004466127884966755,0.2609866498411481,0.08002068447847817,-0.06722459793730036,0.08909596494396586,0.28043127559292846,-0.19980696082784877,0.03486943155118801,-0.08389834671664188,0.012459374608899053,-0.08160157016727528,-0.22942207308481252,0.1018739387023114,-0.09779867009515329,-0.25182055727003627,0.31465352513901046,0.19347802673708286,0.20056026716325026,0.19611600643278693,0.12971200404941283,-0.3192757162567551,-0.1317478868567906,0.08813402133567963,-0.038945728793849596,0.3501507785662377,-0.057471082752321524,-0.08051064373435789,-0.05704589779677825,-0.3694942527363395,-0.28774091767221494,0.20866031982527952,0.17405924612437548,-0.24762184315919303,0.04525896532627279,0.25910098588676606,0.009702372840468945,-0.04973811793719839,-0.2941763853977065,-0.2212755068874439,-0.2546520464682648,0.2103999094094608,-0.2574256769374005,0.09932723006975848,-0.1363150708474192,-0.09744260542949967,-0.09766546281541967,-0.05742824587170451,0.015406914775722952,-0.014201725241557642,0.24948496383092358,-0.19944000380847307,-0.2428906448047104,0.19293188384322638,-0.2344046666895188,-0.1503087574502485,-0.34762637800786866,0.2469656103314222,-0.13742708682403107,-0.1876424674975701,-0.08434631050706709,-0.0758106923566267,0.250243414690846,0.1365866093677243,-0.13535822636104944,0.08730597618401306,0.33312297007794395,-0.39668953178944666,-0.24789756553036055,0.07875294591045333,0.2511581713758165
David Beckham Pernah Mau Bertarung dengan Conor McGregor,sport,0.0637037671359769,0.1364696051719743,0.09197519213803149,0.18678752458000464,-0.4872459346887957,-0.1375151034432542,0.24960823623101677,0.2614747669694731,-0.08474517451598176,-0.14105280086926356,0.3477249962541627,0.3854662421181086,0.29083967555897583,0.2550884957322401,0.1966818525765565,-0.2530192565335073,-0.04852980112842025,-0.26292922063710805,0.073823175737402,0.23627682806705494,-0.18953214131777948,-0.013739756956708692,0.3927536821014122,0.29525220239819355,0.14312377749364275,-0.42857338760332947,0.04050822085901982,-0.09540184256145423,0.1647725632478883,0.2611497079406044,0.011549962689658565,0.12324133837892773,0.02128975153685015,-0.020851952926631393,0.05808365546540541,0.3965099325726484,-0.32946008716013203,0.043402416988837685,-0.09683025624143198,0.17809360651215436,-0.0763991399190829,-0.11684818462391267,0.0036344081895281597,-0.056587021118908745,-0.11255943551358576,0.37940650196815223,0.0854654665961355,0.03479929860720473,0.24704647813478323,0.048658185925035936,-0.41493209008557735,-0.272761593817664,0.09803694595381891,-0.0740676021347724,0.2224474943819618,0.03961061734346982,0.08585926799715639,-0.05291431025820033,-0.26250315927350265,-0.33382543364755213,0.16993393862771428,0.16197978632948012,-0.08924103745250819,0.1292683817169688,0.21439124449926097,0.10418948756423208,0.012728712330650859,-0.506131208456816,-0.29158449352434984,-0.2634101648213247,0.20658721483023584,-0.12770131819089658,0.05820796685438523,-0.25211278002562515,-0.04132724749623611,-0.2073584228392653,-0.0560496150258926,0.06858613870551103,0.0008881854186806255,0.2987974737909984,-0.11776368843047366,-0.16304099750073403,0.12161159201588789,-0.4402654860539591,-0.35166024723120465,-0.3663162070394755,0.21928324835438293,0.04815595912119048,-0.22970691656115846,-0.16170671741793924,-0.09069012556914915,0.289698809617667,0.27029540525053625,-0.1702187846675584,0.14958597654288233,0.31066074859004644,-0.4160429838761357,-0.24836721786890156,0.12754185181236216,0.05464971734041814
"Pemasukan Menurun, Bima Perkasa Tiadakan THR Tahun Ini",sport,0.25689718554698826,0.17792431772340903,0.041019415062918084,0.18513328558209782,-0.24271727484942476,0.047205258469753854,0.18072592706849813,0.03174715335432067,-0.2590388974002848,-0.09703268602253264,0.07305641812769723,0.1732122287062954,0.15282166475825765,0.28543426587320825,0.046602004092998306,-0.1906758656030639,-0.05367063118428361,-0.10406983621376835,-0.023797533871575467,0.12262197771408559,-0.1765784294834551,-0.08221428541002089,0.2632373848042656,0.2563030287394367,0.05431176652119637,-0.28787257314704867,0.04398130897314025,-0.11350571478883256,-0.06189990129259774,0.17911076994136468,0.048674239927710965,0.13634515171356826,-0.05242516442113037,0.10239979268942204,0.026434773850075536,0.026573773925469946,-0.10342610101945961,0.05202304183438692,-0.10900802455419932,0.13336264894368374,-0.10774180286181634,-0.06110299731700641,0.08730481488688292,-0.13073464959026854,-0.10163659917253558,0.20075029233716243,-0.019759674126653755,-0.01594992483580698,0.03960204704796912,-0.1541288077087959,-0.17671193187655945,-0.09836124801497348,0.1366299399192122,-0.08048810732681153,0.10192581530622116,0.10069287355228372,0.0038019686380248957,-0.11811534405923234,-0.06603972049539804,-0.12852787175441674,0.10702596103413017,0.21339385499762611,-0.12536900373353105,-0.02194440225871377,0.14051211564766702,-0.012913787395074788,0.014152205112838318,-0.21512313564810295,-0.2568300649484148,-0.09647196913961428,0.04497254078016687,-0.07953602986816218,0.06023526031950871,-0.043261756011996985,-0.15673386047011983,-0.2880144531334028,0.04735616275907565,0.12812712656151026,0.03615560897563113,0.2735511383798812,-0.023652059383051805,-0.08690987408940247,0.06805817771012394,-0.34164863161867004,-0.1925427934460769,-0.0775505663233231,0.041419394422397615,-0.03908801057388347,-0.20180088748155517,-0.13832421637664824,-0.09464016966580664,0.09568613615311397,0.0952764384883362,-0.0911194326801793,0.13925378439357886,0.26811169693463405,-0.20012001414819885,-0.06493191853495472,0.08482978542788097,0.08547865463934831
Zlatan Ibrahimovic: Pemain Tua yang Bertenaga,sport,0.1887933269966367,0.11360543453208054,0.16538587161806306,0.18809834073322745,-0.18566505815532305,0.203087066104313,0.31230537888046606,-0.07634339647148855,-0.2731970878827627,0.058646908235701435,0.14604434537444477,0.15890666768968112,-0.03074247985255399,0.2745906997025943,-0.05934853794561622,-0.20301377427610215,0.017170757887085983,-0.16424910156394734,-0.0261142122299561,0.009809916255430545,0.0222696425064264,-0.010774104827324039,0.04777690374482665,0.1748789435249236,-0.035935955881298234,-0.15879310290552107,-0.04210846206543586,-0.29879134117015455,-0.28177082096283695,0.1808560422924794,0.0050434568832372125,0.2217706388047938,0.061198010893019725,0.03733319885858068,-0.018892708105079724,-0.08253745923197442,-0.14324890763420478,-0.03607436885526949,0.0065728586604617304,-0.0037581864601698226,-0.054376947761331354,0.02091606511808434,0.11367230103524847,-0.06467647570794013,-0.04354530344625615,0.24882654577797822,0.003164161327764674,0.006125291477786348,0.15181536441096133,-0.29933244889293364,-0.15235477022756777,-0.06604449602412137,0.13724923817987345,-0.08252605132040985,0.09382247238360748,0.10386795729378015,0.09067905029144993,-0.03411668421648707,-0.06658612899196496,-0.10052256076928227,0.076158188867994,0.26495208922950375,-0.1514472277616105,-0.12494587292323392,0.035924095754462246,0.08527303846337328,0.03348818745798428,0.04220379909243078,-0.23025084815267766,0.02197458084098838,-0.11180517349197232,0.022981863431948815,0.1649131571670876,-0.11156372115052715,-0.22643908330467966,-0.29737541254727196,0.08475589964814595,0.14415952564273982,0.010329749907779202,0.14363570104274828,0.015575581026621549,-0.15939228302120814,0.18475899833115683,-0.2889471179456419,-0.15970282520487453,-0.1549078597777466,0.10217244154753483,-0.03021193845333885,-0.16646503327100393,-0.038802640689901684,0.01292282024695178,0.17239166264060848,-0.015951938238302044,-0.16985943167010345,0.09505099687424587,0.19003322254977745,-0.16718487057143483,-0.1782893246284834,-0.017927975718145358,0.06605816594085938
"Pandemi Virus Corona, Penyambutan Juara All England 2020 Ditiadakan",sport,0.5464349906463879,0.13642041363003687,0.38222999098854865,0.4996460951426663,-0.3689060411531373,0.323294773407171,0.2465658748507986,0.04396793529180557,-0.3799653571820472,0.0356238761317631,-0.0672362378200167,0.2430884434578509,0.09169817559194639,0.44434464676499574,-0.1471845816518785,-0.2757856410682513,0.15845829993693022,-0.10788484482689492,0.10258508685859563,0.26983196073318805,0.13588476530528212,-0.2550227865208315,0.059706022943090006,0.20910867021862767,0.04162928050573536,-0.5381961770743905,-0.04669865231108257,-0.40144006086452405,-0.2966052771964697,0.18743592678722693,0.08536057751499992,0.5129682392374363,-0.19844341827183737,0.07975679710944032,-0.016546654775412797,-0.334662733737846,-0.12311454494816788,-0.004113553259470503,-0.2161722852038491,0.15452488762172487,-0.06003095409678566,0.26971760606271095,0.29465735654074626,-0.021938982174150412,0.025843668587584225,0.27556966762203194,-0.25324306942481595,-0.1948532017010118,0.10574922129869942,-0.6233154241165725,-0.14481009371971704,-0.25883902853973373,0.2330362243021661,0.055418576411684045,0.059030215836724104,0.27786481993560525,-0.0791167911430072,-0.130355849575223,-0.11707979976161981,-0.31713233534535107,-0.07348403504217965,0.2912011199020968,-0.15482249771869805,-0.02888197777832322,0.22756005216988784,-0.01442333960423943,0.13944762550475479,-0.22712741241527237,-0.6709885739572963,-0.04817844417511038,-0.2259424292568646,-0.19697687330602787,0.1656059996452905,-0.07887028071893404,-0.2801331639061079,-0.5893963738003225,-0.009883718048490238,0.37117642531856837,0.27315290457575697,0.4167446049933394,0.23358217691996588,-0.0658894507523133,0.13621319315171776,-0.45144115263298673,-0.12776089398071208,-0.13897739011638507,-0.021079484030031945,-0.12156653079500031,-0.30318095573567777,-0.3051724029256491,-0.11799924939830359,0.048675293819462624,-0.09198884652370116,-0.20733433845751115,-0.19437933096562587,0.32144317178543486,-0.3055644410884272,-0.1894356171831615,-0.13681604762504837,0.20720315230497802
Quartararo: Saya Tidak Mengambil Posisi Rossi,sport,-0.024090357126516602,-0.07991944952884504,0.04803224057854333,0.13734048433048052,-0.36385114476398933,-0.0023852383323196176,0.2782432933463931,0.17423195677675182,-0.07139046690821993,-0.01477854013188912,0.11982960468423512,0.41004067898093066,0.28765612297425425,0.23189710884354078,0.03235639319649683,-0.11149351519555792,-0.10558502123143762,-0.2928646354281199,0.00934240136802856,0.12591177072430862,-0.3316882083348496,-0.026866026660403323,0.3489561445805458,0.1906895849476064,0.07822916580445115,-0.3647333083093869,-0.055141146817810176,-0.11883331928333866,0.18277148410125035,0.12163856096503109,0.004229804742909378,0.18748273258507972,0.0378899737238311,-0.013873977552526636,0.06685942935538323,0.24274915641021522,-0.20014743981109645,0.059456374616634514,-0.11521409809579,0.041760022613159184,-0.08892569750062693,-0.126559291522172,0.09802350613476349,-0.06949139842593198,-0.1608524787693893,0.3052126952791789,0.1379223306737597,0.12304104386875665,0.1597888286624078,0.10042156222285051,-0.31147887253771495,-0.14562930231830293,0.0772182175679451,-0.04359054008313673,0.26826275355693563,-0.057822786474612385,-0.04740138210689587,-0.017703939778810393,-0.3295442900193949,-0.24264194567137504,0.1878697535972717,0.13531383757014567,-0.1800725262572478,0.03272366763292217,0.23459014117214,0.004556348748297877,-0.011767853070856534,-0.28219722378441164,-0.19336462705558996,-0.2173345084354571,0.15014576924235717,-0.17566925577902393,0.10814134372013348,-0.11237309519491205,-0.11466848238161176,-0.09811027249081503,-0.06454138600328448,-0.008228473032615796,-0.040973620915905666,0.25079780615646585,-0.1746593482990393,-0.18334586825052956,0.1931040576831121,-0.23209680220307127,-0.12685344717014405,-0.27646206142920804,0.21897926732776496,-0.10130440623749193,-0.18150254024149676,-0.05831272332004388,-0.07151507920464835,0.2129162316769998,0.0825991075806696,-0.15690767677189127,0.06959045485204293,0.28105945889935924,-0.37172008309798366,-0.20178413813982815,0.07717013434042481,0.19086820145116323
"Tak Terbendung, Atalanta Eliminasi Valencia",sport,-0.010167529425992573,0.02243965495076878,-0.012084022246823175,0.26459993451965735,-0.2718088807481358,0.15082645589513885,0.2108530730160052,0.18281694881729244,-0.20165525475536686,0.11340848177484195,0.12423013853261422,0.22136110076593946,0.2913786610246937,0.34250961683486086,-0.017833246031637696,-0.14794230525463953,-0.11205357047910051,-0.28996644256128556,-0.04824477461453375,0.27452703211511215,-0.013517422261474805,-0.010627539751183848,0.04095212110570286,0.2405967126291994,0.02591983334531429,-0.2560299977829773,-0.17898292213821998,-0.2840164040256018,0.06721705896491462,0.23285509706808813,-0.19389082799929713,0.14902931443144046,-0.20281914319000763,-0.0564935237802047,-0.038470821493113,0.028114550976895598,-0.20263381398659197,-0.08647179117444169,-0.038603849894812144,-0.08811898699615062,-0.18395333595369256,-0.024270589305668493,0.26104632444074033,-0.18948341585620512,-0.07830813414076201,0.28428478738596075,0.08382485802668542,-0.04031538896362692,0.12338394787046443,0.07536055069753518,-0.274166662769894,0.02028182447173214,-0.09692551605016583,-0.14740695115375194,0.05345194853632538,0.09889485872002049,-0.0800118366696708,0.20019152363770054,-0.4179471169412361,-0.14638331206364152,0.10629901483773378,0.09291996606697898,-0.38394574901785805,-0.31188616758343907,0.2623205042382707,-0.15138966570698648,0.1537429453247831,-0.1071108290811453,-0.3157814180203714,-0.0732457906966906,-0.06345793134977225,-0.13529827623376986,-0.021896776740859675,0.08234819745356584,-0.33347984489162924,-0.08086470661579057,0.01970343997897459,0.049042180647595024,0.2591325842621901,0.25610284255001226,-0.11324072183249842,-0.10718471433105296,0.031344242318156364,-0.14566915645030218,0.1286149802177114,-0.05155435634083869,0.17648959452679425,-0.22941002220372728,0.14570029768089282,-0.048543004687888504,0.022880887359041858,-0.013600611542049456,-0.05986979176409797,-0.29915480028326924,-0.015537448895451894,0.10733806109646353,-0.31369045557284736,-0.24511475382027964,-0.04157441871548127,0.09206272107381347
"Dituding Pensiun Agar Terbebas dari Honda, Begini Balasan Lorenzo",sport,0.12887563048917836,0.1667697404420034,0.13587449167792434,0.15774040665428177,-0.3500745687163917,-0.00022194302196612954,0.30230374781585334,0.21002601830105286,-0.15870451157462134,-0.14356342320727342,0.27052421498490203,0.3233543632751033,0.28187728511873866,0.25763825339287627,0.0489131479122538,-0.18255359704944712,-0.10473269766890235,-0.21103349213261252,0.02657236689431458,0.19511170400890415,-0.29913322159192723,-0.04995688213839979,0.3253403726503613,0.21840221853022618,0.09240881897082032,-0.37841184675967415,0.06049968463301834,-0.0825539442100557,0.08378616113232587,0.23045714120647173,-0.011360351702581135,0.11768231806365341,0.012372233666517431,-0.042523969613990846,0.04104224044938946,0.243829278474991,-0.1516829814083453,0.003267981092684636,-0.11466844482929364,0.1677490613625229,-0.038340885157689096,-0.13656462443555012,0.004698243061929873,-0.12299648840769879,-0.1805108287537405,0.2925851799276025,0.08914138781593949,0.05525320495273108,0.14280915614662495,-0.06395810974550982,-0.2817758864148035,-0.16464809787590876,0.10101124642556476,-0.08293726384083418,0.28346111294183113,0.05401878077082994,-0.04236961632150662,-0.04832744380575701,-0.21777338782080244,-0.2805890636892053,0.1951552358866629,0.11552481667372318,-0.16903756716518042,-0.01181318603645608,0.15803928692425198,0.1888335977409324,0.0846834177924202,-0.37660280044553357,-0.22117224725150714,-0.10954306685129526,0.15344988429221976,-0.06820680698667293,-0.017744361261075054,-0.10816955555299612,-0.0353799786723081,-0.19141657477504168,-0.0021094712822301792,0.11195439595781238,0.03018409021853188,0.26777994892539897,-0.05304089140097891,-0.04550001982481243,0.054702436499959484,-0.37818148142586105,-0.2620628078705932,-0.18969608822162748,0.1378129325219124,-0.035697739901668614,-0.26591479189239725,-0.126887301273748,-0.07554290899297329,0.23842062658457236,0.2718889259500121,-0.14731760505412664,0.12591573215092516,0.2853417030449926,-0.3900168538120608,-0.21028811132417194,0.14878534617393108,0.08245688762128921
Hore! MotoGP Indonesia Dapat Kontrak Selama 10 Tahun,sport,0.6260271120582191,0.3555385020509378,0.11675638842220544,0.3352952857514224,-0.33256739457082835,0.20087517725867435,0.07253712012259735,-0.06496770221789984,-0.5349218653262221,-0.034874150660090954,-0.11317729352175308,-0.04305599680558473,0.023408817751350747,0.6030269020261969,-0.1817787697225198,-0.08291042784580581,-0.048873536303321974,-0.08485464376983677,0.013583385216343934,0.2950043329465061,-0.04179879414099728,-0.11375395333378598,0.13137833305448307,0.4756444689504325,-0.052502187402478286,-0.24292251800765532,-0.04431293307387992,-0.21966420368299752,-0.1301750744212399,0.15136452512124918,-0.006492477211291402,0.23598294986664295,-0.08108838661522023,0.08880085958201865,0.12035230122500022,-0.022285511612240443,0.06556086240070157,0.20713931906132713,-0.3591476052616091,-0.07431331119773497,-0.2708336864803427,0.3571156147326238,0.25507186631268414,-0.21218621270197427,-0.014005311978693466,0.3513102508191075,-0.08588092994820322,-0.09615212012010889,-0.14653890560592553,-0.24943430964941826,-0.08595038592405659,0.06368854652036281,0.270709125845443,-0.06662304710310908,-0.1621520031057965,0.2946273744620553,0.10849216066887295,-0.1904718615582159,-0.2783377267065654,0.14390389975171738,0.18782600601891083,0.382621223354465,-0.30510482300351577,-0.21283890963830085,0.2885283415828517,-0.24731302424174295,0.021623445573515376,-0.08582920207027107,-0.5656444598200427,-0.1742952363420971,-0.39336335989684373,-0.26383219845423916,0.03842351158129174,0.18210180190412195,-0.4775567437733148,-0.4884106630633625,0.10686720308033655,0.1906412730306063,0.27520708100009794,0.3867078021692236,-0.10938423981048058,-0.17001416860020557,0.04189263663376106,-0.39114468326087737,-0.07573179228439385,0.04630829523728234,-0.024235532268979038,-0.11386659055025622,-0.12143521042038785,-0.23098434053228564,-0.05225818334861649,-0.23233632570364918,0.035370024391809085,-0.20678091231866624,0.19766564137470768,0.47079536479317047,0.04649192665301052,0.050449204186710894,0.1042241961978943,0.2248057212040084
Petenis Muda Indonesia Ini Masuk Nominasi Penghargaan Bergengsi,sport,0.44718745023556755,0.2380038480301254,0.12521456731172503,0.2120092380002565,-0.3309786651627516,0.15088290017051273,0.07229544792190563,0.006781618012798908,-0.44313643599611535,-0.015486920573882648,0.004099241737323918,0.10297884395790734,-0.04814436290083389,0.44569093949632566,-0.10371997081041787,-0.128170408208899,0.01870480276303413,-0.1547672204067095,0.0901426155189489,0.20045056814027723,0.15104326496755507,-0.07677643729305285,0.07894218621318126,0.40913542424117894,-0.07826225591322063,-0.0970612997309479,-0.05816916119626982,-0.1546706386055983,-0.14292367659137928,0.0883047963263933,0.015851097690386357,0.2379637872286752,0.04421392865154057,0.08378349876279918,0.08234505231868408,-0.056362458330507854,-0.052118260306912086,0.14107416443247262,-0.29431832794509927,-0.0660483187874112,-0.15591258930181165,0.3035012856271328,0.14355090207271454,-0.10944188317555677,0.06409513473909546,0.27178974116013366,-0.09779223635320157,-0.043567732205320994,-0.03255229426646195,-0.2692194891392951,-0.057884924802669095,0.024645753460701546,0.22506812111589933,-0.011495607057892895,-0.07412389556424832,0.2359041804581054,0.18099695431879415,-0.138396162792838,-0.2200765221007353,0.04679061255492441,0.09483197304940376,0.30118767222919807,-0.22265983744379905,-0.09550414757892357,0.21714564051408228,-0.16843853818742782,-0.01066604831539513,-0.08665739175092069,-0.41979573775563045,-0.13559908647869667,-0.34274816931450713,-0.22520764096158288,0.04694417587936585,0.06387182282329157,-0.36052974243379354,-0.41799054326533375,0.01842367273470446,0.14995091565722654,0.1448426197225984,0.2510188530853935,-0.041344618844860355,-0.08556119597028936,0.059050379701543684,-0.35310357096285855,-0.09224593459637455,-0.06595700623769184,-0.038120175201000514,-0.012391407696167618,-0.09735758714255681,-0.2117985924972656,-0.0038577591361124925,-0.1086068127416606,0.09387575993896895,-0.16657008721131988,0.0644566265528959,0.34899395090143287,0.051605895506610856,0.03557033778245803,0.06023650746668785,0.19280611183578783
"Imbas Virus Corona, Zohri Terancam Tanpa Uji Coba ke Olimpiade 2020",sport,0.2612454574344467,-0.06556087143338736,0.33435713867044753,0.3177113751016471,-0.21901814542688555,0.45653140492890454,0.4046926092183111,-0.07205456392802874,-0.30482014951957986,0.32236935525158206,-0.24938545265268378,0.2223637186484669,0.03546548761239471,0.3199833070766083,-0.28309272852868556,-0.17089112225793035,0.15140384023814182,-0.32838809216966236,0.28784148147250654,0.034396460846436924,0.4934369728544015,-0.172323170360296,0.10368911860570568,0.19220780390710968,0.2907104339017433,-0.22800848349318162,-0.33645647926192884,-0.6436092714615863,-0.21400926909429457,0.1655033734205276,0.14257718704031144,0.7913466273621906,0.0355330783970252,-0.0901338575905123,-0.07422008500286727,-0.6668349310540265,-0.27176843692696784,-0.06269093459860217,0.09025804736032292,-0.08212763506444241,-0.0006762363881333104,0.29706767261101513,0.23815293273574198,0.016301361766784813,0.31062547796166545,0.44848800038369185,-0.245665534862272,0.10594893303509093,0.05468870304606446,-0.3966263301391304,-0.2175523048092973,-0.08137262794533599,0.07028377323476052,0.14877760592175807,0.002442770269519688,0.2573005027063389,0.17983848477396003,0.21027682893663519,-0.31721598899203474,-0.33528674321597746,-0.047707924257172254,0.004216222643588133,-0.19640107095569198,-0.23888402970611175,0.2552768953894106,-0.02799128820801211,0.1726865386088119,-0.020076767957029985,-0.5613675278236993,0.2718011323612086,-0.4440415489885031,-0.22527889069786133,0.1450327355608193,0.054395875520436725,-0.550619184047292,-0.4890569431954262,-0.3801406152337863,0.2889963298407303,0.022989577289655824,0.36689338226343204,0.24931697614367987,0.14558616959312945,0.23334641312020882,-0.5294395824347753,-0.11636270626661087,-0.3720253361384646,0.21350481331772914,-0.19022022252259252,0.02378208506684529,-0.11740310936769356,-0.31295563864965464,0.2785842404926889,-0.3504138081133924,-0.21937724113696505,-0.22048727028258316,-0.0775559273186268,-0.15933374570341377,-0.24726696480754753,-0.5519359096499041,0.37223469534552733
Perenang Legendaris Lukman Niode Meninggal Dunia,sport,0.41244329429796833,0.18637686029487846,0.28413170975996843,0.2887444425200232,-0.20157226634277445,0.16527750628827098,0.21596323077212917,0.08526061216982635,-0.3982365928739388,-0.27486751853399866,0.11303571560973096,0.13021176766571232,0.05713571981934575,0.23863813654292035,-0.07927988997044115,-0.3395713185858513,-0.032097366927852394,0.0399015699980867,0.06950252443141097,0.21518385371802698,-0.024889109044417896,-0.1884869288414509,0.1738652794555781,0.32478206816682664,0.1036643519107407,-0.1996399472756493,0.157622454760005,-0.11683916394193482,-0.15869983297111523,0.09566905838741292,0.14035081194692486,0.14393126808952236,0.035723139360993784,0.1971825399998927,-0.06371071132498846,-0.13516806278887186,-0.06067621140134011,0.07360487414694422,-0.3249736325818989,0.3302395728727186,-0.08871973869074608,0.10176636893350872,0.09829796013026958,-0.06729667183420097,-0.061766467141154045,0.20260009945094715,-0.1210411875462261,-0.09906556695705467,0.06605537087231568,-0.4051175762523078,-0.17029807536879285,-0.19248687239949,0.2494200097937257,-0.050670719388454855,0.06492362485018857,0.007905128700235683,0.05917712256573889,-0.07251905699280815,-0.12440490114579032,-0.04174448739332052,0.10787711046541182,0.13906562145826878,-0.09923031243471515,-0.10648730065433938,0.1680954681496647,0.04427904532294585,0.16016347665476915,-0.15989271107367642,-0.4496117663551429,0.0055330958025260335,0.03643898574605877,0.055673084547774206,0.03952746043197604,-0.10421800855178413,-0.13437081349644284,-0.45797037492578824,0.1466313768465941,0.20143341479968457,0.09823738226860707,0.3090498108500025,0.06457577833275051,0.07143455409768741,0.14973533118328783,-0.46943733981453933,-0.21266358237263505,0.019669745527725952,-0.0036442555629590096,0.10826988406420311,-0.4196305460527891,-0.12346222503576859,-0.05640491120338978,-0.009626030375078516,-0.037218374637875064,-0.13946241994785316,-0.04354104326541038,0.3137872175870545,-0.26003222318073843,-0.11327566294632617,0.12868182617075719,0.08476604383100327
Tim Putri Indonesia Gulung Filipina 5-0 di Kejuaraan Bulutangkis Beregu Asia,sport,0.3853748929525895,0.24489373800222566,0.19978279765635523,0.3630044753180389,-0.5643904816633494,0.054189910748486905,0.16630852020127482,0.15541359990211567,-0.3657048931244162,-0.058917184693964994,0.17965861638906216,0.3108276241702163,0.07325094842661256,0.42437830096734874,0.005738183147034408,-0.3434438171725815,-0.0006850267304410648,-0.0792352384665173,-0.017665719688347962,0.36741791890455044,-0.03736311161526028,-0.1860963962775503,0.0814208172090598,0.29588063079340204,-0.0638926296335713,-0.3935751721415153,-0.04380778010335326,-0.11066130059486218,-0.006455647127454812,0.12572212919931583,0.0552292595070984,0.25700304782504296,-0.08084293726609126,0.17746513199331918,0.09929351870655874,0.1053316124638499,-0.09078636948171032,0.1260634448229556,-0.37867784528128784,0.13759040966231664,0.024074785880629123,0.20745301720728063,0.2385167885964456,0.04585291335620006,-0.1643949224775028,0.25589304846216654,-0.14929901134840282,-0.20139683240356854,0.14172201580225416,-0.4038482886311104,-0.22849794383061509,-0.23690072781399207,0.15905446906501072,0.003640293989669271,0.12142003132776032,0.09636874293014995,0.03543116297021666,-0.28707680081790937,-0.2099870896243314,-0.22797879614746183,0.024738044726651618,0.36141078919982295,-0.1563880018406477,0.028385663216926742,0.2992498382440318,0.002531273827968142,-0.0026001406959041055,-0.38159462918499626,-0.5406001103264182,-0.3571878988716089,-0.11770326517866087,-0.22031687043632991,0.16937608019695885,-0.11609972840145016,-0.10240175903322708,-0.44257735636184187,0.0930459738636572,0.05700908846097644,0.2724905939262554,0.3456855557016675,-0.021321692352566826,-0.1659900127215498,0.03058285849790118,-0.3815170260255213,-0.00835353816104157,-0.172179819172619,0.014648212916640499,-0.10288877114205207,-0.3421262239520149,-0.5072453972462976,0.11583075111807409,-0.00620219392140862,0.13731270935125683,-0.24291393473614534,-0.010787418251750037,0.5158716699144634,-0.2998574462751986,-0.024003180964613045,0.20150435330980374,0.11317635310051302
"Lockdown Diperpanjang, F1 Prancis Ditunda?",sport,0.10445511636653511,-0.029293346088223544,0.010931842621854267,0.21725211497690677,-0.20667019649349,0.1795337895962983,0.19203178940819066,0.05429723020935276,-0.2653353649425307,0.21502980247421338,-0.04207924929625614,0.24042335729606412,0.20741339736800452,0.18407566300804507,-0.0970830089390571,-0.06030500777254917,0.0871921268636812,-0.2770469452384183,-0.04647251489558796,0.08068499088742634,0.09783634548156359,-0.037423886360982664,-0.016931811157699934,0.23807058662052213,0.08415020705303078,-0.18314269304700737,-0.21042993996715398,-0.3215162452868711,-0.027646574006578148,0.16442147625807446,-0.0864878695516992,0.3600514174483116,-0.03534973265096582,-0.07918022835397838,0.03870788358882028,-0.14006661158562508,-0.2372966459947981,-0.06085186297073426,0.0628524737646486,-0.07206630117736111,-0.10601210324752014,0.04985523138745379,0.21814952370831786,-0.08331489925936364,-0.03058333350567962,0.19421682916391725,-0.035788775546047355,-0.02043276195198969,0.07456089226034895,-0.10652862686279511,-0.244052835103305,0.04630595374060219,-0.0004793075333347427,-0.08878817644278619,0.08945770929563643,0.04703181778942804,0.030177339480362747,0.15473842629532789,-0.26497911581240247,-0.08699075752948598,-0.00861328238333231,0.1676115366771842,-0.31262817420881184,-0.1968660093763633,0.1593165760879862,-0.027243344044893862,0.06159291629218003,0.033511182898900774,-0.31469750883657044,0.06678108086993434,-0.02905709657812773,-0.09181024634428853,-0.008749907305861108,0.01468898467415693,-0.3535104920270216,-0.26871826245455266,-0.15241639803027643,0.15483510001008183,0.0697635402299712,0.10472965634753931,0.01897732316112421,-0.08014081812886495,0.13671163931733732,-0.27665119779326286,0.0045606967322739805,-0.1916499174765297,0.07148936611908036,-0.09760184968714974,0.009126692091075937,-0.1354383681928827,-0.12187529200767568,0.14876794351020994,-0.15547252205267148,-0.16960845190320006,-0.0497198738230582,0.007972807536959527,-0.1428542866704972,-0.20563410177383248,-0.158166741919793,0.19303715656153866
"MotoGP Qatar Batal, Vinales Tak Merasa Dirugikan",sport,0.07152323287473797,0.0482438740613891,0.013811547737274141,0.2914869283884057,-0.4074149150164575,0.12188001144118976,0.21162628225618527,0.26835539819968207,-0.19817101430813397,0.1418782748066127,0.016888378413712737,0.18045572892352071,0.48815973724770007,0.3641600547413858,-0.0455310523195227,-0.10031947362847939,-0.18384610591553882,-0.266102603312434,-0.1062912763374844,0.3893478230413082,-0.3045655971139025,-0.04816096393851347,0.19337176243058535,0.2734016849278408,0.18000273850082385,-0.4996674603745844,-0.12677803782065614,-0.32448925096114944,0.23611670858838404,0.3835630314850663,-0.19025189438576143,0.14037700732193675,-0.34754973583465903,-0.02008041831569165,0.0761578233915829,0.22881067949551434,-0.09557986667546728,0.06078092008975187,-0.18374813546801677,-0.13116492904856514,-0.304482421165959,0.11352883311415682,0.3953467647357035,-0.24695684414456,-0.21135076212108514,0.4216886043439364,0.14372503737490477,-0.1643603766729031,0.037965001389482285,0.18227175346746802,-0.4509973567248497,0.03339273908085063,-0.08055945120373374,-0.14114532166433572,0.11611250302478059,0.11494818410214028,-0.18983088394530154,0.16057498332596218,-0.5902182790328483,-0.23522042761562784,0.2548974982664064,0.15263950556009734,-0.3794156172638428,-0.3324928244362076,0.3664470391331585,-0.1745311025431353,0.1978175250186945,-0.2357187888045345,-0.4493718228594717,-0.3076089890955391,-0.03330328397996243,-0.28185674847852626,0.08435524996283002,0.0868900397633382,-0.35418557663398353,-0.13441986858649294,0.07926847510279082,-0.03804376052526659,0.3931467513134911,0.37779331805911276,-0.21893725150246687,-0.34622075387866236,0.008074652682220811,-0.09126403701445254,0.14175182104535516,-0.10296911772748782,0.27984727980959484,-0.31592684971206814,0.08553439729037204,-0.09857859894996482,-0.044050689581103475,-0.06664884277812629,-0.06710908146958101,-0.44979230181507374,0.15155852711026338,0.3537418533141343,-0.3775282797844209,-0.22510448485925208,0.027113288471917112,0.07879241009526725
"Gulung Ganda Terbaik Taiwan, Hendra/Ahsan ke Semifinal",sport,0.08377181082782534,0.11905870264603893,0.0035083286363533648,0.14394087073348816,-0.36798517700657263,-0.05345480197557095,0.16277129226454182,0.13940904582031205,-0.12644416515028403,0.026835312571712594,0.11727783075056632,0.28692117951986684,0.1674556105436881,0.3005927291619361,0.08842483273254186,-0.15331847045822958,-0.035449855636406326,-0.14256684088964494,-0.0124658401261554,0.23874090043914542,-0.15225283452470037,-0.05420189536507223,0.24121224675291067,0.251742530306179,0.093636082008332,-0.3251756539696187,-0.06181554211875196,-0.09318217356232752,0.09624294241482675,0.18518176487874882,-0.022656544274520823,0.18722523545589148,-0.14128297889587274,0.06095554299314896,0.08962157237595314,0.13529881739591876,-0.10983525586819363,0.15663401057892876,-0.21366923478502572,0.07008149115628835,-0.10094245429816093,0.08440425832599498,0.18810167553494825,-0.045431032455083085,-0.07519465731450005,0.25779445633076253,-0.012543295706165202,-0.05783707979182228,0.12276908602152603,-0.07463484902152284,-0.2661597719771152,-0.16624015842936554,0.11741432530213666,-0.01594395968091985,0.12407687342340287,0.07084931117796338,0.0010063914427214445,-0.08308231661731871,-0.32937767050675015,-0.15913823316902267,0.06184877358347192,0.19434830405061804,-0.14739123704876242,-0.024990071529228056,0.19609881452514275,-0.14147620544807435,-0.012611735004513581,-0.2460632522157298,-0.3349116109622837,-0.2461313142535985,-0.033588580852313636,-0.17108559034053133,0.08078627127813823,-0.034781232403899125,-0.20613236806502103,-0.18396000702174023,-0.02645996879047327,0.03917528095915571,0.051930465682904436,0.2504623822244149,-0.09283816534951496,-0.15387030796129914,0.06835937080035927,-0.25284803939493034,-0.04495552300990818,-0.16355187028543886,0.06870032807963682,-0.08142009808990025,-0.09193990893595062,-0.17656073842115919,-0.00890966581926079,0.07827220814609435,0.0882475609570461,-0.19146305164867727,0.12590910346824843,0.33547878172003254,-0.2856386979326793,-0.05924033857922793,0.03693301243872809,0.05073374094831903
Mourinho: RB Leipzig Kuat Banget,sport,0.1102316894967327,0.08251297297889351,0.13172927344360932,0.2646706018472184,-0.11213518637750922,0.06909708329131715,0.12076387645941485,0.012107902161825158,-0.20381999521932975,0.14300318052992006,0.08007925363038942,0.2645795993295602,0.12766219267302742,0.2781669519451014,-0.06231104029793897,-0.17136131871064672,0.1285002968312072,-0.09496866348053573,-0.045385618736321645,0.10521275611954946,0.10343368587035831,-0.10005285027444129,-0.035035047697544903,0.20527993376222892,-0.07037217169981491,-0.22453143765065206,-0.030330729616534387,-0.22491903423325085,-0.11545439786817654,0.10516685788038224,-0.0188698373152513,0.21371116352325573,-0.09145508602793237,-0.04968962380475185,0.01107013955415807,-0.1449931328692226,-0.18383673527868716,-0.02776605605214245,-0.0865926763987824,0.12587844637848739,-0.011672694778208977,0.07171386646389122,0.07337486360927806,0.057432266596295634,-0.02147415914341352,0.23590983538089824,-0.07751768663208045,-0.0796924920433921,0.21390717614573207,-0.33409887294179347,-0.10815379011213307,-0.14467219534166623,0.08346177819546656,-0.016533221539953798,-0.0006655320025386547,0.048606930524863194,0.03626070829084867,0.0983148067600865,-0.1067394702986391,-0.15055722088626158,-0.007949483961491536,0.2022474000345284,-0.07811988907144903,-0.053993651791878185,0.09398037497684106,0.06634943115744463,0.07124497146479372,-0.06286262004007363,-0.3793820783420587,-0.010924281727802793,0.06625660924669327,-0.13745674044432862,0.1236226141618983,-0.18135208779999287,-0.16558796596449263,-0.3390047418726753,-0.12267598668404607,0.03609383309569824,0.1687476222629277,0.15693605888238554,0.08423493190269764,-0.01602447216608429,0.09237998921166493,-0.2722670506968251,-0.13592443982102004,-0.08251650209314028,-0.024352859364591348,0.01902727141239656,-0.041071052002273,-0.24702981267234908,0.051435964186460584,0.05326871221233688,-0.06973084137290131,-0.09183899223744847,-0.117459439433011,0.22373636953762563,-0.2523333040178654,-0.16093418025686151,-0.0675328714410757,0.1114078023416644
"Video Ketangguhan Penyerang Anyar MU, Odion Ighalo",sport,0.02837554871229104,0.07212437531148538,0.09078706123559269,0.0891482537049217,-0.26254751808765553,0.02011377602009481,0.2519472128305418,0.06310959416796291,-0.1189060638954038,0.027596292269295813,0.22423339954279922,0.33328978169702855,0.11485082610455558,0.1426353334961612,0.001249696969915787,-0.22197392694260015,-0.015488004325271318,-0.24644962906958753,0.07560772556694861,0.08718094017449111,-0.05249712522692631,0.0620959557275927,0.1659273577778146,0.22386302235605315,0.04954486883690633,-0.13903666800088613,0.04023537188537319,-0.11940959554814937,-0.05203095131148354,0.13853931326053856,0.09734678245724382,0.14285676792763755,0.03396288941190928,0.011687647179525284,0.014287510013020564,0.09295544147608518,-0.22447968230102422,0.009226919998782408,-0.07451889079021069,0.1314993048369366,-0.08361328580652025,-0.037771830761776766,0.020881792381769865,-0.004623152333151003,-0.04460995760009354,0.289364975484542,0.07351491603264788,0.08047715159309107,0.17989417632971724,-0.1573514863077615,-0.19740764822852694,-0.1812690201611516,0.19170032405934712,-0.052036272768098586,0.19382340326573808,-0.04423614293852611,0.03936760881293675,0.01939876807741667,-0.13502221375859771,-0.17568600407437165,0.13395409065851627,0.02092918060567599,0.0025182686037050583,0.00502420620928942,0.11890476748173305,0.08524195809343914,-0.010294003129645025,-0.09046278589136467,-0.24513095391637627,-0.09662915677152625,0.1314379022763502,-0.045273100314379366,0.17734371983656455,-0.16752670877516285,-0.15010743814407634,-0.22148302095896974,-0.04131368485644909,0.042836470577104824,0.012590483222113289,0.17841187036076334,-0.01587419790093069,-0.1329803976652719,0.1806224727870366,-0.3210588195976892,-0.20903038801001803,-0.1662787718578916,0.10933072968652559,0.08169945797083654,-0.3417151677606423,0.004516305553743026,-0.09721004244792149,0.2656691118830358,-0.02201035990181448,-0.17224761784399598,0.015569798454716942,0.28941979431449166,-0.35422552462282064,-0.12149246269981935,-0.016572510880650926,0.15482513828639816
"Menpora Jamin Peraih Emas dari Nomor Ekshibisi SEA Games Dapat Bonus, tapi ...",sport,0.0686348292364367,0.12781754892524363,0.01504860132721433,0.15999960277124925,-0.394859055726225,-0.04171547908107939,0.3124663372658673,0.18687489336392987,-0.1199306958573185,-0.051413994003753516,0.19204094113688916,0.36241800248081285,0.33997242517956067,0.20105739605807624,0.16144193229973014,-0.24249325157439047,-0.1778214311572709,-0.21013237299506451,-0.04084583483194665,0.19162663146786282,-0.24926541904089192,-0.0724996662140173,0.32845666708527455,0.21378621672511347,0.0994215671253685,-0.3878130642482416,-0.04244902822302778,-0.059693522172820805,0.1617897992649384,0.28392112472784703,-0.010604993139282289,0.13067096453075133,-0.07159754428558088,0.07529514466518776,0.11141232711361658,0.21159261887163885,-0.23752823178740978,0.07986179934401079,-0.11147839362610938,0.14290747093294276,-0.039454393999421966,-0.09287162702998841,0.06447757012043064,-0.07853521082165986,-0.20955848622592865,0.3057606513768448,0.06734000818453303,0.028127572221514113,0.1788219627592885,-0.009846102892077784,-0.3509658228578615,-0.15081380959004628,0.042701420017354025,-0.10838055965810425,0.29041742232763545,0.01574003042393575,-0.06448447081843846,-0.06713931779991045,-0.19717325957490386,-0.2869344181450386,0.11121514256761388,0.2137705599103923,-0.15899701647052045,-0.07059835164873401,0.2338964393829005,0.03839843833464996,0.09284021579113858,-0.36932541778872185,-0.22301868647326856,-0.15171987177130258,0.14791723796528178,-0.13509954633436122,0.04097290445456432,-0.10816973156957056,-0.09070838975828512,-0.20710593025238846,-0.007476343291922663,0.0354271014923952,0.0867261810147964,0.2918854751510443,-0.10182303643264888,-0.13918350716106026,0.03414656744690422,-0.28294014762920994,-0.1507396316849509,-0.17142070571080822,0.16024031266109298,-0.07860695777433326,-0.172516935906583,-0.1482793831378278,0.005217910420231082,0.17897218885334276,0.10797646801149147,-0.15198932507884405,0.13043402965518724,0.33685439032673753,-0.3950235851801562,-0.10070264078259888,0.1410485585501599,0.07427570012029558
Vinales: Comeback Jorge Lorenzo Penting buat Yamaha,sport,0.03417749669096187,0.06076042266840133,0.08737853120137808,0.10110594741258275,-0.4010874275610551,-0.05936213970842067,0.32393314909453697,0.3402740516487627,-0.1614945517919628,-0.03003912263653524,0.22603485698840145,0.40668603759332955,0.451287513095381,0.26903978124500894,0.10078290317559298,-0.06843174859725512,-0.1757717868047748,-0.33228200876183245,-0.03420417976722404,0.24316776050176495,-0.4043803725525771,0.044243734754687625,0.38068400527315355,0.28196941627809197,0.1422758797105635,-0.4952108710958964,-0.0007445889982224436,-0.13162173126193966,0.25939795455553116,0.25282497714056357,-0.10559300189831526,0.2445167302166096,-0.023422866627718118,-0.09174878634608548,0.09763827765685676,0.29530565476998155,-0.09538308301903076,-0.012307553333312864,-0.10432081667281537,0.029310423973530113,-0.16188123393311818,-0.20066803381524623,0.13522410297475812,-0.19198032904771953,-0.32117238716432156,0.36126389919274965,0.1968564858106036,0.01940360427126551,0.21528492887515224,0.08442063872645868,-0.39952250701358183,-0.1267771942362911,0.019647374025243736,-0.061077689813273224,0.41496352713808904,0.07469312469726838,-0.13783439873016817,0.0010086687813643405,-0.4562690512512017,-0.44508607881151996,0.19133719861192283,0.1843355098319108,-0.20121725754468414,0.0036310741715092146,0.20198857632018474,0.12123890015722534,0.06877665045161617,-0.4660084526081131,-0.26123895112344425,-0.2741898698708736,0.21248309890283942,-0.22881075300561987,0.09445457878550537,-0.10495447006140399,-0.04672613611915001,-0.15112539984779666,-0.034068517177338324,0.0420744774083906,0.1332218179294413,0.2747438205639296,-0.12175704116382954,-0.28645358253491227,0.044138907998900315,-0.2573071067483968,-0.18273299685197156,-0.3132495545617061,0.23697934565631337,-0.21318882487866175,-0.16193109996682423,-0.16483141346559682,-0.061301937231044774,0.2167299591134723,0.23840426847685142,-0.24147578170759715,0.20176307724214468,0.3701417091616529,-0.46749053992148637,-0.27940919744832693,0.11661866147471452,0.13573289534696545
"Presiden UFC: Kalau Conor McGregor Mau Pensiun, Ya Pensiun Saja",sport,0.0991279385177261,0.15359857282929337,0.09241399585549043,0.17366770503833848,-0.4594532833746165,-0.13000371357510038,0.22604883458041197,0.2420624875708401,-0.058808485284996444,-0.11783944363902771,0.3408612118884292,0.3560243985827492,0.2532646527962175,0.25777521154091493,0.14945289009068657,-0.2409506775629775,-0.015143601335345445,-0.25334934954287075,0.07484530264396536,0.26716945055762076,-0.16730358476939738,-0.0013559840525144706,0.3639507414208999,0.3351792492474875,0.11335989244994343,-0.40232203340906975,0.038205446812805376,-0.10106958561495952,0.1649340406567637,0.23873744881531,-0.026403077037044535,0.08759912582202498,0.0601384774968956,-0.037534235383569745,0.042307334740852624,0.39292413278464033,-0.2904395621848656,0.03224887487027926,-0.08682596304644224,0.13140731798097885,-0.07694992988041274,-0.08524491087147837,-0.006365056588079628,-0.06096350106713767,-0.10647083239383061,0.3739067850606477,0.07336100892173315,0.043406614659588366,0.22939594623259726,0.06633734759151823,-0.38366430967772824,-0.2334146160974798,0.10180471744033531,-0.06282564116828347,0.18911610646513055,0.06472938493707947,0.09302790920464468,-0.053919190590223695,-0.25990605637723685,-0.2693983706786272,0.15189687912382954,0.11874632787100148,-0.12537827349718064,0.09773185011007239,0.20555312913707835,0.06754195021802904,0.0049752301540693855,-0.47395847668836333,-0.2956135618461029,-0.22455081882679817,0.20867948594428157,-0.12040218084655978,0.025121480270874758,-0.231161907395543,-0.055628698877331816,-0.22752495935865893,-0.0715282430943132,0.10166854283158433,0.030783865547236857,0.2697174458424484,-0.07580179082725888,-0.14793089925523428,0.08724163519345915,-0.4345143967452678,-0.32188653042723725,-0.35227512323122817,0.19780349543247538,0.07223016469810135,-0.19709758214815878,-0.13287238357222622,-0.07098008959674702,0.24343774586841396,0.2791454763502764,-0.1686664432424777,0.13264366101705433,0.3066152047439432,-0.3914166146446355,-0.24759599143047664,0.12737713899285574,0.058915181078442395
Hasil Rapid Test: Semua Atlet Cipayung Negatif Covid-19,sport,0.2616015900365206,0.04223691230621727,0.13640061619105606,0.20977248888739689,-0.16686306615663568,0.17469854700107842,0.18185669049414485,0.06059094942534721,-0.25886978340373795,0.10276637143427234,-0.013361655485192612,0.15070422548312562,0.20056527817353703,0.3224908665159662,-0.10664417475503266,-0.0907730362969516,0.014297185266811742,-0.18955941485763897,-0.030916488987714687,0.1392688797171077,0.0284343601198197,-0.14013644163494465,0.047857398904447644,0.2753598896356431,0.05118767322307842,-0.21122328455861736,-0.08770961858982433,-0.3063377247673803,-0.07423188395766694,0.16899668104758409,-0.07940336081718743,0.27779084763468026,-0.14742806591254853,-0.026611315560756785,-0.05180235402440457,-0.1345870155402986,-0.13924478980910424,-0.028003468661101615,-0.054875872596499495,-0.01351575600225444,-0.12214028025775403,0.1131587439792621,0.2439157982186677,-0.16181779013297076,0.01761202963181594,0.24998547533075416,-0.01848087717715123,-0.09477584398628651,0.07641290054922484,-0.16860901206510628,-0.2341970542925765,0.015567122955825071,0.09849759721784937,-0.05355007186873272,0.023341686477380982,0.1651470416422465,-0.0565268485155368,0.04956213900981597,-0.20145413387962793,-0.14426942021034683,0.05304083499050633,0.18848212950912982,-0.22162979522848206,-0.16660514413646643,0.14997250695706354,-0.09587982017808012,0.052607637208410475,-0.030516418282564954,-0.44622879699054074,0.05143877992245727,-0.05363429656182988,-0.1272208263235108,0.021234598398093114,0.055806631173473925,-0.271997450873479,-0.3077294531420772,-0.034720524584885205,0.19773512631574205,0.18323489648079358,0.12362489325113753,0.041506329791132085,-0.159363176255685,0.06124767671812954,-0.18725566711051234,-0.06468928033295565,-0.04361280302534655,0.04563640146949927,-0.10081820481967385,0.022570824052588825,-0.0603810139308218,-0.04440839687084253,-0.013557576899075304,-0.09881405239324981,-0.2851799758866246,0.027972244777219248,0.1990670509885887,-0.21772810604429482,-0.18468093012525744,-0.06780492057267423,0.11726284391749026
"Virus Corona Masih Mengancam, Balapan F1 di China Batal?",sport,0.3456858106113685,-0.014896684935102674,0.2966596895025763,0.3196794326985569,-0.33913063199262256,0.4428033654700932,0.24338520339381498,0.203897608749804,-0.34260060651364593,0.15989396830325317,-0.25963783409318214,0.19102394424377742,0.20956837558839347,0.3630973058703178,-0.18454670916497162,-0.08347564171577664,0.09291124754382935,-0.30619175040219465,0.21321861055813227,0.13769066955034426,0.23629681624730306,-0.16927527571630543,0.2372854092688054,0.20684395191472874,0.25850803335947364,-0.40949244417522296,-0.18804439789006647,-0.5532214002755192,-0.23555028006055478,0.2622344272991935,0.0016189141644611775,0.6208721603866387,-0.22325349182597734,-0.1467933677790044,-0.020757737146405303,-0.37819300125344424,-0.15659947870730864,-0.01308849451778262,-0.14689050989890665,-0.09157111521814865,-0.16505176777135275,0.38502817146160034,0.323954909844882,-0.15945213678480333,0.17431548830790003,0.37657896947339214,-0.1594450833389319,-0.12061204914999892,0.07420056514063952,-0.4117878885977037,-0.24326873555443043,-0.10931347284702941,0.06999777415487723,0.030879175091023354,0.053671019832614984,0.35993796947435247,-0.04263818203438485,0.2129249645094443,-0.4713468106672208,-0.3338794685927596,0.04278924530926292,0.08222168173567514,-0.13444018919651476,-0.14356065835836973,0.3209686725383514,-0.12100205280451931,0.13964749656265943,-0.08294558128326875,-0.5763978251851934,-0.013888504055395786,-0.3802834847136551,-0.32537076104064533,0.24269395829115872,0.01772837687564299,-0.513724681334364,-0.3843629322325249,-0.21727504791020927,0.2668835151061602,0.24879500767842513,0.40841565199478475,0.13112125889207715,-0.09734787801617982,0.19018867816626572,-0.2742747431602856,-0.08137096592570925,-0.277795278481417,0.20362393519992875,-0.23851828569178957,-0.02930713939076988,-0.1336371864789582,-0.24157184560150294,0.03034784755694866,-0.22595262530785573,-0.27309207997573975,-0.23840201295776473,0.1452284325609702,-0.1521244164276148,-0.21137722002385803,-0.40856971030618916,0.3234146048215409
Formula 1 2020 Kemungkinan Digelar Tanpa Penonton,sport,-0.020356110425400434,-0.0001417371550361344,-0.03006869493989144,0.33676235479675604,-0.39426409409699603,0.08543749172227964,0.11310347895074516,0.058608104443328216,-0.06506744784984252,0.054299895271454776,-0.06287651878483365,0.2873646426336992,0.22229852244098774,0.36623266446696245,-0.0458939233353541,-0.178003337842395,-0.08956492823746873,-0.2194511226436376,-0.1018961920686641,0.37855165466287144,-0.09848555540059563,-0.0670526986812909,0.20430989371887198,0.16376580405196908,0.053650387699476255,-0.3749691989907107,-0.19369509021991732,-0.1653285942293902,0.21173703561142726,0.23238357302252757,-0.029996474978802742,0.27399926146881526,-0.1710945161322467,0.17518423542744524,0.23616452317499764,0.10364990818613821,-0.04433429363836203,0.18673631449485356,-0.19215435558006833,-0.08628744553606381,-0.21340653454222963,0.1878879427431192,0.22671679516512527,-0.000529332851608522,-0.051939280169985697,0.2901765397214413,-0.0009096253791624704,0.10261706851515658,-0.026307083846171232,0.02105240952208837,-0.32734279875631167,0.040736553255095745,0.003176899015418783,-0.08294169277674915,0.10006927919084016,0.009689074496294761,-0.11573492716648051,-0.1286524562837028,-0.33156966194682264,-0.08683171951497126,0.014495870140677467,0.2431082905279851,-0.3914592606012268,-0.3140768501244145,0.19797206030355563,-0.2729404359374874,0.17027060175990402,-0.12171424855674134,-0.3293966646277298,-0.2137614526798421,-0.1901010010879884,-0.28333257535291295,-0.0056986962209274634,0.12623980923686476,-0.3967148740277806,-0.19124909145938002,-0.11086635076539421,0.12486656790192309,0.05356192244026598,0.3993578112607229,-0.12169476759389643,-0.21915797283077904,0.11672526438990206,-0.3949547209988129,0.09928124046173557,-0.07801358502403113,0.17237793927274764,-0.15973301178374258,-0.010144006726293103,-0.01610362974745661,-0.04808807383418595,0.05489471815842842,-0.021805636073947886,-0.24565227535376083,0.10299736912979425,0.2490647293784698,-0.33436216527897256,-0.0018594648464257649,0.023701710162673542,0.15012836181939082
"Alex Akan Didepak, Marc Marquez Pertimbangkan Tinggalkan Honda?",sport,0.5219308831322061,0.2944760721860555,0.27938529636825626,0.31939276751162154,-0.16025573608251784,0.2279014256834,0.23513912966369238,0.01458938837777436,-0.4922764927579047,-0.32669677406656067,0.0693330977179869,0.04865322779754062,0.05637231065070514,0.2984549785507162,-0.19463009795568934,-0.2563667195160349,-0.14893484054615005,0.0346183796699085,0.04708079881754431,0.18049321852732667,-0.15151371240714048,-0.11666306016779122,0.17537610701680717,0.2997590285733822,-0.0025136069592591698,-0.20983380664033646,0.13424940730277074,-0.13735437644825918,-0.1735199194054234,0.202245234219242,0.12449888535881255,0.1931938738554103,0.0064853611266577505,0.13566513805093205,-0.05595395065758434,-0.03726721796992257,-0.07676317407062669,0.07210924960909926,-0.2276319351344498,0.24080656270870335,-0.10519812431652638,0.038767256671821904,0.09938520892357029,-0.17947300299843436,-0.09752482271596737,0.23689253901005608,0.03219643010973826,-0.02643625159781629,-0.009283110157949309,-0.292346365014343,-0.10919811714491323,-0.06547764397238913,0.2558330826365677,-0.12686407171878114,0.04870465829234633,0.08155376617954165,0.052788913675168504,-0.025073895758580274,-0.08996583566189516,0.02432260618914206,0.21324537918450864,0.10898643828285971,-0.1481247422972223,-0.191213401861235,0.233367791824753,0.14564295901805716,0.1623309340214615,-0.07947608050808949,-0.3530076889314434,0.04838388931379215,-0.13244770943606474,0.038791083849937964,-0.05736491861678709,0.021088493787993986,-0.237238861432691,-0.4492427265629266,0.20789544487331435,0.22453448061411807,0.13012678147257975,0.33334041660344554,-0.016618868056472957,0.08384170412188044,0.1480082549175002,-0.43011751762466777,-0.2867891908528423,0.05498158629917094,-0.002602642098911174,0.07906440544128071,-0.3685498210198603,-0.06749813158686845,-0.04007942474603965,-0.04543974523799861,0.03581222311203315,-0.09767577541806381,0.14037283340987255,0.29484345108538246,-0.12355268738194355,-0.08060038610401324,0.12228213326413313,0.09659525062451824
"Akan Jadi Wild Card di Catalunya, Lorenzo Diperingatkan",sport,0.30817103416604524,0.16270258647513006,0.2172457262055961,0.24059197795563506,-0.20534701700868363,0.13085931430035427,0.32507716089726824,0.04430118904177028,-0.3754310516239934,-0.10728070362967528,0.136215299518373,0.1608378292804267,0.18887333051607857,0.30872282878832297,-0.027895363782606153,-0.11754430444991115,-0.14793808255722815,-0.13299668822501495,0.08444517745755452,0.01958931341212838,-0.09356954495758958,-0.05165767540046621,0.15889827726819936,0.1648408299479412,0.012705388680974086,-0.24674797050911182,0.03250809159642059,-0.1994094187647978,-0.15072982976650168,0.2007695816183206,0.0820024858820661,0.33285271606438094,-0.02976227456253021,-0.060015751686268846,0.021692142388261403,-0.06601545258575868,-0.12300808992821947,-0.05156716779636017,-0.09253089957262696,0.17250187415875884,-0.04482389915367371,-0.10135781607081544,-0.005310424827384177,-0.17001694980835705,-0.11957660440085462,0.23913026732324974,0.041132684073702845,0.05593371629857896,0.13629380088152673,-0.21777961658849265,-0.13917288577142511,-0.12476355536528823,0.11036732604393322,-0.08253903777088976,0.16463089323840563,0.1575678872345506,-0.023390266440986934,0.036362702676855256,-0.0926541871342364,-0.28089302162964774,0.11332361539357443,0.2064342893738628,-0.11451649703384774,-0.08811588822237876,0.12456319734161037,0.2197275899454411,0.11397605189641878,-0.17508360944907642,-0.2820891480203007,0.04575127110576884,-0.10116345762699462,-0.022456361403038794,0.010517558274978139,-0.030163422750282623,-0.13935339797709978,-0.20791005265750592,0.07394426112547851,0.1687694081549955,0.09292479961551857,0.22479448847875635,-0.0010710068870191912,0.030973494542478646,0.04145310583723246,-0.3527429397904968,-0.3378996635494369,-0.09247101128149054,0.06919791054981038,-0.09707559584879788,-0.19911557284494297,-0.20138423734119046,-0.03101395644632308,0.195559625006422,0.12567675090329092,-0.07427410866182245,0.10785834097579376,0.15321298596124028,-0.18493020762569987,-0.19237890762999363,0.018162244674275768,0.12254989072696214
"Hasil Tes MotoGP Qatar Oke, Vinales Tak Sabar Balapan",sport,0.18686061659730427,0.06352225210090522,0.06403789316324368,0.31644195708497264,-0.31468688157487595,0.16113311261481225,0.2103320120964892,0.13999916165648718,-0.2428786158744541,0.18200600253428287,-0.021838640275125935,0.09653489203213533,0.4242089473178472,0.417180261499464,-0.12405210088034013,0.014341259851722243,-0.14608641434125375,-0.20778310400339534,-0.1507374678337168,0.37374363399348015,-0.32338461211008035,-0.058071202679271045,0.1010783615938114,0.25806285217241537,0.03495635526689734,-0.4722559568885109,-0.14402173296088078,-0.3278787058011641,0.1694668321473824,0.33854116891515873,-0.20541050286165372,0.20650764474778427,-0.3084947061499318,-0.04264230428409003,0.08607277209441826,0.16731997084401964,-0.05464672026771736,0.04570260955340916,-0.16652348094540773,-0.15810027694965476,-0.2554427313533415,0.14189563818832837,0.40755230008787097,-0.23053355415427879,-0.19225172123149215,0.4310171646643643,0.16258895172356613,-0.13040474716754763,-0.004429432646281487,0.12554679935030677,-0.3479585358601646,0.11629768892562546,-0.06033563212620141,-0.15533010440433176,0.032003757311021216,0.15086436252768498,-0.18929609234015266,0.12269187169999121,-0.455749316797607,-0.12516774880249543,0.21825278890322766,0.2050675048626402,-0.3996452161351279,-0.38333803221495427,0.3702891341732243,-0.18210421196908547,0.18421305885269554,-0.14946127083581798,-0.49942626624887687,-0.21363340754038884,-0.033601053859425946,-0.23950273344259174,0.015174700319131013,0.14924459950199065,-0.39091680410061147,-0.23726403309080352,0.07466903707917545,0.020868756152135275,0.4154474642471152,0.34526862419912896,-0.15613205055341534,-0.35174437931276514,0.002339118261771898,-0.10636381244566111,0.14408825820619212,-0.03500854306213629,0.2007232821268886,-0.3313191543765689,0.11475983089118152,-0.11945982005612121,-0.018525651360070228,-0.12953309043186734,-0.12095023244110897,-0.44141977454120834,0.1707818055857444,0.37864239654736465,-0.3343153578030286,-0.17563693857681828,0.02519450697851161,0.08217443066213453
"Setelah 3 Tahun, Indonesia Lepas Gelar Ganda Putra All England",sport,0.40621203398048233,0.2890825168770356,0.04633137520296185,0.34483224305410565,-0.46949868275151113,0.0599065527112715,0.10841749912815124,0.03481628015338172,-0.29412463675834805,-0.06129457685350942,-0.011536993949142543,0.17737479483867896,0.0955227205131716,0.5086072631124171,0.05817701749290032,-0.15729450620418095,-0.05177186810460223,-0.11751548947459427,-0.07358102695460944,0.3525502392954697,-0.16191655215242645,-0.14330569444304242,0.24893497356008154,0.2945953300925344,-0.043596420827615556,-0.4206446685900991,-0.09430021713505285,-0.13832228769709848,0.014857915557706517,0.19082652459233468,-0.028572998212391277,0.2419569076534573,-0.1475243426474331,0.20129487924781628,0.20353691616689226,0.14720545216298628,0.0028145349325955533,0.22678797565349385,-0.33494930740825146,0.002196042576111168,-0.14028855127866252,0.2326119631778379,0.2001285009635188,-0.08025084586137023,-0.09734617938496608,0.27454141692958756,-0.08366133063667854,-0.08866712765734969,-0.05343845423037133,-0.28921285578556627,-0.20466964823459724,-0.034859199231615234,0.18990406388596354,-0.10280117316882538,0.07094092817390554,0.21047960487976827,-0.058447201124859294,-0.3598576620859286,-0.2036474602575204,-0.07597734834662684,0.01524885011029767,0.36322320417178905,-0.31094027993743373,-0.1444517230118467,0.28395915224410234,-0.2694896694727556,0.0157385249398042,-0.28907005668337427,-0.5033071434255579,-0.28923334606612955,-0.23274868300638,-0.2628241295701425,0.02764029163956992,0.049707580405762716,-0.29750349815436067,-0.4075830924722542,0.04233347739903834,0.23045854254562034,0.16254517575619043,0.4591638680288118,-0.05213557771286324,-0.2400714040916281,0.032448966458112384,-0.3995697738496805,-0.009130060677291291,-0.06887194489418093,-0.03406454473821616,-0.10926558184410776,-0.2121315743552947,-0.2766717451918772,-0.02413611458192277,-0.10779185291642447,0.1593067160581376,-0.18740461430879357,0.1540766877406249,0.4957294986694516,-0.20575363792627932,0.07832638060864514,0.1411052612149062,0.1290246861506016
Kobe Bryant dan Deretan Atlet Lainnya yang Tewas di Udara,sport,0.21698054714465878,-0.033312174771766345,-0.018064851900100848,0.14063936436091926,-0.3287939557690721,-0.04601442512244721,0.2667303018431763,0.3014111998525798,-0.24688474954883097,-0.052936148440882104,0.19713524797843288,0.3850600452858019,0.3889562577340197,0.2299770096750049,0.05727279302502014,-0.22983101555010274,-0.06101160651869537,-0.17658402454406538,-0.010187788808954306,0.04356132173284979,-0.2142316287141473,-0.08265908589651723,0.3292510296266819,0.5215483211011986,0.21219140800872674,-0.24240108467134028,0.07070811433049053,-0.1118299932797776,0.1466225166918218,0.11674273460287019,-0.05657998925656898,0.17569143077992688,-0.05564856488025695,0.04382804878915808,-0.08990238576522999,0.11139609692802724,-0.16718698649335523,0.049959018436872386,-0.15159280552178186,0.10749802554170176,-0.19490511076145353,-0.10432517878661882,0.24056085502660157,-0.24040376241833125,-0.09457913973739025,0.20811668834271815,0.03827536014251602,-0.06600941629118023,0.26689072529865665,-0.011292281410110263,-0.45099396033339234,-0.1356665322273604,0.143944946245125,-0.02198894968806716,0.2124105804809231,-0.015296958439492999,-0.04455646345708925,-0.0009128866464976165,-0.41625287124486166,-0.24477839609817428,0.0580401626804858,0.19980655003585693,-0.08745011324597636,0.05638815445609937,0.08868581532710453,0.026040577297710758,-0.047935263084993476,-0.28915439735265064,-0.2860260170264795,-0.09761972797204178,0.20874338396161618,-0.09715770479086767,0.05213309497687667,-0.07558471694190659,-0.11915648096693363,-0.15696004943829553,-0.05288915922910724,0.10240222759442982,0.07072414910831036,0.0799804946934711,-0.050853624215617246,-0.09404367043683562,0.09423478176994307,-0.2834572617926267,-0.31266989217671026,-0.32364807368694265,0.1308819922318849,-0.0003239185527458634,-0.07950435978943904,-0.019492879595566382,-0.033616775637989996,0.21232487818810158,-0.0034890360740075987,-0.3049166393486944,0.20099582103082755,0.3099798813123718,-0.37214555641328895,-0.1621922153343524,0.09918388719997583,0.06839206019834908
Yamaha Harap Valentino Rossi Masih Lanjut Balapan Musim Depan,sport,0.00912336683081403,-0.09754248411397652,0.033950996321748694,0.16082848455707335,-0.4125002123997357,0.0118767184203416,0.3305299577030522,0.20041213818719433,-0.11505178719627718,0.07249853981494678,0.07027410222195045,0.4442726470243355,0.34305828438540503,0.2838718444704134,-0.004383022123566524,-0.06733949288601915,-0.10415932338844912,-0.30790310341990745,-0.036122095000458716,0.16237936527396052,-0.4170192677453912,0.0034120820373594804,0.3613970390486478,0.21455464141037905,0.058105239718150806,-0.43697090020566154,-0.09601084079550186,-0.16088517050678242,0.2267600137831873,0.1614990640806071,-0.06527301017629952,0.2701557368992852,0.013304566035747502,-0.042974437748402074,0.10143154404986669,0.25724146226183714,-0.15204599938268148,0.027488938132129243,-0.12020237898963304,-0.0214148049574127,-0.07106380659370024,-0.11035650428634881,0.1795530058219278,-0.09747660591430748,-0.21746703432672573,0.3370926172276891,0.17109149227141737,0.1529070979387432,0.1593779023595478,0.12347793858240896,-0.3094211552189634,-0.0926616062807262,0.03474454606772935,-0.0604549157812101,0.2799340163076195,-0.027187421300651403,-0.09896012403721514,0.003969088829321805,-0.401304256887547,-0.22817104793030932,0.18443850816915328,0.1612546157413959,-0.24304310961917736,-0.03712011573728317,0.2984132017136726,-0.039483777291088706,-0.014003656118498391,-0.2587745148622011,-0.23852206587847974,-0.2453686162430342,0.17384173743201323,-0.2444672637203103,0.10801980865168068,-0.07820775694494432,-0.16109877946962248,-0.14446974705346233,-0.054116504188419866,0.018117920037062047,0.05885859466288442,0.26210413800034305,-0.1809450653737304,-0.23870770250595896,0.15771327159389248,-0.1932344312755161,-0.0788603284583218,-0.2793547384240549,0.23530217402772416,-0.2021958637742105,-0.10874042201656726,-0.10485929307586087,-0.04287527378413171,0.17997616512926015,0.037873330120386454,-0.1958491321836587,0.09764812184505274,0.3584744855798417,-0.4035028868136745,-0.1918319903783138,0.06845273870470038,0.22202100093713936
"GP Virtual Inggris: Debut Mengesankan Lorenzo, Langsung Juara",sport,0.17442590384647155,0.1438120826931372,0.15387526068140656,0.2973109584252748,-0.5214386595947874,-0.1117307061858599,0.35595072300783764,0.29562354208884417,-0.18542853399778605,-0.03786265783613165,0.2906293455987875,0.4069219342466911,0.3050260617938003,0.29557559113982196,0.05585417684013782,-0.2665651713566622,-0.1366599715290779,-0.1158716529662289,-0.0342965995260558,0.3501365360147506,-0.3712343776419531,-0.06956296561232474,0.15956794778564587,0.24211343296080037,0.009257787962850567,-0.5439110406859918,0.04568753111561656,-0.11259648771544317,0.2216239253666874,0.21218572887226445,0.011627184992501111,0.2304075831666606,-0.10944860617305176,0.061435856364986066,0.13648811716527112,0.2782340014556813,-0.09690064466141864,0.0100712668840863,-0.2628519778656501,0.23750977613369872,0.014904710701765002,-0.07915980210409497,0.21609527531914852,0.026305180208592287,-0.36019001291571573,0.30170282362000184,0.003686820663817772,-0.10888448436919258,0.19039876621639776,-0.13346178152493549,-0.34698118070541556,-0.27014575193282353,0.051165063328320694,0.0033475009190814826,0.26466648508054824,-0.06107602114785496,-0.1486717245387134,-0.19748476374954602,-0.20172728781569688,-0.395865695209379,0.07928119707314972,0.2978659622811445,-0.14565789263582202,0.07266247242562873,0.25550488620271206,0.2084005441563619,0.1288284490500786,-0.5220488799330938,-0.38520737589675863,-0.3651535405496258,0.2192753742954717,-0.20651905070288104,0.10436075234487462,-0.15621356222793503,0.048088152770288564,-0.2599987826416485,0.09504689791844026,0.013869378733249511,0.2199558995950077,0.3522455281340408,-0.044190231811072324,-0.20096840799142596,-0.01694886486950049,-0.37373593196636357,-0.17362276851100558,-0.24642042161206437,0.10869397873715708,-0.2232024558751624,-0.3007244403989038,-0.40540544381472265,0.031044751446180303,0.16264810022768428,0.2225903094864239,-0.19149086637923973,0.14494239890339258,0.45106167494701843,-0.5226128436066384,-0.16339311283399624,0.2444139080995804,0.022137068897190644
Ini Kebanggaan Lorenzo usai Pamit dari MotoGP,sport,0.29397903671952047,0.16414876709313425,0.18709844003559062,0.2703867798300687,-0.356194754635098,0.07664077191840953,0.237466516117464,0.16879295052941773,-0.2421916130713854,-0.009462919874950798,0.03129745250423407,0.08379435999802473,0.2183012748813979,0.3989385474564092,-0.1626084914049561,0.017313756529971705,-0.13260816488042806,-0.11609040659101436,0.004654257992958028,0.2436309200063503,-0.28422678066745577,-0.028336612282297315,0.11543744667147346,0.2744352846261286,0.08710196084650683,-0.4599484349157098,0.014291971605378938,-0.21876653772539395,0.13323185883733396,0.26658655109809315,-0.09129260344702138,0.2775684964543488,-0.15545927283563957,-0.06769396240975667,0.10642904720572614,0.18285597803393536,0.09278091471543135,0.04957506652623848,-0.19571845691510079,-0.0319632155479034,-0.18273013639509117,0.14086028308850657,0.2330572293683863,-0.17291367403218078,-0.2112526751170864,0.323840395741025,0.12010775317428882,-0.059487857032982025,0.025166517135173448,-0.0530228706020582,-0.2307492791732808,-0.053411130898160755,0.12724471050254596,-0.0081034485717067,0.059319988515772325,0.13792810932461788,-0.0957215129224092,-0.018190588547684065,-0.3911907912367747,-0.16319150454995593,0.21564749279055823,0.202928808159032,-0.19259738650274869,-0.048153825630688186,0.234874129866291,0.041077399502809565,0.09600198355995862,-0.2381438850177228,-0.3656535218363909,-0.2508960108957753,-0.10783518586798943,-0.22407183097968747,0.10479724644085346,0.078699061285565,-0.20858177299972844,-0.17825070643617716,0.11665140199760568,0.05153909024278023,0.24300083619271623,0.30112079992487006,-0.11932316353231893,-0.21430938035614805,-0.08149591868282088,-0.1858660391014056,-0.13027365440007493,-0.12398174991461478,0.10781887689165862,-0.1981189131210284,-0.13458997773782358,-0.1389465723736072,-0.04581745492159607,-0.006919253080552093,0.15723166995266802,-0.19237432228085197,0.22891144499607688,0.3474921447593336,-0.24098546770084797,-0.1898752841138102,0.0892540697979266,0.10531280209550302
"Menyambut New Normal, IBL Sudah Bisa Digelar?",sport,0.1434033443058204,-0.10030753833432085,0.2995736422186417,0.5467863376249397,-0.33522909515079746,0.2924652395714765,0.20382598776889949,-0.03228286649558029,-0.10507440761992208,-0.020882395019502776,-0.19301912050468156,0.23832142640406398,-0.04734772509644734,0.23408875625692885,-0.3134430603443217,-0.3248909585791008,0.006389207704057251,-0.03309489301754006,0.03563283095142187,0.2782920411878784,-0.021520007799102608,-0.1642620641772196,-0.11645752799862563,-0.030655737768318904,0.1428353130358609,-0.49234962618268163,-0.260996399640276,-0.32480518864506924,-0.036508330634530885,0.004184202538886539,0.04215569989822055,0.36008756320639446,-0.0746879587381952,0.3716493737607571,0.18137739290634966,-0.24831464246930537,0.11083041171188604,0.1208949656366329,-0.19615742318610313,0.015727816386076156,0.0070573902494080794,0.24505962646958396,0.37528663432981896,0.23232927883881285,-0.06615807070844834,0.2554905901279182,-0.11713857726530434,0.0245633314063483,-0.043901989123822364,-0.39455604144449213,0.04477759423491208,-0.06663470109917982,0.16112973184730378,0.09049254144253835,-0.0689846398170209,0.1069825037562487,-0.2718957288498309,-0.3092734835470875,-0.2032184874319669,-0.16519840442599495,-0.15165210689290906,0.2853512424715216,-0.4795407623421049,-0.33566176388089897,0.13793718566070645,-0.27658163878036623,0.2742009215963913,-0.17786218308436405,-0.40814934134688413,-0.1212688673729843,-0.319419220392796,-0.24156052457015767,-0.1611608409701764,-0.011823933920497732,-0.2448170504980101,-0.42720878673308044,-0.00655390357245361,0.3893046299740555,0.14736230379672982,0.542686914001304,0.14764316912252645,-0.021553696995208666,0.26677909723880705,-0.3515689166111883,0.10486999221877673,-0.031197975661607376,0.09652938050804132,-0.07136473693631609,-0.1860601176939094,0.11786054647895261,-0.05630574907671122,0.054377897084542694,-0.21930268075601417,-0.4644909430957059,-0.05463269980776527,0.23570223668717932,-0.5243533768338648,-0.24585308327587038,-0.06211470320855088,0.13037886153714096
Kejuaraan Bulutangkis Beregu Asia: Link Live Streaming Indonesia Vs Jepang,sport,0.38454003273214044,0.22750787380805176,0.17618999741810104,0.35630010604675927,-0.5584733500227428,0.03867139487982582,0.1745371530833329,0.15716579683062942,-0.34344717371223904,-0.05302888836379536,0.1851687661585319,0.3264086754508414,0.10807804963560819,0.4207428562694638,0.005788705580966379,-0.3213279010213446,-0.017409814811328174,-0.09891513849045026,-0.03606612204121552,0.38014181244138034,-0.07583074214088012,-0.1699393656284942,0.09276764080326967,0.2828613712348455,-0.07946217599927373,-0.40435572077487925,-0.03244953425875048,-0.07380727278006202,0.04266044818743861,0.1311296065994117,0.03532303321849377,0.2559169775894308,-0.08072168625387824,0.18429642503448437,0.11170507632776835,0.14714655350750935,-0.10318164718632047,0.12675140083976735,-0.3566640278308059,0.12182921071254645,0.01458611551278268,0.16072411620870355,0.21307561883854081,0.039814413283520644,-0.18335664841167715,0.25079848400741805,-0.1115580229058201,-0.183347182378001,0.1468163335992579,-0.3371170801011499,-0.23054617866241908,-0.20981183584764262,0.15128604558497882,-0.016077717691767468,0.1446186023723695,0.09363584256894968,0.020809663379552472,-0.29032284075431064,-0.19190037310295388,-0.2324728568704344,0.03567466185968836,0.3641041146559403,-0.18276946892385673,0.03789000010476745,0.30284804966063916,0.013160504939477772,0.007020128330623607,-0.40505920890022373,-0.5247637717996319,-0.3477048004822784,-0.08081419920350673,-0.23224237689842533,0.1556065637065969,-0.08840198433740615,-0.10154327392863952,-0.45065406531495594,0.09014088335692431,0.06421284473296257,0.29276509777819065,0.33831239974643135,-0.034841787029614935,-0.18132437051881425,0.021808084600414387,-0.36688099357835735,0.0008438608857444706,-0.16369400587424038,0.023352913955998405,-0.1174714077184384,-0.3089439407208918,-0.48578465043621877,0.11025904347177969,0.0010725246879730998,0.13325383123904885,-0.22651450526953099,0.01120261101621999,0.5256722457181401,-0.3222495879127725,-0.018862332892207928,0.2296378242981298,0.11555244923287847
"Gol-gol Keren Joshua King, Penyerang Buruan MU",sport,-0.051389351402425024,0.06907417272080363,0.0825378089137553,0.08387911035745585,-0.32545249599738385,0.06445988731338038,0.27003518633266504,0.08729710217902364,-0.10009255667346009,-0.02081905146049867,0.23582253995826513,0.3529492918087603,0.20875126853307086,0.1412005776780331,0.022852491039422915,-0.2037427008298568,-0.04696442263227218,-0.25995052540964514,0.07497421652653054,0.09036866796667843,-0.0915354004158629,0.11775120263901588,0.2296865830522008,0.1946604591123949,0.1711598077274134,-0.22400772773759267,0.04855178501536181,-0.1632226265824076,-0.005458908213752002,0.18384259572295,0.05523508506154814,0.13974923743865822,-0.014299234922343335,0.012168667096801306,0.050343980163699585,0.14060032426768235,-0.2986544515148084,0.020897159579462924,-0.035954737843255764,0.15101329699779548,-0.07020078646474612,-0.06685496056131116,0.005399315650171342,0.00896866677970325,-0.04545238172674352,0.33241745489125396,0.05222971557026027,0.05886017365676061,0.18417395098898692,-0.05587193325153441,-0.2532966513749808,-0.21950314354428374,0.1593021482545839,-0.04448601165199076,0.26442712490449355,-0.05704802728499077,0.0014304188765009826,0.019505192218822284,-0.19480520749942143,-0.20318572461534729,0.10597687361179758,0.057748919633531605,-0.02928975787399873,0.043445171184115124,0.13653612711257276,0.09117784741493605,0.009589205018685772,-0.22577001463551344,-0.21426166216326872,-0.11930695294194131,0.15508752935237535,-0.07487267526244497,0.20753877499428752,-0.1447505509289328,-0.13599994420942943,-0.17534188851263816,-0.03539425009006286,0.0202753782870222,-0.02949065115474854,0.22917705597486657,-0.09874195667177574,-0.19378746920236634,0.19441679413845017,-0.31856776393825526,-0.2494779571311399,-0.2588056621560939,0.20112525071505075,0.03552060229355878,-0.31962657128487704,0.018031739224142283,-0.08023579899556534,0.28747165712592393,0.013883744047156796,-0.17481683148230204,0.09439338156057761,0.2689928624503401,-0.3149158026022207,-0.16001984273633266,0.07270595638599586,0.14372407514331395
Video Cerita Mencekam Saksi Mata soal Kecelakaan Heli Kobe Bryant,sport,0.09415009790131355,-0.018444500490401482,0.070547134686631,0.08673672310866307,-0.2674300489974309,-0.013645627346136302,0.27297152492234283,0.233482974414665,-0.1864250042369903,0.06448719547720713,0.22504402353766384,0.3983715075824411,0.341737500747992,0.172840516319475,0.0777245109794745,-0.1193040225351825,-0.04995764105607038,-0.3013915651727493,-0.02211693120038949,0.11795710893637083,-0.10704714462058999,0.0074580189158451856,0.23277530414094466,0.4183145283789262,0.0911334535694307,-0.18608871738033272,0.010337261288164827,-0.11545311236434685,0.06004713310075904,0.1003743383002311,-0.017674959601453953,0.19708589607657068,0.05121118184118924,-0.0071161238167325325,-0.06842150881068425,0.11438856821920558,-0.17902216609197286,0.003397128070500653,-0.074809596997591,0.01736751841224348,-0.16194390180664328,-0.1259599116629921,0.17179904475076735,-0.16133585990723381,-0.10940268248590741,0.2680579660401935,0.10077614293918738,-0.050969151002283386,0.2666253283974015,-0.052361807118689443,-0.3664118602520814,-0.12282133299262768,0.1168000985559344,-0.011903158007505955,0.29535278964844347,0.018960072004775078,0.055196585701295445,0.06550890875451912,-0.3672353434756802,-0.3535611468894593,0.1273387209198559,0.12985149068559176,-0.07626583706043413,-0.0010482103688521482,0.09038662647773407,0.1258860073262586,-0.03834021310216864,-0.2574924774278419,-0.3122150766226612,-0.08318484346585577,0.14483262923001178,-0.07377322075349932,0.06865184401480842,-0.0899546876402147,-0.11668837041774634,-0.23531329820534622,-0.08360109831783379,0.09719947702708165,0.06304075493983878,0.06570073495266668,0.03551237088893339,-0.19134606570225224,0.1624416602148561,-0.26089081591847213,-0.19828493992112972,-0.3171386087548075,0.1271988465250678,-0.048021162231301665,-0.11994474306405445,-0.05343976979743531,-0.026490814856783184,0.2486293945174472,-0.008126881662608198,-0.333242792593271,0.13102849450132598,0.32181212803684717,-0.39396391683038895,-0.17096385561399255,0.04544114934525985,0.080910187508798
CdM Jamin Anggaran Pelatnas Olimpiade 2020 Cair Tepat Waktu,sport,0.0009091102293898659,0.035316480810002084,0.050830929125491725,0.15197420750837654,-0.28040115281317696,-0.02896541649246817,0.3108327151741857,0.05317604423266223,-0.05951957273242625,0.12458562974501745,0.08576417767853835,0.37044129232283174,0.2228864675627231,0.16738483810887658,0.04458314328300972,-0.20421437229870976,-0.07282696066473962,-0.20158021568507015,-0.02409638258291375,0.11408051470650651,-0.11866972725414456,-0.036510792978030365,0.2707364019938198,0.17075334801244849,0.18368239300163244,-0.2502477710288765,-0.14704995706496454,-0.16601488017098587,0.2107349493008008,0.20721761434834446,0.1062666831603478,0.27283584509828374,0.022561865620122884,0.04726518564059396,0.08095801585929892,0.03809705913312616,-0.23802979717791473,0.10709089258042435,-0.00678065599589097,0.031197062757152883,0.02851955760977111,-0.02626623398959512,0.05382910675741721,0.0008734101238468319,-0.04918477532761339,0.2739417882604838,-0.038355755732266246,0.1319630158859296,0.12204770841779271,0.05750765057374329,-0.3435213069410505,-0.11652880490905541,0.03002337824281885,0.03752164035579973,0.20810346902165616,-0.019963888789344436,0.05401227799853984,-0.042800762493007974,-0.23571261359591036,-0.2608070699190201,0.045334877045663885,0.1121162310921879,-0.17010382235661262,-0.03383051001810053,0.1833609508579919,0.03220595547892761,0.07713771686587143,-0.2877717124871597,-0.21623669389946865,-0.055801051563913295,0.025274846645944538,-0.14206221993837545,0.08130294800053567,-0.029974977054787237,-0.151491880353628,-0.1852005402933626,-0.14907489059206547,0.021996418177333346,-0.061145098649472526,0.2626440748613128,-0.05601124566815416,-0.06513081854773153,0.06960406481560141,-0.3322643270190585,-0.09376710723521467,-0.3071833740094465,0.18850761894327292,-0.07070217712129062,-0.14006221784230305,-0.11145676544687849,-0.08717728950616417,0.2520252316851468,-0.04411340915633455,-0.08865722435389252,0.08072063351938265,0.15502811106662753,-0.31941892133470134,-0.13339437181849867,-0.03784333937886409,0.13564350480861584
"Hasil All England 2020: Jepang Raih 2 Titel, China Nirgelar",sport,0.273470953142339,0.10897130425135343,0.18808316552444765,0.26561709124818345,-0.4162971399943732,-0.055577650221269266,0.2177267215380999,0.1407120572785066,-0.08613875057957704,-0.026857959565631313,0.0979663220355734,0.2486588951277275,0.21382485431802908,0.2832287578586417,0.10822933131971837,-0.16217142832519377,-0.04871612948763941,-0.09079058709117582,-0.08567685672806505,0.28701348967580254,-0.2192662859904497,-0.17339684665664584,0.18745088917323563,0.11313056598742664,0.006592742216953317,-0.4920033942645904,-0.014170862553252115,-0.09598438553516174,0.1382231412683316,0.20157188315822044,0.022718269421889547,0.2056092261530913,-0.19016750560798426,0.1442032654682389,0.08796767246514181,0.17685125807360833,-0.16233915739405044,0.1240561777302222,-0.2123154475314879,0.1626110186112082,-0.03218695097784434,0.08988336773027765,0.16285721615292262,0.004584978382808732,-0.17792274801456984,0.2601987282333653,0.00528083557774585,-0.1325499411758895,0.08175953656184201,-0.16603803757959032,-0.32218899298296044,-0.19033946785375072,0.16819341292535525,-0.048019351987930115,0.17745573287560684,0.09571342878198061,-0.12271811316311569,-0.21471619808978637,-0.0666489238812036,-0.3163790949538309,0.058714875937713164,0.24627644280350625,-0.13981854201687424,0.05523135753422296,0.2823503944119099,-0.03167489394207152,0.03021127911668854,-0.40437303108642175,-0.4151149011948615,-0.24914327563334507,0.07077490862134102,-0.12540696760907333,0.10562603137393928,-0.11381551692355174,-0.06742363177793377,-0.31547970923885194,0.07215811805514302,0.08161353125431416,0.12850414069862548,0.31440743071398436,-0.004342774885949264,-0.24417787912583722,-0.016112617516204495,-0.2616091925777705,-0.08346081536924312,-0.13357042118368628,0.040192751455156134,-0.04905217992327433,-0.26602694036926133,-0.25860952683931304,-0.03558987096177174,0.04897743825750449,0.11343970396764023,-0.16921839520601564,0.08238303822129678,0.4471139857719515,-0.36590982021029883,-0.09894360049975305,0.14915464692621916,0.0662871929124918
BWF: Poin Olimpiade Mulai Dihitung 2021,sport,-0.1157478996314669,-0.008505340499500968,0.02104361587990875,0.12154231714245053,-0.3298408834069223,-0.07090053891088925,0.3849898776221604,0.04523286657883449,0.022023174145026532,0.16483071220937812,0.06400277556414988,0.4168178859171173,0.24957743669427637,0.10896148386104354,0.03260393970319025,-0.2395168766149391,-0.12193959575141362,-0.22821198998945608,0.018753524229155574,0.09847701347859275,-0.1447373247685057,-0.033531654766865385,0.3664162137821215,0.14770012991731885,0.3134394460909827,-0.2836798598676086,-0.22166679298453723,-0.20937255739644978,0.36516035661286794,0.22302298827844075,0.12695719805941239,0.3772939121738002,0.1062476812971116,0.08719814944801932,0.11120381894796597,0.05116790050256461,-0.2549969464619991,0.13911816215265632,0.05963189530143574,0.004306701946819565,0.07555192492356655,-0.053663913828863694,0.06320650140412867,0.06547032554928453,-0.06240638088602117,0.3631129546240154,-0.031999070909349836,0.22292695244952937,0.1096696382660473,0.15576521529550755,-0.4487733019274739,-0.1290526214994741,-0.05207636255838781,0.09848559215970336,0.26398271200134915,-0.08645517453595733,0.09752197732215255,-0.04768952200271194,-0.2973045102533777,-0.34501246220198595,0.06506849904225319,0.04638957864851077,-0.21452504249605253,-0.06281599203234552,0.2529017727728127,0.05316966469335162,0.1083744251787567,-0.38593808763823984,-0.19181362072271052,-0.09364645998390245,0.026272749399702745,-0.16828395205733065,0.11007920162290422,-0.02441063979360761,-0.1454446575942227,-0.1654100411017235,-0.24253317935145055,-0.05230255611363362,-0.1587588697543898,0.3189125033721333,-0.06629985725122622,-0.024007837161263156,0.08080965794045424,-0.40532671553980715,-0.0872860419246482,-0.42841390777688293,0.2743890635794126,-0.12701400438836424,-0.09545789405782616,-0.13687027801370225,-0.16248809558910987,0.38130889680281516,-0.04836617104438193,-0.13354134329207815,0.128389169488293,0.09140238352913814,-0.3721341348763543,-0.15696468983782758,-0.08253093963197469,0.13730688490231674
"Giliran Holyfield Mau Comeback, Kembali Tantang Tyson?",sport,0.05175222498276955,0.14527453348108735,0.023041838730015283,0.158273297479655,-0.41543004667059497,-0.11277023402172705,0.2327338389187886,0.2498180460542998,-0.10377024571359861,-0.11089180224299548,0.3061492779916626,0.3391584226021707,0.28742233920974375,0.24571953687994585,0.17112486340031277,-0.2197989280012825,-0.08262319146073575,-0.2617600792408467,0.031018819801718122,0.219968507438822,-0.2654681817834072,-0.019954542198322864,0.37971350983427826,0.28728917345484156,0.15573012811394502,-0.4091424980884595,0.06311123491615574,-0.09391342901422002,0.17749397222046367,0.21880773128924583,0.013599522612187347,0.055341917887498114,0.0031849699923531256,-0.001254530034968127,0.07023464985210255,0.35669207865346025,-0.2676390259618094,0.05183097420591131,-0.13189549229620778,0.1708285536729818,-0.10930314382310781,-0.12602260602868084,0.03453512076403754,-0.07393939900840395,-0.14358544874932996,0.3475388609634354,0.07806711137212127,-0.0054202430374347315,0.1742197875373838,0.06261635973198353,-0.37589170712418585,-0.20227349866953956,0.0779625176043673,-0.07361801314169593,0.2105962955326417,0.027463725259520455,0.01851738524654507,-0.07615896674162441,-0.24598335664911372,-0.2744372713534506,0.16827588730553342,0.17545577370902168,-0.11998100750533176,0.07122087955222835,0.17588624916890117,0.0581058625332894,0.05497857615471435,-0.46849894419798277,-0.24408083276309997,-0.24102897184906794,0.22665400004005598,-0.1492026491987468,0.04454376990207739,-0.18738607208980237,-0.046683077740152214,-0.22102451875812942,-0.05028071761005673,0.026704994856491946,-0.008445481250528866,0.29963119569432095,-0.11849920136687113,-0.18846090408995084,0.11008743821885074,-0.40393861892180744,-0.27781850296872135,-0.2905420921643174,0.21091806270946215,-0.025302569889820724,-0.19156724326078786,-0.15209592637860736,-0.09285686221274987,0.25437096834191003,0.2607138169287703,-0.1806709329279199,0.163983666420558,0.31159674484324246,-0.3994645910224453,-0.19834445818193747,0.16082119829024125,0.08218190040116241
"Kejuaraan Asia Atletik di Hangzhou Batal, Bagaimana Kejuaraan Dunia di Nanjing?",sport,0.2104941495853687,0.18085340323220167,0.20953175595032503,0.43086089741691586,-0.5372104927654172,-0.008878787174529078,0.2937933476312044,0.29485200279563845,-0.2643813280100559,-0.07568154112782675,0.2795949432995171,0.4049319615032853,0.294903943996841,0.27471517602679163,0.08263832136877579,-0.4146448076662366,-0.09728293298828246,-0.003332525074112807,-0.1447497384525921,0.4325906416419404,-0.30464640585895736,-0.1812943245892951,0.10943239814671955,0.13548077785703086,-0.034625478318509324,-0.606588613094577,0.04735308432692934,-0.09225956967609941,0.15381037984428766,0.23210139902671928,0.03074566902693796,0.2412738018543349,-0.17290861070007274,0.25114610992817055,0.12418110769545529,0.21224301097782616,-0.08259700056130746,0.034992830623854325,-0.3383053561272915,0.298630318676089,0.11746747664065979,0.008707034790797308,0.2542043409368398,0.12073735940162551,-0.37070348747763415,0.23840096234783126,-0.10482893645268086,-0.18665187347447587,0.2014769373229813,-0.3231340659636735,-0.3265220348019685,-0.3349972431414734,-0.03123042209695559,-0.08095589790198214,0.28169520801826653,-0.09588661494409864,-0.12738506286321996,-0.2261819170724165,-0.15274851790473687,-0.3755272917582687,0.019214509679198324,0.3296230395454084,-0.13941922149978703,-0.04267287450732725,0.34388217579725133,0.19885107633755159,0.18927104773898754,-0.48384373413304677,-0.48832558917858854,-0.40532773614283923,0.21462428706515208,-0.14636797539052754,0.14832214805362792,-0.1830153622606081,0.07157764555782739,-0.39194077781820424,0.18026840079818046,0.010574443518264351,0.36407293193548085,0.4043667624110067,-0.009613476975933025,-0.16334764003086516,0.04290704501473941,-0.35966480873502465,0.02364391520866638,-0.12017713745039076,0.06936102381756522,-0.24670742963580106,-0.4183501694248032,-0.57756792115321,0.13613502762946947,0.09371094199930578,0.10779765548967085,-0.29142336833837273,-0.020833486936281863,0.514963208051125,-0.596932388648262,-0.07032935348313221,0.2782814247555778,-0.029649908275311356
"'Bila Mbappe ke Liverpool, Klopp Pasti Pusing'",sport,0.1600775160570152,0.05543758504172165,0.13457307404724383,0.1808301811218685,-0.17238174511971874,0.0953535715468295,0.20401703567688675,0.033980833166382805,-0.21140102657960766,0.07494970606628387,0.06759670080313995,0.18557650875503767,0.11700302258229986,0.2254327389364863,-0.04245564508931908,-0.1096035800543246,0.056154133400727654,-0.1610648109691999,0.03578628729501159,0.0803006686768792,0.1006717513893074,-0.06688256583577842,0.05015212771471803,0.16587975361749466,0.013353250598492739,-0.1668826852302579,-0.03289916709255043,-0.16768066007247825,-0.08185665480178925,0.09390868777903907,0.0046309540794456285,0.22240372528917537,-0.03763204844211874,-0.02722905691735064,-0.03944883725293183,-0.12725797816601322,-0.1768291522412956,-0.03207046557277978,-0.06482290213747992,0.08239453838862906,-0.04874585863549585,0.05016326979044781,0.09539488134080637,-0.007808923132207995,0.00442406996767301,0.21526277840887637,-0.08339085236047931,-0.029487114205627295,0.10581858738896868,-0.1828329738685098,-0.17036049062176462,-0.10698765129211771,0.09515102140219828,-0.040868793954629154,0.06877769545494962,0.06675179045025467,0.04192149118497971,0.04042700507517069,-0.10367789021836553,-0.1594457318245243,0.01914975803685397,0.12469647950616329,-0.08173257473673871,-0.03842047820986037,0.10509425082563553,0.017906708151991826,0.058795594853585445,-0.07565247830411567,-0.28820955483585403,0.006497164819579801,-0.016286232399753534,-0.0622874608158119,0.042540506048216804,-0.0709433011680086,-0.1578075957421321,-0.23452371618756596,-0.08123968047110654,0.09250241022366242,0.08513556881124777,0.18368153480261604,0.03673129450827024,-0.0419338001945528,0.0863800032209345,-0.2414965279693846,-0.09523733651844356,-0.13741264814464174,0.053747124116138766,-0.05319716047579896,-0.08190794125838026,-0.133375951837363,-0.030380921564582847,0.09561276323368537,-0.017735954646833252,-0.12587067718237446,-0.016845733319696875,0.14386389664658733,-0.15365917346924246,-0.1283792350500656,-0.041311189079324184,0.09611552827137415
"Fajar/Rian Kalah, Indonesia Tanpa Wakil di Final Malaysia Masters",sport,0.48576054484018205,0.2917458439020185,0.10258608527050073,0.2965738222545097,-0.5007323936399013,0.035139163361735504,0.10876603869991414,0.054709902584037684,-0.3836592932091347,-0.062124464008521604,0.11434322859795173,0.2826733232068697,-0.05725830485525617,0.5721672493995568,-0.09681911378883551,-0.06115796346036599,-0.05696021390600746,-0.2102242711748744,0.10764804571973499,0.2516045544305273,0.1735973753930843,0.012135915284965885,0.175998964540924,0.47918618921192974,-0.05051155708217235,-0.12806089575806612,-0.17067009109519143,-0.0135918170273255,0.005649688876684041,0.11270818272473443,-0.11252808210627802,0.25105115900645397,0.09793202447850616,0.08119064197588899,0.09739325072963313,0.07194458575543856,-0.09518251596015387,0.14008331217966372,-0.2388358357562421,-0.10711114981644068,-0.19158582825328827,0.31870990219306805,0.1732674509061501,-0.0706524494563914,0.040602549595394735,0.33752355232733156,0.042441985568653195,0.04502620016610111,0.024901666559031636,-0.17002932975346244,-0.14178593017066848,-0.10446495415607654,0.29957041288505537,-0.01091394187222636,-0.13822030310373357,0.25391434724318823,0.1945274154055798,-0.21870724775988046,-0.43545327249761373,0.12752485545880346,0.21579044936558323,0.3353434714293171,-0.3024926298358046,0.10222540403363406,0.24620869326751524,-0.23261378967689028,0.015777534918550697,-0.29785670117868085,-0.46489274168185857,-0.25463593259639555,-0.38313411486718324,-0.3781504142041171,0.12783988773795316,0.06155826563719792,-0.32698984999654757,-0.43205504133205835,0.06587462377323833,0.08486177784611894,0.19657101181919656,0.28606020473590266,-0.09757724626986586,-0.11647146397107107,-0.0013648841819837603,-0.1954737601687768,-0.041031389961980545,-0.02431052517400555,-0.026984064551648444,-0.09315789146774552,-0.04176973912136454,-0.16193615299668102,0.04169256634886222,-0.12069521876794889,0.24417683516126837,0.022349525368357232,0.1140834519092451,0.41441986090463795,0.016603640947344126,0.01097129230327294,0.1800307345333433,0.24295956630401921
"Atlet Tak Bisa Mudik, PABSI Gelar Salat Id di Pelatnas Kwini",sport,-0.028956228702054918,-0.0008726947177682702,-0.059493428873741094,0.26428770239867444,-0.3708922866192267,0.06225059228785949,0.18670695597292314,0.21534401777506096,-0.10798668063217508,0.08136183202828902,0.03326412257549211,0.3129359247991161,0.3245014984386778,0.32317956258646663,0.02241962434203805,-0.23123841945802998,-0.09831201755885947,-0.2638744623303808,-0.09938722418375838,0.3145219935673657,-0.12644299801524714,-0.07136574823741186,0.20991478282203485,0.24479378757276546,0.14482240738122582,-0.3527131706515231,-0.17144072238564234,-0.2174571654919666,0.20561689632085847,0.27260183538354305,-0.09224125093651059,0.18733222743633482,-0.22885545726891485,0.07025433690286266,0.0913684203054813,0.1275028555946201,-0.14542509966947692,0.0813188847735894,-0.14095982321297873,-0.07944477937635955,-0.20873680446354154,0.05399723260104317,0.2752017767425895,-0.12870301934075104,-0.09256902146291868,0.26574866324737406,0.03577861685104421,-0.0068213009973001944,0.06995412087540467,0.09504503356026486,-0.4131858061925068,0.018554779563935565,-0.0401993529786182,-0.10285315312154766,0.14055217804491812,0.023574834763462352,-0.1516037444085015,-0.0043064656739466136,-0.4385998202752707,-0.17164944962019535,0.06049168912570421,0.1513523827263998,-0.3571754859084007,-0.27237888000039306,0.23024102097894744,-0.2202339831066836,0.11098293237760713,-0.18517084144862386,-0.3243069061749297,-0.17890613697878593,-0.0581594770691881,-0.22246459489499187,0.020151667541292287,0.07376442895640883,-0.33212336625381406,-0.10760674900253175,-0.039692771240601714,0.06393041107985241,0.1390748331655186,0.31084719763111307,-0.12871402066033233,-0.20204480310441264,0.0423122355392034,-0.24384994148149028,0.08819012285055675,-0.13920935321442135,0.20040269332076954,-0.16959241806721487,0.046919009055202916,-0.019492384689699042,-0.03648434562205457,0.04251878645850639,-0.054452647939218446,-0.29657715097590204,0.08771987643347165,0.2248867081828377,-0.3940126851410803,-0.1415521170994406,-0.0058105483738522725,0.11076382798942011
Mike Tyson Usia 16 Tahun Sudah Bikin Kewalahan Petinju Pro,sport,0.3448774422549027,0.23470929033720594,0.03181923008543525,0.23549951743419897,-0.150415263652951,0.11779199532013275,0.18093258812117727,-0.028053587811879863,-0.42153385936115223,-0.15633042869856717,0.07457960086545366,0.1196555755672264,0.14031043677498672,0.36725742274548584,-0.0005430755769067451,-0.2620116032720444,-0.06290077050993641,-0.11443848068096396,-0.008721061595247527,0.1027166914877202,-0.11493748808944333,-0.10441386196530808,0.250522970060198,0.32873451759785843,0.03763494400002943,-0.1938320962201203,0.08717735939682536,-0.20925000258829798,-0.19014196161878164,0.132952471454582,0.13504897293145712,0.07633185531266429,-0.04081508420544755,0.05736927281697492,0.0023830767356593824,-0.07708218557738811,-0.10792833182778357,0.01413774781615301,-0.13601948236472916,0.1709942122602559,-0.1001562711211711,-0.07038826396182245,0.07343053178556007,-0.2216541589884132,-0.06444881502520004,0.24601297887803658,-0.09303766714792269,0.006039405562573883,-0.008760529111923996,-0.18639095625886337,-0.0735487316970529,-0.08102193014499509,0.15939584802409212,-0.08959888100635384,-0.02143107995041569,0.1437629257832586,0.03926179507685233,-0.10735120000710323,-0.02626682122584599,-0.03979311976861653,0.1215541309519131,0.2303726033944018,-0.18423230959741477,-0.0880883735390872,0.12286834055051632,-0.03291885324569069,0.040835992004339995,-0.10368846721197404,-0.22556575208274146,-0.03086135599612343,0.06615920857300325,-0.06917402978953646,0.03491420171566046,-0.022830310992799224,-0.21343118934119779,-0.33011779619192927,0.07401066779457485,0.19939482283957344,0.015465400454728568,0.2730612666040052,-0.00958504518770296,-0.05633516960234721,0.10261421505974996,-0.47188867866407264,-0.24687214064072563,-0.026835830234141773,0.06267399982561327,-0.07640605954590032,-0.17599584278389907,-0.15097623419501396,-0.14396448061910394,0.09819036396774448,0.04105457807656781,-0.0676339049004946,0.10778084016288139,0.2490140925530553,-0.13173676595989545,-0.048517991038116486,0.08428912163075844,0.14038204024947887
"Pemain Utah Jazz Positif Virus Corona, NBA Disetop",sport,0.40120576709500244,0.03704426147224797,0.3769067691825854,0.3255968521227511,-0.15991491093829324,0.5491641949955716,0.30357738710017446,-0.07338144194055118,-0.4368282193278582,0.20270994373627746,-0.145654476870164,0.1360036769666223,-0.028645376030159507,0.3847059125942235,-0.27716276652570254,-0.1342518058297938,0.17082620049755862,-0.2889151340853942,0.24769261454110647,-0.0051860940814488585,0.4690093265425244,-0.13297438950670465,-0.0003996854424581841,0.2226066647179483,0.10965742718017918,-0.19620076203323775,-0.17550912067003782,-0.6105943005834438,-0.49069074427482856,0.1828914895517027,0.037912773318740364,0.5999882570019626,-0.03245591676631063,-0.13093272058086733,-0.13373530337533715,-0.5845603115475176,-0.1912221483368499,-0.12249308263971005,0.019293994914288265,-0.061177976626778416,-0.1243443446806265,0.31263521611028555,0.20718311011404333,-0.10538754735112726,0.28206096450265467,0.3228713379604963,-0.20410195651858826,-0.05259225850882003,0.11215047944422593,-0.5766080112230596,-0.07130109504763708,-0.08855683509631991,0.18705978483899344,0.05038043486081564,-0.044274367424916534,0.3442969163982159,0.14709049193907137,0.1980007248793616,-0.26027459907813477,-0.21912317209078275,0.001567160023569509,0.1477590970720761,-0.149485319518454,-0.17804251354954698,0.08746915445293771,0.029605684675996335,0.12466109110806205,0.1460900906052638,-0.5298995934033798,0.24586990809245907,-0.45248092314012006,-0.15013800625367804,0.18632756701369688,-0.001489723802935711,-0.5117681540935786,-0.459905611532651,-0.15941389677655413,0.3391994678279866,0.1035569710779826,0.24907899693527819,0.22126083200005278,0.008212621364090901,0.25834216023701334,-0.4042169432771766,-0.1793043454873291,-0.2437743119723258,0.09775339447578213,-0.12373800835125204,-0.061697094867748326,-0.05058245287610845,-0.1720700189352869,0.14297324245243082,-0.22231945111422624,-0.18876512159690875,-0.21631550702389077,-0.008274335055440164,-0.060558169368836394,-0.27928977771726926,-0.4280886998885907,0.3058644605666371
"Holyfield Makin Ngeri di Latihan, Tyson Siap?",sport,0.05385533396754255,0.13344493139784,-0.013353609280526799,0.20087944623162748,-0.33183524764832867,-0.038810832148121886,0.2133392473188476,0.13086608212405312,-0.1486246204981927,-0.10855504244192114,0.23296059142295036,0.2673233231502133,0.2260230741091822,0.24551548583890923,0.13746663448233984,-0.2149011617064881,-0.08228366844536295,-0.23385001373165706,0.046766299244812515,0.16193693196602876,-0.18848652587627268,-0.061439823811638455,0.320286009039719,0.23033579648124491,0.1225440915982179,-0.3243035215483745,0.058775053606255956,-0.11365166243860532,0.08682503543599442,0.16665026463176502,0.07474639171892565,0.08364925482602942,0.0043059577278246365,0.051387208833704456,0.07041479430738572,0.1909351628840292,-0.27186108720849606,0.05733374488906661,-0.11098431051123109,0.1909613521953344,-0.0909009493508134,-0.07775110617132573,0.038962355071997225,-0.06223203936234765,-0.06622415652738935,0.3122029498495624,0.01688593491725002,0.021178286112491063,0.09886978588538216,0.002594093894452069,-0.31786338071234427,-0.1876283611461107,0.06723830387466272,-0.06692942080250587,0.19062674516639044,-0.012010303116465929,0.0256152126748883,-0.06584353032514756,-0.1503703563924601,-0.2002975084351654,0.15658387419682182,0.2100645135287856,-0.09508006928235062,0.0294326073893359,0.13266962440673383,0.06778356367707043,0.09382829938369629,-0.33702897828743444,-0.204075561329821,-0.1552468307539362,0.1554207520773102,-0.12506493962275636,0.06723996513180282,-0.1014464222196289,-0.11686534390945086,-0.2711825168457836,-0.04215134253676661,0.034775342943256064,-0.05626288490632616,0.30470480206648604,-0.11700367948487032,-0.12952684172003567,0.17225046236692074,-0.43815010370377,-0.21973204829974038,-0.19549230355902902,0.16735823195175523,-0.07117516046571375,-0.16388968697004014,-0.14313512852211907,-0.1021858866337511,0.2631994425289502,0.14560278577410987,-0.12581430956889292,0.140983420363241,0.25268328181717337,-0.3283285533713427,-0.1007905963874368,0.14219362760953452,0.12012154558706101
"UFC di Tengah Pandemi, Sebuah Pelarian yang Tampak Aneh",sport,0.30841012197691386,0.1286310654749277,0.23428884145171186,0.2656980728631128,-0.11793708188888861,0.19596346347141358,0.1379677749092562,-0.06775189391882284,-0.31139964637557,0.06189282136176784,-0.014307655223557805,0.09410892501664257,0.09307975111600321,0.34692880899001305,-0.16978706168088514,-0.17313265254044813,0.09559330401680723,-0.15315595525066872,0.07609573917173455,0.107819775160486,0.14842333147864561,-0.13406086365202827,0.06675066815693788,0.30265902293907115,-0.025669103358816805,-0.16956653475653977,-0.011032486761130384,-0.2978011615056369,-0.26540424469545837,0.11757356567527001,0.04517593707265426,0.20834233539191346,-0.08590720025675622,-0.03483885867584905,-0.01793022412589132,-0.2622976779341345,-0.1401534274468811,0.019596099225927376,-0.09395749588133957,-0.011277469402462938,-0.1433285865732552,0.16020581901706668,0.08310213477725677,-0.16425620220680948,0.09273438513514339,0.26586989114724646,-0.08872222093499413,-0.019290805592856033,0.04654931205507266,-0.25604001817893435,-0.0921783323435438,-0.0638822516993213,0.15864761378654868,-0.006961216629347442,-0.06748161341474633,0.21492683036323063,0.06197305347145934,0.0718432357693153,-0.13787735437168472,-0.03715964144666102,0.019224435821751613,0.11055919629288795,-0.16016573927053143,-0.14029798136141006,0.15111667189396444,-0.15962069204692392,0.0855403459305114,0.022908451082894906,-0.38262454886201175,0.10932782465922242,-0.12971749673396396,-0.04640138549001183,0.036356484152143334,0.00262272608605627,-0.32145049479856164,-0.3620391596881048,-0.11271497122493977,0.256195716978122,0.17734738885506754,0.19699306907775854,0.08589895857384212,-0.04582025831769735,0.09264578859164418,-0.34521428262161813,-0.10448721763647774,-0.023321406217031253,0.004997451905868175,0.03229214932289919,-0.024938356817003543,-0.05001935239292266,-0.04844266956559874,-0.020622900346797337,-0.11512571331702799,-0.15631592876755124,-0.07852961716432492,0.15375366544579266,-0.1624703104755003,-0.17999431484280562,-0.08350497212606094,0.1643402163834892
Chelsea Siap Obral Kepa Arrizabalaga,sport,-0.048111619852741344,0.09716805836047557,0.01970316863089367,0.14903037741600847,-0.33939516776292045,-0.039279396177531636,0.21064012224470888,0.12951342885761055,-0.05658793227819163,-0.0940784723721109,0.2084911407737823,0.3081419807788856,0.2587960413765725,0.1758338716619248,0.11599873532570334,-0.18066390494811058,-0.08921613550936298,-0.2708241716076626,0.06599199657502772,0.14838303119350535,-0.13994991150580266,-0.027852109922213597,0.31636903589225784,0.21362925694459484,0.13335884338455845,-0.27743920375222636,0.0297468453269709,-0.10881111950622913,0.11947732505465794,0.1609899954317137,0.04589196876875323,0.10357884148782463,0.008331877434318352,0.07170937926705445,0.07427399296311955,0.17848436811952378,-0.2826683251476413,0.08399856346180254,-0.07097973946132355,0.13123105361527423,-0.09373635023741027,-0.042527001516472145,0.038019208854655,-0.049740534735509,-0.05238105236678745,0.30789871003184915,0.04307178900014351,0.04379683137462892,0.13725367836426333,0.025312543288969824,-0.3558670532975058,-0.22330315263672937,0.04411416731501522,-0.030134078263639997,0.2403161272147511,-0.055771017851823944,0.02697556377643611,-0.007647845008779466,-0.20151565689460332,-0.233241250606712,0.13409232416655564,0.15070901095759068,-0.0964972959024974,0.07817025608996589,0.1559762975165501,0.06057141307720356,0.06818531017673897,-0.3382885734752293,-0.16750625277947162,-0.1751458043735034,0.11153990392535765,-0.11262452493154873,0.14914636379868618,-0.11186044610126082,-0.1270186516175446,-0.18782528394847017,-0.06964703510715967,-0.007793082212727108,-0.0829208169547425,0.27831135039798355,-0.13896336470208565,-0.1669896075017928,0.17399656031025507,-0.36720558016048044,-0.17187259484951606,-0.24846116912731836,0.18254204668703136,-0.06145130617525042,-0.1604263041358709,-0.09679648345435085,-0.09304978981642457,0.27063577119172916,0.11298004025444124,-0.12347873621051023,0.1274140807677692,0.26121873007749224,-0.3117109995480258,-0.10672208612710546,0.12450803258436063,0.1105918274335034
Resmi! Ini Jadwal Baru Balapan MotoGP 2020,sport,0.21552851692138533,0.04988662215651675,0.04283636781816498,0.25905284116648997,-0.3730818526434711,0.048858766361186266,0.2259730350031181,0.08435622607030537,-0.16232450135182502,0.10989599420727592,-0.03909444271244191,0.1605865910707943,0.26266635050900966,0.38282052411013245,-0.10182571799427953,0.013896449554609289,-0.10425585592652512,-0.08614227672343414,-0.05064168065061429,0.26482638189218655,-0.35728604338656356,-0.009277534025463172,0.20158840595019628,0.2765635039099814,0.07922152684225833,-0.46724354104917537,-0.04049780294071198,-0.19526546942349352,0.16922396761744657,0.2578708872542547,-0.09810928610649733,0.2679254231378638,-0.16945960842371938,-0.014558880568919122,0.14687367320160322,0.17264578307884954,0.0154848593756439,0.09104799675400577,-0.21377736524862131,-0.07428559585883864,-0.19118952789476223,0.17823807593645397,0.30937067695755704,-0.12489626604346753,-0.18773504332118807,0.35977465337453257,0.087983458778814,-0.0013949517786936178,0.015431891418326248,0.10624989017407646,-0.26091145546956096,-0.023202158154415682,0.06754985739739623,-0.0008143560760663748,0.0500297397171023,0.07823623164751373,-0.09287779329941388,0.011020890223229234,-0.45359057725645846,-0.02906672941766163,0.17392215012155554,0.2277231677460641,-0.1995756202573154,-0.08621625540562605,0.2638014865214432,-0.10442520103761357,0.09107903206109483,-0.19596832611351506,-0.3492573906566491,-0.274806441433495,-0.03187571303466715,-0.29133443818741994,0.15685212081205097,0.09416025481345043,-0.29371022234631716,-0.24721303958730015,0.0585064439386674,0.000524967637164056,0.24501862676706332,0.2974495275493306,-0.15655645539151825,-0.205587782627086,0.060955752327769105,-0.1275529165771985,-0.020417222912484646,-0.10757520918861126,0.1323871314989147,-0.2561254849119673,-0.02304078881863924,-0.10357360161184052,-0.041222115427924665,-0.016921449151444428,-0.04459030191203935,-0.24262259657443538,0.20586453857292178,0.39772220385521295,-0.2641504364444049,-0.06716930420848144,0.062458083977888414,0.12216604359391452
"Legenda New York Knicks, Patrick Ewing, Positif Corona",sport,0.32098284490983414,-0.06843745541771218,0.5158746509113266,0.35061657419736186,-0.18880300823551377,0.46979917664030113,0.29584631548991774,-0.052412861374614934,-0.33256250501154666,0.012190956910813955,-0.22220944606606502,0.16932524434920487,-0.09090442363519415,0.23369635743524642,-0.3559509904813588,-0.23922229077190732,0.07841658149845605,-0.22024121660087972,0.2856020141439591,-0.00039764925703242304,0.3800113744813897,-0.20929218048058693,-0.05075473636399408,0.13648603352620234,0.2113682521404562,-0.17472467890197194,-0.20418071592721937,-0.5093158203235097,-0.32421571998489895,-0.016394364174191194,0.11871250672556707,0.4310893466979078,0.03540730867382196,0.09581236802864757,-0.09785025883026657,-0.5438232137461021,-0.12007179764213084,-0.02884501292324777,-0.095614634781437,0.07004180276034641,0.017262345457648418,0.2953949018720917,0.23116035407904684,0.06658024913178473,0.20355221911882432,0.3384084435043887,-0.1423596100715289,-0.00369790976271063,0.016941032074213706,-0.5590551000583188,0.07725424930315104,-0.18783882431579202,0.26623877321745626,0.12053076459292933,-0.13881481311707672,0.24747320928978328,0.07268978766478595,0.08546958274310584,-0.22458777099438126,-0.23536071898572586,0.04937852518552794,0.05655485440895563,-0.2537826346863174,-0.23465138649351616,0.12792113954141027,-0.08218338970443816,0.1809331332117421,0.015173096587518328,-0.5278614362574552,0.1592289817066188,-0.4322285138618738,-0.11786182173924471,-0.029032540876755386,-0.04104509101877177,-0.36677953805666347,-0.44783458901026707,-0.11551656175368931,0.32672127404175194,0.052123305334006005,0.3435118262739418,0.2117052769798637,0.11393724851788115,0.30785802711771104,-0.3623439733774877,-0.1279804398589527,-0.12786351813432087,0.0903998793884175,0.016273890433835356,-0.19268069819713568,0.08170496102558913,-0.19628365323146485,0.1449448443676832,-0.25306106373846693,-0.35572965469022644,-0.17696623392668986,0.047985882963478,-0.24088528931569864,-0.3948454366167652,-0.300060187092805,0.30475161179072663
"Lama di Rumah Saja, Hendra Setiawan Tak Sabar Tanding Lagi",sport,0.022538392955859184,0.012847474797063722,0.000294382832634706,0.250519565183241,-0.2560968803128829,0.14776423025378552,0.17387923235171504,0.19079751372660722,-0.22714294958951572,0.14453941054037595,0.032071906689665815,0.19415483315009624,0.30731897813434383,0.336950427832112,-0.040930422876853376,-0.17359282556354877,-0.08018497232530675,-0.2964641318076332,-0.04498777963116596,0.28195553504601434,-0.02864490753378444,-0.05012890832339118,0.10914350117845381,0.23020621395894075,0.13537233815216299,-0.2700410593142398,-0.1965475296091074,-0.2909050151205714,0.06161171703361616,0.2523726599965316,-0.1511459967919971,0.1928501768720753,-0.2635476593879093,-0.009033477147963124,-0.012575686576022486,0.0020144994277714774,-0.17321644339410744,-0.0005924540409672115,-0.08442331385026655,-0.07587775450522401,-0.2079034031280156,0.06513217993263273,0.28644816214993124,-0.18822895978538198,-0.025554985619693067,0.309903521773843,0.034243804158696906,-0.08360733261828016,0.06876385046710362,0.04406324458301155,-0.3011781063862539,-0.00010849766495411861,-0.060063564376025794,-0.13091721713955365,0.021013583815931842,0.12435991243146183,-0.09438542116472264,0.16722283431478777,-0.43580744025693946,-0.14612098261301734,0.1260598187123476,0.12295130144393777,-0.37886543494351715,-0.36294556546043294,0.27923084430979944,-0.222508093022963,0.1441128601779474,-0.06534933969504468,-0.3764602093051607,-0.09921224739497417,-0.10424567484005352,-0.16034256118280085,-0.016900808275652105,0.09905462219226342,-0.4150656296609645,-0.12809285605510562,-0.01677629001459121,0.05602963419391444,0.24965353057888345,0.2815559127991402,-0.1186253722511752,-0.16186878205729685,0.04850877553127142,-0.18164304735638098,0.13408678335767726,-0.021461536829009524,0.1748160062731287,-0.2317622989056625,0.17954479610465862,-0.06482068398127493,-0.020851350860262297,-0.027456872175448933,-0.1342798339565925,-0.33396797945792295,0.025264227020902166,0.15818807083048542,-0.28702260536412,-0.2176550903549507,-0.08146986827163293,0.10681603119276106
Man City Juarai Piala Liga Inggris 3 Kali Beruntun,sport,0.14403421204768707,0.11821751821178363,0.1403571186669063,0.2944350390611455,-0.5530307929904259,-0.11682886745584155,0.32313968952818944,0.3042006231245868,-0.1715986903342734,-0.05291394777078425,0.30237231938752523,0.4588818438066264,0.2935287105344059,0.2201398090062332,0.10620822529296103,-0.3916121046909082,-0.09413322803264786,-0.08524686635607036,-0.02939618592190947,0.3370909950298402,-0.30176423940083213,-0.1187471286285972,0.1977364803955496,0.21839387449557354,0.04200294970650621,-0.5232107704698408,0.05970274793000801,-0.07820702414307215,0.20726312898032484,0.20846125803457316,0.059442995845495644,0.1893779879550856,-0.10061369497865695,0.13600200223270145,0.09923585862599935,0.24962561884431583,-0.17400541159004104,0.036401924130532975,-0.2754245597040248,0.30407394886099426,0.05564547715005732,-0.06873074052086996,0.22564585575974414,0.07892821522885857,-0.33577158783840494,0.28612175046275595,-0.06219361952267136,-0.1530664342888341,0.22951724565278825,-0.1854351453933988,-0.4035085618526321,-0.35398148518237577,0.03217871421087082,0.003771267507768841,0.2947898624486457,-0.12723235189604482,-0.10209828721824335,-0.20716776959301306,-0.13989019176429185,-0.4239910024385175,0.029979788994635718,0.26743856674617866,-0.08646891219791075,0.08805017297845806,0.2709607585493626,0.22360265508242408,0.11272908921677274,-0.5479585489795215,-0.39815046302839185,-0.38726326572921166,0.2463834215475617,-0.17680445415309265,0.13632746527542794,-0.2287485084960259,0.1031109280900628,-0.2635907853711123,0.0757201644209071,-0.011136975607333273,0.16784324425462335,0.3486499060927179,-0.019145829537398597,-0.17618338266316488,0.04579342055050973,-0.3856317278090581,-0.16117144274419645,-0.26863557354661277,0.0989411786206664,-0.18106655097880658,-0.4035108026931946,-0.4309562062993223,0.03508993872147624,0.1976358877324565,0.1684999092410452,-0.21187138434361,0.08922155727877419,0.4345937662054854,-0.5523161613053227,-0.15660357971245453,0.2323138052229049,0.008199681803273908
Skenario Tercepat Liverpool Kunci Trofi Juara Liga Inggris,sport,0.1631190516763685,0.11391633837791626,0.14051724307548394,0.296750086368735,-0.46971313409597043,-0.06828160711676318,0.31670246646178635,0.24366411094914026,-0.19126111946620156,-0.026138437698415284,0.26483485960241326,0.4061826797059304,0.2513024696579266,0.245910950229462,0.06951203591736599,-0.3240380567649738,-0.05487817920530601,-0.09591764372765524,-0.037313598743511325,0.29869334055845864,-0.21716844615526404,-0.10484406313690986,0.1560177007769376,0.20478774018963036,0.01222792652818197,-0.4745572484147054,0.05090549013671463,-0.08592490972015263,0.1461455755544464,0.1855892615786478,0.03709914517025617,0.21147670485619632,-0.09103933529809743,0.11932333282984844,0.06578229027761341,0.1737789100770293,-0.1720088361545101,0.008498499830620683,-0.23418005075652812,0.2707026290785918,0.04254311004308608,-0.05262575702451694,0.20277995152954714,0.08053886874421175,-0.2702761103963706,0.26725544454256117,-0.08182094756504406,-0.11397402194332937,0.21301551429037527,-0.19944464297567563,-0.3549188294887244,-0.30697472484036337,0.04939577996093027,-0.02212628093245987,0.25571686487999334,-0.09972152368697018,-0.07169089923543721,-0.17187106348022063,-0.11836737566510594,-0.36481329127585643,0.020652951345490906,0.25368247407070976,-0.09045490401234732,0.06127588167631963,0.2327368718875585,0.1863200249983535,0.10922715910061348,-0.444804313789939,-0.3800695770591454,-0.3060891457497844,0.2151814857077597,-0.14716645253156707,0.11155682288740476,-0.19680753386934027,0.04954502957578004,-0.2851730329935106,0.05175972617879011,0.009222738407616499,0.16731068855368744,0.3321140109927395,-0.008592852265391717,-0.14584156123033853,0.04943447353344529,-0.3754298776083944,-0.1316115666111966,-0.2420962331267048,0.08268442805146974,-0.164058165007951,-0.3272034824035719,-0.3829719848250662,0.029619546078489697,0.18224292545267062,0.13144920858829462,-0.1909747906273863,0.06693107099928977,0.3923862883420591,-0.47824367487168884,-0.13047605164247736,0.19630275834381783,0.013678190676754102
Melihat  2 Gol Chelsea yang Dianulir VAR,sport,-0.04587979085238864,0.08648733437799687,0.056213367429863804,0.10797353594726804,-0.317307726864445,0.039423474278787965,0.24363127005479285,0.10087633698192558,-0.08622095136677331,-0.050150374167795,0.20365849983370823,0.29634655279215927,0.21442757506991214,0.16796145010421398,0.04509359360024266,-0.15552649175238742,-0.057541451790772455,-0.25253352375462146,0.04059047762833632,0.08955980954199559,-0.11526495624321069,0.04497288262424223,0.23488852491272688,0.1790824276984188,0.16895571610747548,-0.273831603465193,0.02165011219970745,-0.15806734609961243,0.03469680018425327,0.15898977909622353,0.009185625087262473,0.12359968221798763,-0.010025890932279156,0.02757772431736597,0.08169708344476544,0.1489995322540709,-0.25708881169359665,0.03176287362163361,-0.02723391515815594,0.08420480548096844,-0.06550386107519812,-0.0736840330358746,0.06012017638305793,-0.02238819983575869,-0.06374899403050685,0.2975821481325246,0.030342602471740848,0.01616276923251677,0.15894964012170038,0.003272171453973399,-0.3036136143877718,-0.2041829193148846,0.07069324655593782,-0.016932837019999876,0.2464904699294161,-0.026285803275773206,-0.004594372746095898,-0.004821758242579609,-0.20421781823955149,-0.21177657635559904,0.07976204344274121,0.13368713838353324,-0.08556299054007713,0.06462277941188063,0.14316538522974523,0.061621426394268916,0.023000355225932457,-0.29875865386562156,-0.1699466093518944,-0.13854006201410596,0.09526706991217668,-0.08698600932227814,0.1879876774756447,-0.10666538543133337,-0.13503537073580477,-0.1333410164742005,-0.01800376264539818,-0.0021602073625882428,-0.06398219268985225,0.219538553439162,-0.12000783666657486,-0.2094147424958047,0.155608606752634,-0.27012542288959435,-0.2162070525570791,-0.2727054644367953,0.20093952053965397,-0.04114930928656925,-0.18600662425241773,-0.050263967939419694,-0.039643995722705536,0.2459353147496676,0.07234488927676583,-0.15383937939823086,0.1476812117098072,0.23165653952719198,-0.24410881284860714,-0.17860982483106247,0.12065446397941723,0.08047071830357863
"Olimpiade Berpeluang Ditunda, Praveen Jordan: Demi Keselamatan Bersama",sport,-0.03574197044222516,-0.09528344488008579,0.021254348918225068,0.09360996035712958,-0.33985627180175093,-0.07373311527447725,0.284725157400816,0.11696730424190953,-0.08392394844748212,0.06561818881203453,0.10698865448213837,0.4788017276088414,0.38682140164086787,0.22338578387278982,0.01981042919481051,-0.13918572890099265,-0.14998253120066915,-0.3210338897644029,-0.07988100316999472,0.1978270134496623,-0.28043756517904556,0.03315340186971269,0.38443287260957854,0.3323958242842204,0.2373878625170008,-0.36388969684397804,-0.1373091501332314,-0.09965674377571423,0.336315813498332,0.19029577170443915,-0.047542381771478216,0.40833808947623507,0.06161688935263322,0.02324932699055408,0.12862858553649417,0.17046072321819186,-0.18625019143118868,0.10385538745877661,-0.039388817307430754,-0.01028374885890899,-0.08603881503702694,-0.16571768525177052,0.14878696049719814,-0.12282539187849793,-0.250583307803024,0.3387485867867828,0.0878404260424933,0.11896643581672128,0.163629346346666,0.1779188135014225,-0.4835173482487532,-0.07033675353325308,-0.009228619286325304,0.016831077123705396,0.2671341847162557,-0.04857187173514248,-0.01792093912182149,-0.026098071053442213,-0.41229290527416335,-0.32528833074194224,0.09533817427267964,0.2040801969069946,-0.2765218620672113,-0.04474128325394504,0.19440514263669825,0.02088775846333884,0.030492753019049374,-0.36770037193460847,-0.3176071588319288,-0.2037112934584334,0.07176710085594258,-0.18096429989979382,0.0417601877346599,-0.0541552071782558,-0.17125519369589995,-0.16462290896163242,-0.1958239639244442,0.03476188782067159,-0.023917013852941656,0.24988669787939943,-0.085430055197008,-0.24868331932217078,0.11367478727184462,-0.3516026740175562,-0.15046670250510868,-0.41592664754983044,0.2322720909540737,-0.10699599148939666,-0.09841381550541313,-0.11268144448621513,-0.1337863142417106,0.2750879695377443,-0.017182905261362683,-0.27414865936496063,0.1600747417529556,0.25982144647144995,-0.4555624943649694,-0.2834218245316249,-0.03164983824121572,0.18576303663198365
